{"type":"FeatureCollection", "features": [
{"type":"Feature","geometry":{"type":"MultiPolygon","coordinates":[[[[93.84020996100008,7.239196777000075],[93.80181884800004,7.231201172000056],[93.80322265600006,7.215026855000076],[93.76739502000004,7.206787109000061],[93.74682617200006,7.211425781000059],[93.72521972700008,7.187194824000073],[93.68359375000006,7.191589355000076],[93.66900634800004,7.178833008000026],[93.66900634800004,7.140625],[93.64923095700004,7.128417969000054],[93.65423584000007,7.084411621000072],[93.66363525400004,7.078186035000044],[93.66180419900007,7.039001465000069],[93.67321777300003,7.015625],[93.68658447300004,7.015625],[93.72021484400005,6.990417480000076],[93.74041748000008,6.962585449000073],[93.74682617200006,6.929199219000054],[93.74499511700009,6.907226562000062],[93.77258300800008,6.889038086000028],[93.76739502000004,6.874633789000029],[93.78259277300003,6.833007812000062],[93.81518554700006,6.789184570000032],[93.80279541000004,6.766418457000043],[93.83319091800007,6.753601074000073],[93.84423828100006,6.777404785000044],[93.84881591800007,6.81140136700003],[93.86340332000003,6.814392090000069],[93.88519287100007,6.794982910000044],[93.90722656200006,6.833435059000067],[93.890625,6.843994141000053],[93.89843750000006,6.874023437000062],[93.89300537100007,6.900634766000053],[93.91162109400005,6.910827637000068],[93.90600585900006,6.925842285000044],[93.91601562500006,6.94561767600004],[93.93438720700004,6.960021973000039],[93.92761230500008,6.981384277000075],[93.91259765600006,6.991638184000067],[93.92639160200008,7.025817871000072],[93.91339111300005,7.026184082000043],[93.90081787100007,7.078613281000059],[93.88342285200008,7.08819580100004],[93.88403320300006,7.120239258000026],[93.87182617200006,7.170837402000075],[93.87023925800008,7.20202636700003],[93.86041259800004,7.215637207000043],[93.84240722700008,7.213806152000075],[93.84020996100008,7.239196777000075]]],[[[93.70300293000008,7.444030762000068],[93.69720459000007,7.406005859000061],[93.67419433600008,7.387634277000075],[93.65319824200009,7.381042480000076],[93.62219238300008,7.36022949200003],[93.62762451200007,7.320983887000068],[93.62042236300005,7.304016113000046],[93.62622070300006,7.284423828000058],[93.61999511700009,7.268188477000024],[93.64044189500004,7.242431641000053],[93.66003418000008,7.257629395000038],[93.67041015600006,7.285034180000025],[93.69824218700006,7.30499267600004],[93.71643066400009,7.310791016000053],[93.74658203100006,7.374633789000029],[93.71179199200009,7.402832031000059],[93.71099853500004,7.42999267600004],[93.70300293000008,7.444030762000068]]],[[[93.37438964800003,8.02001953100006],[93.34942627000004,8.007385254000042],[93.32702636700003,8.009033203000058],[93.31738281200006,7.976806641000053],[93.30401611300005,7.959411621000072],[93.31579589800003,7.927185059000067],[93.34661865200007,7.959411621000072],[93.35198974600007,7.931640625000057],[93.33520507800006,7.917419434000067],[93.34423828100006,7.891784668000071],[93.37042236300005,7.881835937000062],[93.38879394500003,7.900024414000029],[93.41864013700007,7.906188965000069],[93.43402099600007,7.898986816000047],[93.45361328100006,7.871826172000056],[93.46722412100007,7.892028809000067],[93.45404052700007,7.934814453000058],[93.42883300800008,7.955017090000069],[93.40679931600005,7.958984375000057],[93.39538574200003,7.976013184000067],[93.40319824200003,8.007629395000038],[93.37438964800003,8.02001953100006]]],[[[93.53979492200006,8.026428223000039],[93.52801513700007,8.023437500000057],[93.51519775400004,7.991210937000062],[93.50158691400009,7.984191895000038],[93.56640625000006,7.930786133000026],[93.57421875000006,7.939636230000076],[93.57562255900007,7.992187500000057],[93.55761718700006,8.02319335900006],[93.53979492200006,8.026428223000039]]],[[[93.51440429700006,8.233398437000062],[93.48699951200007,8.221435547000056],[93.48260498000008,8.195190430000025],[93.45263671900005,8.178405762000068],[93.44921875000006,8.144592285000044],[93.45843505900007,8.109008789000029],[93.48461914100005,8.061584473000039],[93.51379394500003,8.085021973000039],[93.52539062500006,8.06921386700003],[93.51239013700007,8.046020508000026],[93.49401855500008,8.038391113000046],[93.47918701200007,8.043395996000072],[93.48498535200008,8.001037598000039],[93.49841308600008,7.999389648000033],[93.50018310500008,8.034423828000058],[93.54162597700008,8.035583496000072],[93.54321289100005,8.079223633000026],[93.52459716800007,8.095825195000032],[93.51739502000004,8.11804199200003],[93.49481201200007,8.14678955100004],[93.50299072300004,8.170837402000075],[93.51660156200006,8.173400879000042],[93.53784179700006,8.197387695000032],[93.53698730500008,8.226806641000053],[93.51440429700006,8.233398437000062]]],[[[93.23199462900004,8.222839355000076],[93.24218750000006,8.241210937000062],[93.22979736300005,8.263793945000032],[93.21362304700006,8.24658203100006],[93.23199462900004,8.222839355000076]]],[[[93.11981201200007,8.354797363000046],[93.08880615200007,8.338989258000026],[93.07739257800006,8.28100585900006],[93.09698486300005,8.243225098000039],[93.11523437500006,8.223388672000056],[93.18139648400006,8.193420410000044],[93.19781494100005,8.21179199200003],[93.18780517600004,8.22381591800007],[93.14984130900007,8.241027832000043],[93.12438964800003,8.266418457000043],[93.11840820300006,8.281616211000028],[93.13543701200007,8.346801758000026],[93.11981201200007,8.354797363000046]]],[[[92.79382324200003,9.238830566000047],[92.78222656200006,9.24920654300007],[92.76660156200006,9.215209961000028],[92.73583984400005,9.215209961000028],[92.72039794900007,9.208801270000038],[92.71899414100005,9.153442383000026],[92.73101806600005,9.125],[92.76879882800006,9.128234863000046],[92.80340576200007,9.12139892600004],[92.82958984400005,9.139404297000056],[92.83142089800003,9.169006348000039],[92.81500244100005,9.218200684000067],[92.79382324200003,9.238830566000047]]],[[[92.52001953100006,10.896606445000032],[92.49560546900005,10.88842773400006],[92.48242187500006,10.869812012000068],[92.46063232400007,10.859619141000053],[92.45281982400007,10.838012695000032],[92.43121337900004,10.817199707000043],[92.42584228500004,10.800598145000038],[92.40020752000004,10.77783203100006],[92.38122558600008,10.76983642600004],[92.38684082000003,10.720031738000046],[92.38800048800005,10.668212891000053],[92.39959716800007,10.666992187000062],[92.41400146500007,10.643188477000024],[92.42321777300003,10.61163330100004],[92.41259765600006,10.58123779300007],[92.38598632800006,10.541015625000057],[92.40441894500003,10.53118896500007],[92.42224121100008,10.548400879000042],[92.45520019500003,10.543212891000053],[92.48443603500004,10.518188477000024],[92.50183105500008,10.511840820000032],[92.53442382800006,10.519226074000073],[92.55023193400007,10.554016113000046],[92.57159423800005,10.576782227000024],[92.54418945300006,10.593811035000044],[92.54223632800006,10.609191895000038],[92.55523681600005,10.638793945000032],[92.57263183600008,10.653015137000068],[92.57879638700007,10.669982910000044],[92.59942627000004,10.67803955100004],[92.60083007800006,10.703002930000025],[92.58599853500004,10.739807129000042],[92.58959960900006,10.786193848000039],[92.56518554700006,10.808593750000057],[92.56201171900005,10.861389160000044],[92.52001953100006,10.896606445000032]]],[[[92.63861084000007,11.510803223000039],[92.62042236300005,11.490600586000028],[92.61303710900006,11.457031250000057],[92.62701416000004,11.442199707000043],[92.61999511700003,11.39959716800007],[92.59063720700004,11.397583008000026],[92.59460449200003,11.384033203000058],[92.58319091800007,11.367431641000053],[92.59680175800008,11.346984863000046],[92.64044189500004,11.345397949000073],[92.69158935500008,11.368408203000058],[92.69219970700004,11.383605957000043],[92.66778564500004,11.393005371000072],[92.65661621100008,11.40600585900006],[92.68701171900005,11.43139648400006],[92.67962646500007,11.468994141000053],[92.67083740200007,11.487792969000054],[92.65600585900006,11.488830566000047],[92.63861084000007,11.510803223000039]]],[[[92.21722412100007,11.593383789000029],[92.20764160200008,11.546386719000054],[92.21398925800008,11.531616211000028],[92.23602294900007,11.523986816000047],[92.27099609400005,11.521606445000032],[92.27124023400006,11.583801270000038],[92.21722412100007,11.593383789000029]]],[[[92.54199218700006,11.60241699200003],[92.53399658200004,11.570434570000032],[92.55578613300008,11.560607910000044],[92.56341552700007,11.576782227000024],[92.54199218700006,11.60241699200003]]],[[[93.01879882800006,11.84460449200003],[93.01458740200007,11.83782959000007],[93.04663085900006,11.81298828100006],[93.06060791000004,11.813781738000046],[93.07342529300007,11.834411621000072],[93.06500244100005,11.843017578000058],[93.03259277300003,11.835388184000067],[93.01879882800006,11.84460449200003]]],[[[92.96942138700007,12.039794922000056],[92.94824218700006,12.008789062000062],[92.93078613300008,12.004638672000056],[92.93542480500008,11.984191895000038],[92.96282959000007,11.979187012000068],[92.97039794900007,11.955200195000032],[93.00244140600006,11.935607910000044],[93.02484130900007,11.89959716800007],[93.04760742200006,11.883789062000062],[93.05578613300008,11.901611328000058],[93.03863525400004,11.946594238000046],[93.00842285200008,12.000793457000043],[93.01159668000008,12.013793945000032],[92.99841308600008,12.036193848000039],[92.96942138700007,12.039794922000056]]],[[[92.96783447300004,12.109436035000044],[92.95941162100007,12.067993164000029],[92.98101806600005,12.04858398400006],[93.00762939500004,12.046203613000046],[93.00299072300004,12.08319091800007],[93.00701904300007,12.103393555000025],[92.96783447300004,12.109436035000044]]],[[[92.99023437500006,12.158630371000072],[92.95520019500003,12.146606445000032],[92.96203613300008,12.115417480000076],[93.00579834000007,12.110595703000058],[93.00183105500008,12.145812988000046],[92.99023437500006,12.158630371000072]]],[[[93.02880859400005,12.143981934000067],[93.01239013700007,12.148803711000028],[93.00543212900004,12.12298584000007],[93.00939941400009,12.076782227000024],[93.02661132800006,12.070434570000032],[93.04223632800006,12.046020508000026],[93.05480957000003,12.063781738000046],[93.03741455100004,12.093811035000044],[93.02880859400005,12.143981934000067]]],[[[93.07061767600004,12.210205078000058],[93.05920410200008,12.192810059000067],[93.03918457000003,12.136596680000025],[93.06738281200006,12.120788574000073],[93.05963134800004,12.108215332000043],[93.07122802700007,12.087585449000073],[93.09179687500006,12.09564209000007],[93.08459472700008,12.122619629000042],[93.09222412100007,12.140014648000033],[93.08581543000008,12.155395508000026],[93.08758544900007,12.191040039000029],[93.07061767600004,12.210205078000058]]],[[[92.69903564500004,12.237609863000046],[92.67138671900005,12.204406738000046],[92.65838623000008,12.202392578000058],[92.64703369100005,12.176391602000024],[92.63018798800005,12.110412598000039],[92.62219238300008,12.062011719000054],[92.62780761700003,12.057983398000033],[92.61541748000008,11.998596191000047],[92.61163330100004,11.92803955100004],[92.61840820300006,11.92303466800007],[92.60021972700008,11.86999511700003],[92.58660888700007,11.870605469000054],[92.58282470700004,11.913635254000042],[92.56262207000003,11.934631348000039],[92.54541015600006,11.92181396500007],[92.53039550800008,11.894226074000073],[92.52978515600006,11.874389648000033],[92.51739502000004,11.848632812000062],[92.53259277300003,11.83642578100006],[92.55358886700003,11.849426270000038],[92.55718994100005,11.77459716800007],[92.55480957000003,11.718200684000067],[92.57458496100008,11.697998047000056],[92.57702636700003,11.73022460900006],[92.59222412100007,11.733642578000058],[92.60119628900009,11.690185547000056],[92.59399414100005,11.669433594000054],[92.61358642600004,11.635986328000058],[92.63360595700004,11.627990723000039],[92.62603759800004,11.61181640600006],[92.60803222700008,11.606018066000047],[92.62261962900004,11.575012207000043],[92.65179443400007,11.570983887000068],[92.65679931600005,11.548828125000057],[92.64801025400004,11.522399902000075],[92.66601562500006,11.505187988000046],[92.70239257800006,11.508422852000024],[92.70898437500006,11.48522949200003],[92.72863769500003,11.516235352000024],[92.72558593700006,11.531616211000028],[92.73602294900007,11.551208496000072],[92.75500488300008,11.611206055000025],[92.75842285200008,11.662841797000056],[92.72943115200007,11.67858886700003],[92.71179199200003,11.64959716800007],[92.69580078100006,11.63720703100006],[92.68859863300008,11.612609863000046],[92.66961669900007,11.634216309000067],[92.66540527300003,11.655395508000026],[92.70678710900006,11.667785645000038],[92.70440673800005,11.69421386700003],[92.72119140600006,11.702819824000073],[92.74719238300008,11.691589355000076],[92.75640869100005,11.716430664000029],[92.77160644500003,11.797607422000056],[92.78979492200006,11.872192383000026],[92.78100585900006,11.89178466800007],[92.78881835900006,11.914611816000047],[92.78582763700007,11.933227539000029],[92.76599121100008,11.938598633000026],[92.74841308600008,11.930786133000026],[92.73400878900009,11.851989746000072],[92.72100830100004,11.874389648000033],[92.69641113300008,11.89819335900006],[92.71600341800007,11.901428223000039],[92.71063232400007,11.92822265600006],[92.71679687500006,11.956604004000042],[92.71282959000007,11.97100830100004],[92.73101806600005,12.002197266000053],[92.73840332000003,12.03881835900006],[92.76422119100005,12.018188477000024],[92.77661132800006,12.02124023400006],[92.78521728500004,12.044433594000054],[92.76361084000007,12.05322265600006],[92.73699951200007,12.082031250000057],[92.75939941400009,12.174804687000062],[92.73364257800006,12.180236816000047],[92.70239257800006,12.160034180000025],[92.71221923800005,12.209594727000024],[92.69903564500004,12.237609863000046]]],[[[92.73681640600006,12.238830566000047],[92.72381591800007,12.232604980000076],[92.72363281200006,12.195983887000068],[92.74981689500004,12.179016113000046],[92.76660156200006,12.187622070000032],[92.76403808600008,12.226013184000067],[92.73681640600006,12.238830566000047]]],[[[92.90258789100005,12.254638672000056],[92.87261962900004,12.244201660000044],[92.88061523400006,12.20678710900006],[92.91662597700008,12.229431152000075],[92.90258789100005,12.254638672000056]]],[[[92.71258544900007,12.296020508000026],[92.70159912100007,12.273010254000042],[92.71362304700006,12.239013672000056],[92.72540283200004,12.294189453000058],[92.71258544900007,12.296020508000026]]],[[[92.91503906200006,12.290588379000042],[92.90600585900006,12.275390625000057],[92.93121337900004,12.256591797000056],[92.94299316400009,12.272033691000047],[92.91503906200006,12.290588379000042]]],[[[92.85479736300005,12.28881835900006],[92.81280517600004,12.312011719000054],[92.79821777300003,12.302185059000067],[92.77398681600005,12.311828613000046],[92.78698730500008,12.278015137000068],[92.78918457000003,12.27923584000007],[92.78698730500008,12.278015137000068],[92.78179931600005,12.272216797000056],[92.75500488300008,12.272399902000075],[92.74401855500008,12.244384766000053],[92.74920654300007,12.233825684000067],[92.77239990200007,12.23663330100004],[92.77160644500003,12.18280029300007],[92.76239013700007,12.14483642600004],[92.74060058600008,12.097229004000042],[92.74200439500004,12.07843017600004],[92.76641845700004,12.062622070000032],[92.79901123000008,12.084411621000072],[92.81799316400009,12.107421875000057],[92.81420898400006,12.126403809000067],[92.83758544900007,12.165588379000042],[92.85778808600008,12.156799316000047],[92.86022949200003,12.184204102000024],[92.87701416000004,12.204406738000046],[92.86083984400005,12.245788574000073],[92.86444091800007,12.258239746000072],[92.86639404300007,12.259399414000029],[92.88043212900004,12.250183105000076],[92.89398193400007,12.26483154300007],[92.87658691400009,12.27978515600006],[92.86639404300007,12.28601074200003],[92.85479736300005,12.28881835900006],[92.85699462900004,12.286804199000073],[92.85418701200007,12.285583496000072],[92.85479736300005,12.28881835900006]]],[[[92.86639404300007,12.33178710900006],[92.85919189500004,12.333984375000057],[92.86358642600004,12.318786621000072],[92.86401367200006,12.319396973000039],[92.86358642600004,12.318786621000072],[92.86639404300007,12.33178710900006],[92.86621093700006,12.33178710900006],[92.86401367200006,12.332214355000076],[92.86621093700006,12.33178710900006],[92.86639404300007,12.33178710900006]]],[[[92.95739746100008,12.426818848000039],[92.93139648400006,12.41241455100004],[92.92962646500007,12.385437012000068],[92.92083740200007,12.374633789000029],[92.93420410200008,12.358032227000024],[92.94702148400006,12.404418945000032],[92.95739746100008,12.426818848000039]]],[[[92.71124267600004,12.82861328100006],[92.69738769500003,12.792236328000058],[92.71398925800008,12.775817871000072],[92.71124267600004,12.82861328100006]]],[[[92.93023681600005,12.48858642600004],[92.96862793000008,12.499389648000033],[92.96459960900006,12.52001953100006],[92.97680664100005,12.53900146500007],[92.95941162100007,12.596618652000075],[92.94500732400007,12.61999511700003],[92.95941162100007,12.639038086000028],[92.97021484400005,12.718200684000067],[92.96362304700006,12.75244140600006],[92.93438720700004,12.770629883000026],[92.95520019500003,12.806640625000057],[92.93499755900007,12.81921386700003],[92.94042968700006,12.842407227000024],[92.92980957000003,12.857238770000038],[92.92742919900007,12.882202148000033],[92.91259765600006,12.901794434000067],[92.87298584000007,12.888183594000054],[92.84460449200003,12.873596191000047],[92.82379150400004,12.89483642600004],[92.79339599600007,12.88861084000007],[92.79559326200007,12.86218261700003],[92.78381347700008,12.83959960900006],[92.75482177700007,12.843811035000044],[92.72479248000008,12.823791504000042],[92.72283935500008,12.79663085900006],[92.74023437500006,12.793395996000072],[92.74060058600008,12.794189453000058],[92.74078369100005,12.79382324200003],[92.74060058600008,12.794189453000058],[92.74023437500006,12.793395996000072],[92.73840332000003,12.78741455100004],[92.72259521500007,12.78741455100004],[92.73260498000008,12.752990723000039],[92.74279785200008,12.737792969000054],[92.74139404300007,12.702819824000073],[92.73120117200006,12.696228027000075],[92.73822021500007,12.671386719000054],[92.77099609400005,12.671203613000046],[92.78582763700007,12.691223145000038],[92.79840087900004,12.677795410000044],[92.77941894500003,12.665588379000042],[92.74621582000003,12.666381836000028],[92.73822021500007,12.637390137000068],[92.71679687500006,12.631591797000056],[92.70123291000004,12.598999023000033],[92.70983886700003,12.592590332000043],[92.70739746100008,12.543029785000044],[92.70159912100007,12.513793945000032],[92.71099853500004,12.491821289000029],[92.70361328100006,12.46923828100006],[92.70843505900007,12.450195312000062],[92.70098877000004,12.424804687000062],[92.70318603500004,12.332397461000028],[92.72283935500008,12.298828125000057],[92.75,12.299438477000024],[92.77362060500008,12.317382812000062],[92.77319335900006,12.326599121000072],[92.78424072300004,12.317199707000043],[92.79663085900006,12.30499267600004],[92.81262207000003,12.31439209000007],[92.83483886700003,12.30163574200003],[92.86279296900005,12.317810059000067],[92.85919189500004,12.333984375000057],[92.85443115200007,12.341186523000033],[92.85260009800004,12.341796875000057],[92.85443115200007,12.341186523000033],[92.86718750000006,12.335205078000058],[92.88800048800005,12.342407227000024],[92.88641357400007,12.355590820000032],[92.84680175800008,12.362792969000054],[92.84838867200006,12.38079834000007],[92.83758544900007,12.390625],[92.82781982400007,12.393005371000072],[92.82702636700003,12.394226074000073],[92.82458496100008,12.390808105000076],[92.82482910200008,12.390441895000038],[92.82458496100008,12.390808105000076],[92.82702636700003,12.394226074000073],[92.82781982400007,12.393005371000072],[92.84283447300004,12.405395508000026],[92.81939697300004,12.421386719000054],[92.80682373000008,12.43743896500007],[92.79302978500004,12.435607910000044],[92.79223632800006,12.434387207000043],[92.79302978500004,12.435607910000044],[92.79418945300006,12.458801270000038],[92.78363037100007,12.468200684000067],[92.80242919900007,12.462585449000073],[92.79840087900004,12.44580078100006],[92.81182861300005,12.434997559000067],[92.86639404300007,12.425231934000067],[92.87780761700003,12.413024902000075],[92.89538574200003,12.423400879000042],[92.89160156200006,12.429199219000054],[92.83563232400007,12.468994141000053],[92.82818603500004,12.471801758000026],[92.83941650400004,12.478027344000054],[92.87121582000003,12.444824219000054],[92.88159179700006,12.466186523000033],[92.88220214800003,12.466430664000029],[92.88159179700006,12.466186523000033],[92.89739990200007,12.437011719000054],[92.89843750000006,12.434997559000067],[92.89819335900006,12.435791016000053],[92.89923095700004,12.436584473000039],[92.89819335900006,12.435791016000053],[92.89843750000006,12.434997559000067],[92.89739990200007,12.437011719000054],[92.91119384800004,12.43939209000007],[92.91662597700008,12.448791504000042],[92.91638183600008,12.447631836000028],[92.91558837900004,12.448608398000033],[92.91638183600008,12.447631836000028],[92.91662597700008,12.448791504000042],[92.91662597700008,12.475036621000072],[92.92199707000003,12.475402832000043],[92.93023681600005,12.48858642600004]]],[[[92.71179199200003,12.978637695000032],[92.69299316400009,12.990234375000057],[92.67480468700006,12.967590332000043],[92.68164062500006,12.944641113000046],[92.66741943400007,12.900390625000057],[92.66699218700006,12.880432129000042],[92.65142822300004,12.858642578000058],[92.66839599600007,12.804199219000054],[92.69079589800003,12.81561279300007],[92.72161865200007,12.874023437000062],[92.70520019500003,12.876586914000029],[92.72100830100004,12.880004883000026],[92.72479248000008,12.90319824200003],[92.72198486300005,12.960388184000067],[92.71179199200003,12.978637695000032]]],[[[93.04663085900006,13.358032227000024],[93.05621337900004,13.328002930000025],[93.07299804700006,13.321594238000046],[93.08099365200007,13.33978271500007],[93.06378173800005,13.359802246000072],[93.04663085900006,13.358032227000024]]],[[[92.99359130900007,13.434814453000058],[93.03479003900009,13.431640625000057],[93.03442382800006,13.463439941000047],[93.04479980500008,13.503601074000073],[93.04364013700007,13.531616211000028],[93.02844238300008,13.574035645000038],[93.00781250000006,13.552429199000073],[92.98999023400006,13.566589355000076],[92.96862793000008,13.542602539000029],[92.91778564500004,13.531799316000047],[92.93603515600006,13.49603271500007],[92.90759277300003,13.495605469000054],[92.90283203100006,13.476440430000025],[92.87963867200006,13.473205566000047],[92.88659668000008,13.430419922000056],[92.87060546900005,13.417785645000038],[92.90161132800006,13.401794434000067],[92.88562011700003,13.393615723000039],[92.85162353500004,13.410217285000044],[92.82922363300008,13.328186035000044],[92.83538818400007,13.304016113000046],[92.82519531200006,13.276000977000024],[92.85180664100005,13.242797852000024],[92.85778808600008,13.218994141000053],[92.85241699200003,13.23803710900006],[92.82983398400006,13.23522949200003],[92.83538818400007,13.213012695000032],[92.82080078100006,13.183410645000038],[92.84100341800007,13.164184570000032],[92.84698486300005,13.161621094000054],[92.85162353500004,13.161437988000046],[92.84698486300005,13.161621094000054],[92.84100341800007,13.164184570000032],[92.81622314500004,13.166625977000024],[92.82360839800003,13.143798828000058],[92.81420898400006,13.124023437000062],[92.81121826200007,13.07080078100006],[92.79479980500008,13.051025391000053],[92.79138183600008,13.016418457000043],[92.81481933600008,12.996826172000056],[92.81683349600007,12.983215332000043],[92.79522705100004,12.978393555000025],[92.80200195300006,12.949584961000028],[92.79559326200007,12.925598145000038],[92.80383300800008,12.898620605000076],[92.83020019500003,12.89483642600004],[92.84362793000008,12.876403809000067],[92.87243652300003,12.881225586000028],[92.87243652300003,12.907836914000029],[92.86163330100004,12.916198730000076],[92.84759521500007,12.952392578000058],[92.87139892600004,12.932983398000033],[92.88519287100007,12.977783203000058],[92.90802002000004,12.979431152000075],[92.92022705100004,12.959594727000024],[92.93981933600008,12.973999023000033],[92.90863037100007,12.997009277000075],[92.90502929700006,13.018981934000067],[92.91699218700006,13.045593262000068],[92.89941406200006,13.056640625000057],[92.88958740200007,13.042785645000038],[92.86639404300007,13.057617187000062],[92.85839843700006,13.076599121000072],[92.86761474600007,13.05780029300007],[92.88763427700007,13.044433594000054],[92.91943359400005,13.06561279300007],[92.93780517600004,13.06298828100006],[92.94000244100005,13.106994629000042],[92.94219970700004,13.088989258000026],[92.94342041000004,13.08679199200003],[92.94580078100006,13.08782959000007],[92.94342041000004,13.08679199200003],[92.94219970700004,13.088989258000026],[92.94158935500008,13.077209473000039],[92.94421386700003,13.077209473000039],[92.94158935500008,13.077209473000039],[92.95782470700004,13.07080078100006],[92.94421386700003,13.061584473000039],[92.93878173800005,13.03741455100004],[92.96258544900007,13.014221191000047],[93.02258300800008,13.049011230000076],[93.03643798800005,13.08038330100004],[93.03259277300003,13.127624512000068],[93.03900146500007,13.139404297000056],[93.03424072300004,13.175842285000044],[93.05780029300007,13.231201172000056],[93.04119873000008,13.279418945000032],[93.02679443400007,13.274841309000067],[93.01019287100007,13.291625977000024],[92.99182128900009,13.28601074200003],[92.99981689500004,13.311584473000039],[92.95880127000004,13.333618164000029],[92.95318603500004,13.36022949200003],[92.96783447300004,13.359008789000029],[92.99139404300007,13.34100341800007],[93.00579834000007,13.353027344000054],[93.04302978500004,13.351623535000044],[93.03881835900006,13.37139892600004],[93.05261230500008,13.384399414000029],[93.05102539100005,13.402221680000025],[93.03063964800003,13.427185059000067],[93.00799560500008,13.430236816000047],[92.99279785200008,13.42498779300007],[92.99243164100005,13.426025391000053],[92.99279785200008,13.42498779300007],[92.99359130900007,13.434814453000058],[92.99499511700003,13.436584473000039],[92.99359130900007,13.434814453000058]]],[[[93.01763916000004,13.671020508000026],[93.00158691400009,13.650817871000072],[93.03399658200004,13.632629395000038],[93.01763916000004,13.671020508000026]]],[[[94.79134909200008,13.989447384000073],[91.69804978500008,13.989447384000073],[91.69804978500008,5.756512304000069],[94.79134909200008,5.756512304000069],[94.79134909200008,13.989447384000073]],[[93.01182345500007,13.664696441000046],[93.01153404700005,13.648114930000077],[92.98549570300008,13.644409180000025],[92.98628916000007,13.661987305000025],[93.01182345500007,13.664696441000046]],[[93.02835211600006,13.574081071000023],[93.04372852500006,13.531669244000057],[93.04488686100007,13.503551868000045],[93.03451232000003,13.463393366000048],[93.03888036500007,13.413287424000032],[93.05440516100003,13.388675361000026],[93.02753271100005,13.347325868000041],[93.00583976100006,13.352927344000022],[92.99147425300004,13.340938575000052],[92.97386664300006,13.345739019000064],[92.95890127000007,13.333692567000071],[92.99991689500007,13.311584473000039],[93.00976568900006,13.319476235000025],[93.01843261700003,13.276894434000042],[93.06009042200009,13.258384387000035],[93.05787100400005,13.231130461000078],[93.03431492600004,13.175911257000053],[93.03907773000003,13.139468976000046],[93.03268768900006,13.127586945000076],[93.03732429300004,13.089026397000055],[93.02237116700007,13.04891544700007],[93.00788321100003,13.029958586000078],[92.96972307600004,13.018211314000041],[92.93871369300007,13.037341272000049],[92.94360351600005,13.063132422000024],[92.92233013800006,13.057156322000026],[92.90707164700007,13.026370142000076],[92.90488515600003,13.005401851000045],[92.93047915800008,12.984353850000048],[92.93621826200007,12.965903418000039],[92.91048791800006,12.94937244600004],[92.90792258100004,12.97940866600004],[92.88520723100004,12.982135970000058],[92.87138372000004,12.932884561000037],[92.85732715800003,12.912788764000027],[92.87438964800003,12.881491797000024],[92.84423828100006,12.875510352000049],[92.82834566500009,12.894159768000065],[92.80429113200006,12.897358866000047],[92.79628937700005,12.91262056000005],[92.80291087100005,12.944384231000072],[92.79985575500007,12.969003524000073],[92.81485632800008,12.99692617200003],[92.79128183600005,13.016418457000043],[92.79676435100004,13.028529207000076],[92.79740963900008,13.089516504000073],[92.82043457000003,13.097939355000051],[92.81419759500005,13.125710352000056],[92.82580566400009,13.133095605000051],[92.81551279300004,13.152228166000043],[92.82973398400009,13.23522949200003],[92.85019451500006,13.237099512000043],[92.82710947300006,13.286093848000064],[92.82914736800006,13.328250714000035],[92.83669199200006,13.336770028000046],[92.84750158200006,13.407627885000068],[92.86568000200003,13.400269526000045],[92.88649668000005,13.430419922000056],[92.87831796900008,13.458468392000043],[92.88201904300007,13.474282129000073],[92.90273203100008,13.476481851000074],[92.90753277300007,13.495685469000023],[92.92313466800005,13.495788574000073],[92.92989267600007,13.518948601000034],[92.91769620200006,13.531844037000042],[92.96862793000008,13.54270253900006],[92.98989023400009,13.566605583000069],[93.00789442300004,13.552486545000022],[93.02835211600006,13.574081071000023]],[[93.05409921900008,13.377990723000039],[93.08096424300004,13.339878293000027],[93.07334218700004,13.321980063000069],[93.05620595700003,13.327868930000022],[93.04057100100005,13.37192465000004],[93.05409921900008,13.377990723000039]],[[92.89870371100005,12.921420731000069],[92.92752919900005,12.882202148000033],[92.94112314500006,12.852516992000062],[92.95107956600003,12.792987879000066],[92.93492435500008,12.776396703000046],[92.96371496100005,12.752480798000022],[92.97074209000004,12.737792969000054],[92.95951162100005,12.63901287400006],[92.94508348200009,12.620071275000043],[92.95951162100005,12.596618652000075],[92.96152578100003,12.575415846000055],[92.97690664100008,12.53900146500007],[92.96466554900007,12.519919531000028],[92.96862793000008,12.499489648000065],[92.95016875600004,12.498129980000044],[92.93290029300005,12.478937966000046],[92.94964496100005,12.461345781000034],[92.94370351600008,12.448791504000042],[92.92102050800008,12.43991933600006],[92.91132720800005,12.41880324400006],[92.86636748700005,12.425131934000035],[92.83073887800003,12.42225929500006],[92.89180827500007,12.323525293000046],[92.83446123500005,12.30130477800003],[92.81027503200005,12.31368173800007],[92.77372060500005,12.316223145000038],[92.75003027800005,12.299338477000049],[92.72288126100005,12.298737329000062],[92.70308603500007,12.332386072000077],[92.70088987600008,12.424819521000074],[92.70833203600006,12.450200524000024],[92.70351810800008,12.469276699000034],[92.71089853500007,12.491797682000026],[92.70131601600008,12.517028809000067],[92.71193613300005,12.558593750000057],[92.70368399200004,12.598928312000055],[92.71759033200004,12.641701562000037],[92.74802297900004,12.666718825000032],[92.77950095800009,12.665645597000037],[92.80153574200006,12.658253125000044],[92.79549326200004,12.685424805000025],[92.771038,12.67111281700005],[92.73814950400003,12.671316008000076],[92.73242187500006,12.697487695000063],[92.74130721900008,12.70277021000004],[92.74269785200005,12.729572836000045],[92.72249521500004,12.788024902000075],[92.72469248000004,12.823791504000042],[92.75647237900006,12.84706195900003],[92.78292112600008,12.850417666000055],[92.79443359400005,12.861122949000048],[92.79293400200004,12.887178296000059],[92.82379150400004,12.894936426000072],[92.84460970400005,12.873699214000055],[92.87691416000007,12.880222299000025],[92.89870371100005,12.897175375000074],[92.89870371100005,12.921420731000069]],[[92.95571476400005,12.432035571000029],[92.96109853500008,12.416381836000028],[92.94710366900006,12.404359709000062],[92.93490692100005,12.359397960000024],[92.92073740200004,12.374633789000029],[92.92751652200008,12.40286076600006],[92.95571476400005,12.432035571000029]],[[92.88491188500007,12.387150834000067],[92.86331671700003,12.379344531000072],[92.84572519500006,12.401428223000039],[92.87520047000004,12.404883637000069],[92.88491188500007,12.387150834000067]],[[93.07783718900004,12.204505219000055],[93.09153066400006,12.173400879000042],[93.08591543000006,12.155295508000052],[93.09706112800006,12.144656964000035],[93.08446781800006,12.121117940000033],[93.08576581600005,12.086705168000037],[93.06151376200006,12.101369719000047],[93.06510234200005,12.116876759000036],[93.03908457000006,12.136596680000025],[93.05912217900004,12.192867405000072],[93.07783718900004,12.204505219000055]],[[93.04561574800005,12.08371560300003],[93.05366886700006,12.05456646500005],[93.04213632800008,12.046020508000026],[93.02654273200005,12.070359365000058],[93.00930163400005,12.076761274000035],[93.00533212900007,12.12298584000007],[93.01236140200007,12.148899494000034],[93.02670868500007,12.141550112000061],[93.03118896500007,12.112892969000029],[93.04561574800005,12.08371560300003]],[[93.00550702900006,12.043573880000054],[92.98093863000008,12.048523239000076],[92.95931186300004,12.067986204000022],[92.96132578100008,12.098643301000038],[92.98903891400005,12.109288657000036],[93.00806631600005,12.102487703000065],[93.00309072300007,12.083165706000045],[93.00550702900006,12.043573880000054]],[[92.98500271700004,12.042090668000071],[93.01090322300007,12.018188477000024],[93.00852285200006,12.000815421000027],[93.03868266400008,11.946682285000065],[93.05588451700004,11.897992357000021],[93.04769425100005,11.883739459000026],[93.02858561500005,11.88613876200003],[93.00235469300009,11.935558103000062],[92.97032723800004,11.955129484000054],[92.96388925800005,11.976969220000058],[92.93535409400005,11.984121185000049],[92.93075982100004,12.004735148000066],[92.94821565200004,12.008896349000054],[92.96449113400007,12.03761122900005],[92.98500271700004,12.042090668000071]],[[92.79028135700008,11.880534600000033],[92.77353750000003,11.784606934000067],[92.75669179700003,11.71444802600007],[92.73955331200006,11.68974862500005],[92.72110569000006,11.70276411900005],[92.70450348300005,11.694169191000071],[92.70503957600005,11.66512472900007],[92.66549300300005,11.655344026000023],[92.66970691600005,11.634260312000038],[92.68633065600005,11.613474031000067],[92.71169199200006,11.650024414000029],[92.71733651600005,11.676096102000031],[92.75113338100005,11.671968335000031],[92.75852285200006,11.662841797000056],[92.75510488300006,11.611206055000025],[92.73611456500004,11.551168414000074],[92.72567598200004,11.531561685000042],[92.72873159700003,11.516269738000062],[92.70229257800008,11.508322852000049],[92.66592371000007,11.505148596000026],[92.64791833900006,11.522439294000037],[92.65637236000003,11.548480315000063],[92.65169443400004,11.570950034000077],[92.62052515900007,11.586528577000024],[92.60793644400007,11.605989331000046],[92.62780761700003,11.627097266000021],[92.60134043000005,11.649841309000067],[92.59396540600005,11.66952937700006],[92.60109628900005,11.690144126000064],[92.59225727600005,11.733545740000068],[92.57524184700009,11.72768831600007],[92.57468496100006,11.697998047000056],[92.56394450600004,11.692324688000042],[92.55410435100003,11.736420783000028],[92.55654062500008,11.791667398000072],[92.54988779300004,11.83178710900006],[92.52212488200007,11.83919400600007],[92.51729502000006,11.848632812000062],[92.53432382800008,11.874023437000062],[92.53033550800006,11.894306074000042],[92.54835163900003,11.922097070000063],[92.56973618400008,11.935273726000048],[92.58282470700004,11.913735254000073],[92.58573232400005,11.862224039000068],[92.59478759800004,11.865090234000036],[92.61550280600005,11.838418988000058],[92.61153330100007,11.928048182000055],[92.61349084800008,11.981782114000055],[92.62753597400007,12.058540867000033],[92.62471707500004,12.10004261000006],[92.64693421300007,12.176401805000069],[92.65828674300008,12.202402695000046],[92.70810781200004,12.226623535000044],[92.71467722000006,12.189272043000074],[92.75949941400006,12.174804687000062],[92.75949941400006,12.162841797000056],[92.73673330100007,12.10178303400005],[92.73709951200004,12.082089282000027],[92.77438005000005,12.044899805000057],[92.77657029100004,12.021149042000047],[92.75612248000004,11.98053082000007],[92.73760986300005,11.997519629000067],[92.71743083400008,11.993308203000026],[92.71056161300004,11.928293367000038],[92.71610341800005,11.901428223000039],[92.70633357600008,11.861234790000026],[92.73259014600006,11.867530535000071],[92.73532949200006,11.891663365000056],[92.74841308600008,11.930886133000058],[92.77282714800003,11.93833242200003],[92.78891835900004,11.914611816000047],[92.78110585900004,11.891769991000047],[92.79028135700008,11.880534600000033]],[[93.01412119100007,11.848022461000028],[93.03265871300005,11.835488184000042],[93.06495772000005,11.843107021000037],[93.07352107600008,11.834382886000071],[93.06063039600008,11.813684299000045],[93.04656014800008,11.812917570000025],[93.01449182400006,11.837858999000048],[93.01412119100007,11.848022461000028]],[[92.67148671900009,11.48023964600003],[92.67972646500004,11.469421387000068],[92.68711171900009,11.43139648400006],[92.65661621100008,11.406105859000036],[92.66776511900008,11.393105371000047],[92.69229970700007,11.383564536000051],[92.69168097100004,11.36836812100006],[92.64044189500004,11.345297949000042],[92.59470550800006,11.34833156600007],[92.58310287100005,11.367384231000074],[92.59450648100005,11.384009766000077],[92.58978271500007,11.399697168000046],[92.61996990500006,11.399697168000046],[92.62690688000004,11.442134489000068],[92.61294132600005,11.457002515000056],[92.62032236300007,11.490600586000028],[92.64469228500008,11.497450529000048],[92.67148671900009,11.48023964600003]],[[92.26660156200006,11.51949228500007],[92.21414395500005,11.529280561000064],[92.20754160200005,11.546386719000054],[92.21468271500004,11.572373018000064],[92.20714364400004,11.584950875000061],[92.24322509800004,11.59171377000007],[92.27134023400004,11.583801270000038],[92.26660156200006,11.51949228500007]],[[92.53414338100004,11.59426118500005],[92.54821777300003,11.600685937000037],[92.56711488900004,11.573809933000064],[92.55588613300006,11.560607910000044],[92.53746561800006,11.564401473000032],[92.53414338100004,11.59426118500005]],[[92.70993369100006,12.23774592600006],[92.70152841000004,12.272939543000064],[92.70736032200006,12.298920973000065],[92.72549227500008,12.294234174000053],[92.70993369100006,12.23774592600006]],[[92.77992929700008,12.294219731000055],[92.81258267800007,12.31210363300005],[92.83151034100007,12.299483198000075],[92.87320637300007,12.299538477000056],[92.88333974600005,12.280212402000075],[92.88510976600008,12.255821947000072],[92.86093984400009,12.24575524100004],[92.87365353700005,12.224691298000039],[92.88427365500007,12.190958116000047],[92.86032755000008,12.184184490000064],[92.85785879700006,12.156728605000069],[92.83756615500005,12.165489764000029],[92.81809316400006,12.137107031000028],[92.81270460100006,12.102177419000043],[92.79898249500008,12.084315838000066],[92.77406740400005,12.066347042000075],[92.74191799700009,12.07837982500007],[92.74050058600005,12.097229004000042],[92.75929941400005,12.138631366000027],[92.77150644500006,12.18280029300007],[92.76466932500006,12.231754177000028],[92.74391855500005,12.244384766000053],[92.75112070300008,12.261454995000065],[92.77278572700004,12.270302637000043],[92.77992929700008,12.294219731000055]],[[92.90203857400007,12.255104883000058],[92.91672597700006,12.23040771500007],[92.89128007300008,12.22470303700004],[92.87252327700008,12.244228424000028],[92.90203857400007,12.255104883000058]],[[92.98552633300005,12.15449516700005],[92.99829665900006,12.15809454400005],[93.00589661100008,12.110577188000036],[92.97891392500009,12.10774445900006],[92.95730941400006,12.121534621000023],[92.95935427500007,12.150899794000054],[92.98552633300005,12.15449516700005]],[[92.75089345700007,12.180419922000056],[92.72353281200003,12.195983887000068],[92.73349587600006,12.217995092000024],[92.75129662900008,12.228885880000064],[92.77011697000006,12.19760935000005],[92.75089345700007,12.180419922000056]],[[92.67288168300007,12.79017801200007],[92.65293033700004,12.84473459800006],[92.65132822300006,12.858612300000061],[92.66689218700003,12.880465462000075],[92.67252816000007,12.922485287000029],[92.68172373000004,12.945368630000075],[92.67473397600008,12.967661043000021],[92.69291723800006,12.990299454000024],[92.72161865200007,12.981118066000022],[92.72489248000005,12.90319824200003],[92.72072044000004,12.871519892000038],[92.70588125800003,12.843557219000047],[92.68640136700003,12.828530176000072],[92.67288168300007,12.79017801200007]],[[92.51089441300007,10.890664392000076],[92.52448477300004,10.895700594000061],[92.56209976600007,10.861436570000023],[92.56412587900007,10.810807244000046],[92.58969960900004,10.786193848000039],[92.58609853500008,10.739907129000073],[92.60092574500004,10.703032046000033],[92.60031972700006,10.680786133000026],[92.57890877100004,10.669994612000039],[92.57266335800006,10.652915137000036],[92.55530976400007,10.638724368000055],[92.54233632800003,10.609182204000035],[92.54427938400005,10.593856942000059],[92.57230459000004,10.57983398400006],[92.55029893600005,10.55393181100004],[92.53449453900004,10.519155363000039],[92.50176251900007,10.511768],[92.48436532400007,10.518117766000046],[92.45516173000004,10.543120028000033],[92.42234121100006,10.548300879000067],[92.40441894500003,10.531088965000038],[92.38589828100004,10.541063035000036],[92.41251221400006,10.581291770000064],[92.42214121100005,10.62076496700007],[92.39952094600005,10.666922817000057],[92.38800048800005,10.668112891000021],[92.38228525400007,10.736999512000068],[92.38495076400005,10.785908376000066],[92.40019012600004,10.777938673000051],[92.42574228500007,10.800648145000025],[92.43164062500006,10.82273183600006],[92.46124267600004,10.837136133000058],[92.46753033200008,10.86311710900003],[92.49555401900005,10.888513483000054],[92.51089441300007,10.890664392000076]],[[92.77695939700004,9.23926589000007],[92.78229787200007,9.249277853000024],[92.81506805900005,9.218276145000061],[92.83170316400003,9.168408930000055],[92.82968822800007,9.139386400000035],[92.80347647300005,9.121328215000062],[92.77116779400006,9.127911996000023],[92.73092228300004,9.124971265000056],[92.71889414100008,9.153442383000026],[92.72029794900004,9.208801270000038],[92.73587136600008,9.21530996100006],[92.76653085100008,9.215280672000063],[92.77695939700004,9.23926589000007]],[[93.11316427600008,8.349875388000044],[93.13543701200007,8.346901758000058],[93.11851096900006,8.281610754000042],[93.12446999700006,8.266479529000037],[93.15264336100006,8.239524123000024],[93.19730202900007,8.215049341000054],[93.18068613300005,8.194172446000039],[93.11516366400008,8.22331796100002],[93.09750330100007,8.242148108000038],[93.07729257800008,8.28100585900006],[93.08873544100004,8.339059969000061],[93.11316427600008,8.349875388000044]],[[93.21388925800005,8.249648466000053],[93.22979736300005,8.263893945000063],[93.24228750000003,8.241210937000062],[93.23120117200006,8.222922461000053],[93.21388925800005,8.249648466000053]],[[93.51341036900004,8.231285796000066],[93.53708015300003,8.226843780000024],[93.53793827300007,8.197361383000043],[93.49808584000004,8.162165505000075],[93.49807868800008,8.143042510000043],[93.51749502000007,8.11804199200003],[93.52465897100006,8.095925195000063],[93.53891027300006,8.087075525000046],[93.54374013700004,8.067626953000058],[93.53788651800005,8.047513759000026],[93.51907440200006,8.033958507000023],[93.50026545700007,8.034350325000048],[93.49851308600006,7.999389648000033],[93.48488535200005,8.001037598000039],[93.47994150400007,8.041972929000053],[93.49357078300005,8.038308008000058],[93.51729502000006,8.05780029300007],[93.51692880900004,8.083164362000048],[93.47889701500009,8.06244341100006],[93.47389902300006,8.08483886700003],[93.45254592300006,8.12318807400004],[93.44869412000008,8.14640061700004],[93.45260509600007,8.17850063000003],[93.48291310600007,8.195481676000043],[93.48695272300006,8.221523926000032],[93.51341036900004,8.231285796000066]],[[93.55874617100005,8.114400330000024],[93.57324218700006,8.125710352000056],[93.58329004100005,8.102430208000044],[93.56331552700004,8.09564209000007],[93.55874617100005,8.114400330000024]],[[93.53688730500005,8.025024414000029],[93.55770889400009,8.023233232000052],[93.57570255900004,7.992247500000076],[93.56876609500006,7.930503027000043],[93.50153283800006,7.984107777000077],[93.53347722000007,8.007334823000065],[93.53688730500005,8.025024414000029]],[[93.45686986700008,7.929262150000056],[93.46727392800005,7.891942096000037],[93.45357388900004,7.871734257000071],[93.43397957500008,7.898886816000072],[93.41861653000007,7.906088965000038],[93.38887669300004,7.899963633000027],[93.37042236300005,7.88173593700003],[93.34415690800006,7.891726544000051],[93.33510507800008,7.917419434000067],[93.35192877500003,7.931719887000042],[93.34667071800004,7.95931162100004],[93.31570398300005,7.927145667000048],[93.30391867400004,7.95943410700005],[93.31728281200003,7.976825510000026],[93.32695565600005,8.009103914000036],[93.34939599200004,8.007485254000073],[93.37139892600004,8.021889551000072],[93.39291418100004,8.015481287000057],[93.39609609400009,7.971668652000062],[93.40685409400004,7.959072345000038],[93.42891579200005,7.955079389000048],[93.45686986700008,7.929262150000056]],[[93.70071486800003,7.445232336000061],[93.71109853500008,7.42999267600004],[93.71189199200006,7.402873452000051],[93.74649379400006,7.37521472800006],[93.74631582000006,7.360412598000039],[93.72849355500006,7.340351645000055],[93.71653066400006,7.310791016000053],[93.69829425300009,7.304892676000065],[93.67047840300006,7.284958509000035],[93.66012106000005,7.257579882000073],[93.64044189500004,7.242331641000021],[93.61989511700006,7.268188477000024],[93.62612070300008,7.28446524900005],[93.61574227000006,7.311684473000071],[93.62752451200004,7.32102530800006],[93.62209238300005,7.36022949200003],[93.65311249300004,7.381093930000077],[93.69482421900005,7.401938574000042],[93.70071486800003,7.445232336000061]],[[93.83949960900009,7.242431641000053],[93.84246011000005,7.213894690000075],[93.85882568400007,7.216713770000069],[93.87430654300005,7.184020996000072],[93.87693105500006,7.133019212000022],[93.88352285200006,7.088219408000043],[93.90091787100005,7.078613281000059],[93.91471181600008,7.044006348000039],[93.91330800800006,7.001566388000072],[93.93446026800007,6.960099458000059],[93.91784688600006,6.947307515000034],[93.90610585900004,6.925800864000053],[93.91170301700004,6.910770291000063],[93.89310537100005,6.899514062000037],[93.89726824700006,6.869909368000037],[93.890725,6.844035562000045],[93.90732656200004,6.833435059000067],[93.89530263700004,6.804809570000032],[93.87770761700006,6.800190513000075],[93.86338357500006,6.814270414000021],[93.84888099700004,6.811325441000065],[93.84432998800008,6.777364912000053],[93.83327763100004,6.753551267000034],[93.81698719300005,6.754543094000041],[93.80347647300005,6.809133391000046],[93.78328623000004,6.827209473000039],[93.78891762100005,6.843072077000045],[93.76736127800007,6.874727923000023],[93.77261174300008,6.888942303000022],[93.74672617200008,6.929218477000063],[93.74036988300008,6.962485449000042],[93.72021484400005,6.990276059000053],[93.68653904700005,7.015534733000038],[93.66670908200007,7.011874153000065],[93.66854013700004,7.035300391000021],[93.65969003900005,7.046630859000061],[93.65029062500008,7.100036621000072],[93.64913095700007,7.128417969000054],[93.66891219700005,7.140659173000074],[93.66614873000003,7.175698145000069],[93.68447574500004,7.190482570000029],[93.72518944900008,7.187294824000048],[93.74682617200006,7.211525781000034],[93.80049814500006,7.210305078000033],[93.80183937400005,7.23130117200003],[93.83949960900009,7.242431641000053]]]]},"properties":{"OBJECTID":75,"object_id":35,"name":"A & N ISLAND","state_code":"ANDAMAN & NICOBAR (UT)","region_cod":"SOUTH PENINSULA","subdivisio":"A & N ISLAND","uorder":1},"id": 1},
{"type":"Feature","geometry":{"type":"Polygon","coordinates":[[[95.23742675800008,26.67999267600004],[95.25982666000004,26.67980957000003],[95.27160644500003,26.65618896500007],[95.30218505900007,26.649414062000062],[95.34619140600006,26.671203613000046],[95.36541748000008,26.670837402000075],[95.40600585900006,26.689819336000028],[95.43200683600008,26.696594238000046],[95.46520996100008,26.743591309000067],[95.48303222700008,26.74798584000007],[95.50183105500008,26.775817871000072],[95.51440429700006,26.80639648400006],[95.54541015600006,26.830993652000075],[95.57440185500008,26.818603516000053],[95.61102294900007,26.81420898400006],[95.63183593700006,26.842407227000024],[95.63641357400007,26.872192383000026],[95.65063476600005,26.876831055000025],[95.67303466800007,26.90319824200003],[95.70300293000008,26.880004883000026],[95.73040771500007,26.880187988000046],[95.75463867200006,26.900634766000053],[95.75219726600005,26.92303466800007],[95.76342773400006,26.93780517600004],[95.76062011700009,26.95678710900006],[95.77941894500003,26.982788086000028],[95.81500244100005,27.015014648000033],[95.83758544900007,27.007995605000076],[95.87683105500008,27.013000488000046],[95.95678710900006,27.060791016000053],[95.97882080100004,27.103210449000073],[96.01678466800007,27.147216797000056],[96.03619384800004,27.188598633000026],[96.08624267600004,27.209594727000024],[96.16339111300005,27.246826172000056],[96.18182373000008,27.24639892600004],[96.21783447300004,27.26184082000003],[96.23419189500004,27.277038574000073],[96.27844238300008,27.27142334000007],[96.31060791000004,27.294189453000058],[96.34741210900006,27.280395508000026],[96.36383056600005,27.291992187000062],[96.39123535200008,27.286437988000046],[96.43298339800003,27.30163574200003],[96.49963378900009,27.300842285000044],[96.53021240200007,27.289428711000028],[96.56140136700009,27.316589355000076],[96.60040283200004,27.335998535000044],[96.59783935500008,27.347839355000076],[96.61999511700009,27.364196777000075],[96.64562988300008,27.359191895000038],[96.66961669900007,27.36358642600004],[96.69323730500008,27.35662841800007],[96.71203613300008,27.371826172000056],[96.73999023400006,27.35540771500007],[96.77239990200007,27.355834961000028],[96.80163574200009,27.345214844000054],[96.81640625000006,27.320190430000025],[96.84899902300003,27.29681396500007],[96.85479736300005,27.270812988000046],[96.88421630900007,27.258239746000072],[96.89178466800007,27.237792969000054],[96.88421630900007,27.222839355000076],[96.86242675800008,27.209594727000024],[96.86523437500006,27.190002441000047],[96.91723632800006,27.16558837900004],[96.95404052700007,27.16363525400004],[96.98339843700006,27.156433105000076],[96.99780273400006,27.14361572300004],[97.02899169900007,27.131408691000047],[97.06121826200007,27.100585937000062],[97.07763671900005,27.099426270000038],[97.10723877000004,27.110595703000058],[97.12939453100006,27.093017578000058],[97.14501953100006,27.092041016000053],[97.15441894500003,27.115600586000028],[97.17022705100004,27.12603759800004],[97.16583252000004,27.144592285000044],[97.14862060500008,27.16760253900003],[97.12603759800004,27.174621582000043],[97.11541748000008,27.19879150400004],[97.09399414100005,27.210998535000044],[97.09283447300004,27.237609863000046],[97.08062744100005,27.243591309000067],[97.04260253900009,27.27960205100004],[97.03942871100008,27.297790527000075],[97.00244140600006,27.320190430000025],[96.99658203100006,27.345397949000073],[96.96820068400007,27.37658691400003],[96.96478271500007,27.40582275400004],[96.94079589800003,27.41760253900003],[96.93280029300007,27.441223145000038],[96.91119384800004,27.45343017600004],[96.91503906200006,27.483642578000058],[96.93719482400007,27.520996094000054],[96.91540527300003,27.549194336000028],[96.91381835900006,27.579589844000054],[96.89898681600005,27.58483886700003],[96.89739990200007,27.611999512000068],[96.91918945300006,27.62261962900004],[96.94219970700004,27.658630371000072],[96.95861816400009,27.665405273000033],[96.99060058600008,27.66223144500003],[96.99243164100005,27.67663574200003],[97.015625,27.731811523000033],[97.06738281200006,27.750793457000043],[97.09619140600006,27.741027832000043],[97.10479736300005,27.766235352000024],[97.10241699200009,27.784606934000067],[97.12420654300007,27.789611816000047],[97.13739013700007,27.80621337900004],[97.16040039100005,27.813598633000026],[97.20263671900005,27.85540771500007],[97.25659179700006,27.900634766000053],[97.30883789100005,27.920837402000075],[97.32403564500004,27.902587891000053],[97.32122802700007,27.880187988000046],[97.34338378900009,27.884826660000044],[97.36480712900004,27.875793457000043],[97.38879394500003,27.88702392600004],[97.37860107400007,27.908630371000072],[97.37823486300005,27.976989746000072],[97.39141845700004,28.00280761700003],[97.41540527300003,28.015014648000033],[97.37719726600005,28.030212402000075],[97.36639404300007,28.059204102000024],[97.31219482400007,28.061218262000068],[97.31060791000004,28.084594727000024],[97.33959960900006,28.111022949000073],[97.32519531200006,28.13983154300007],[97.33142089800003,28.15460205100004],[97.37261962900004,28.192016602000024],[97.40118408200004,28.192016602000024],[97.37542724600007,28.217224121000072],[97.28302002000004,28.268188477000024],[97.24218750000006,28.26721191400003],[97.22521972700008,28.292236328000058],[97.19360351600005,28.286804199000073],[97.17041015600006,28.294616699000073],[97.16003418000008,28.31939697300004],[97.13104248000008,28.343994141000053],[97.09381103500004,28.362426758000026],[97.05322265600006,28.351013184000067],[97.02398681600005,28.319030762000068],[96.99780273400006,28.309204102000024],[96.95422363300008,28.333007812000062],[96.92718505900007,28.33819580100004],[96.92138671900005,28.35662841800007],[96.90020752000004,28.37921142600004],[96.86401367200006,28.37158203100006],[96.85382080100004,28.36181640600006],[96.82800293000008,28.360595703000058],[96.77600097700008,28.367614746000072],[96.75921630900007,28.40924072300004],[96.68341064500004,28.445190430000025],[96.66662597700008,28.45983886700003],[96.58160400400004,28.457397461000028],[96.51220703100006,28.41259765600006],[96.48199462900004,28.41900634800004],[96.46038818400007,28.41363525400004],[96.43402099600007,28.386230469000054],[96.42480468700006,28.345397949000073],[96.40142822300004,28.338806152000075],[96.38201904300007,28.358642578000058],[96.37683105500008,28.381835937000062],[96.36401367200006,28.38842773400006],[96.32202148400006,28.38079834000007],[96.30682373000008,28.399414062000062],[96.26818847700008,28.411987305000025],[96.33740234400005,28.457641602000024],[96.36920166000004,28.474426270000038],[96.37402343700006,28.491638184000067],[96.36322021500007,28.504638672000056],[96.32678222700008,28.525390625000057],[96.35699462900004,28.555603027000075],[96.40899658200004,28.559020996000072],[96.44702148400006,28.601013184000067],[96.47540283200004,28.617431641000053],[96.49780273400006,28.63879394500003],[96.47320556600005,28.67962646500007],[96.49322509800004,28.683593750000057],[96.53503418000008,28.70660400400004],[96.56262207000003,28.70678710900006],[96.58862304700006,28.716613770000038],[96.61218261700009,28.748413086000028],[96.61883544900007,28.773620605000076],[96.61120605500008,28.793212891000053],[96.58721923800005,28.816833496000072],[96.54058837900004,28.879638672000056],[96.54199218700006,28.916625977000024],[96.52459716800007,28.960998535000044],[96.49102783200004,28.96124267600004],[96.48083496100008,28.98999023400006],[96.51519775400004,29.048828125000057],[96.52239990200007,29.074584961000028],[96.43939209000007,29.033813477000024],[96.35040283200004,29.028625488000046],[96.29742431600005,28.99499511700003],[96.25921630900007,28.955627441000047],[96.25183105500008,28.93920898400006],[96.23181152300003,28.925598145000038],[96.16998291000004,28.902221680000025],[96.16662597700008,28.918395996000072],[96.14898681600005,28.934020996000072],[96.15881347700008,28.95220947300004],[96.18420410200008,28.965026855000076],[96.18859863300008,28.984619141000053],[96.15441894500003,29.04998779300007],[96.12823486300005,29.077636719000054],[96.17358398400006,29.084594727000024],[96.20440673800005,29.102783203000058],[96.22161865200007,29.135009766000053],[96.26440429700006,29.156982422000056],[96.35040283200004,29.167785645000038],[96.36260986300005,29.178405762000068],[96.37561035200008,29.21478271500007],[96.39202880900007,29.23059082000003],[96.39703369100005,29.253417969000054],[96.37939453100006,29.28082275400004],[96.34979248000008,29.264404297000056],[96.31701660200008,29.256225586000028],[96.29742431600005,29.232788086000028],[96.25518798800005,29.23040771500007],[96.23858642600004,29.240600586000028],[96.21459960900006,29.272216797000056],[96.20782470700004,29.291015625000057],[96.18780517600004,29.306640625000057],[96.19061279300007,29.342041016000053],[96.15478515600006,29.397033691000047],[96.11822509800004,29.42541503900003],[96.08581543000008,29.46142578100006],[96.06079101600005,29.45660400400004],[96.01959228500004,29.419433594000054],[95.96221923800005,29.38079834000007],[95.88598632800006,29.389587402000075],[95.84539794900007,29.351806641000053],[95.83178710900006,29.35382080100004],[95.80163574200009,29.334411621000072],[95.78283691400009,29.354614258000026],[95.75061035200008,29.327392578000058],[95.73199462900004,29.300598145000038],[95.70703125000006,29.29858398400006],[95.67822265600006,29.269226074000073],[95.63623046900005,29.247192383000026],[95.60382080100004,29.260192871000072],[95.59259033200004,29.240600586000028],[95.59082031200006,29.216186523000033],[95.54998779300007,29.213806152000075],[95.54199218700006,29.206420898000033],[95.55023193400007,29.17858886700003],[95.55163574200009,29.12658691400003],[95.50842285200008,29.140991211000028],[95.49658203100006,29.12158203100006],[95.49383544900007,29.087585449000073],[95.45898437500006,29.03479003900003],[95.42620849600007,29.03918457000003],[95.41479492200006,29.031982422000056],[95.35021972700008,29.044189453000058],[95.30761718700006,29.06103515600006],[95.27142334000007,29.055786133000026],[95.25500488300008,29.066833496000072],[95.25579834000007,29.108215332000043],[95.18261718700006,29.10699462900004],[95.12683105500008,29.11480712900004],[95.10363769500003,29.142395020000038],[95.04498291000004,29.151000977000024],[95.015625,29.150634766000053],[95.01019287100007,29.13439941400003],[94.97302246100008,29.158630371000072],[94.92419433600008,29.16119384800004],[94.88659668000008,29.180786133000026],[94.85198974600007,29.182006836000028],[94.80358886700009,29.16363525400004],[94.79840087900004,29.179382324000073],[94.80358886700009,29.208984375000057],[94.77239990200007,29.252014160000044],[94.71704101600005,29.303833008000026],[94.64758300800008,29.346618652000075],[94.63439941400009,29.348205566000047],[94.61682128900009,29.300598145000038],[94.57983398400006,29.27459716800007],[94.57800293000008,29.25],[94.56378173800005,29.228393555000025],[94.53900146500007,29.218200684000067],[94.50042724600007,29.216186523000033],[94.43719482400007,29.226440430000025],[94.37823486300005,29.189819336000028],[94.36962890600006,29.156616211000028],[94.35601806600005,29.14959716800007],[94.29364013700007,29.147583008000026],[94.26361084000007,29.116210937000062],[94.22039794900007,29.08361816400003],[94.19079589800003,29.038391113000046],[94.17761230500008,29.007202148000033],[94.17858886700009,28.991210937000062],[94.16400146500007,28.973388672000056],[94.16058349600007,28.954040527000075],[94.08441162100007,28.905029297000056],[94.04943847700008,28.87298584000007],[94.03540039100005,28.85260009800004],[94.00042724600007,28.840637207000043],[94.00543212900004,28.819030762000068],[93.99060058600008,28.797424316000047],[94.00659179700006,28.77459716800007],[93.97381591800007,28.750427246000072],[93.97082519500003,28.72222900400004],[93.93963623000008,28.676025391000053],[93.90924072300004,28.675598145000038],[93.87060546900005,28.702819824000073],[93.84918212900004,28.70660400400004],[93.78039550800008,28.66760253900003],[93.73699951200007,28.688415527000075],[93.69079589800003,28.67858886700003],[93.64422607400007,28.66119384800004],[93.61242675800008,28.655212402000075],[93.53002929700006,28.660583496000072],[93.50103759800004,28.683410645000038],[93.48480224600007,28.674438477000024],[93.47979736300005,28.653015137000068],[93.45123291000004,28.67541503900003],[93.41741943400007,28.652404785000044],[93.33782959000007,28.633239746000072],[93.33319091800007,28.607788086000028],[93.30541992200006,28.598999023000033],[93.31079101600005,28.56561279300007],[93.29418945300006,28.542785645000038],[93.28118896500007,28.50421142600004],[93.23443603500004,28.477233887000068],[93.21282959000007,28.451599121000072],[93.18798828100006,28.43939209000007],[93.19561767600004,28.425231934000067],[93.23663330100004,28.40002441400003],[93.22442627000004,28.360595703000058],[93.22778320300006,28.340209961000028],[93.19879150400004,28.317199707000043],[93.16003418000008,28.317626953000058],[93.12982177700007,28.325988770000038],[93.10040283200004,28.30621337900004],[93.07720947300004,28.308410645000038],[93.02703857400007,28.299194336000028],[93.03881835900006,28.262390137000068],[93.00543212900004,28.23004150400004],[92.99102783200004,28.250610352000024],[92.96960449200003,28.260986328000058],[92.91802978500004,28.234191895000038],[92.90039062500006,28.203796387000068],[92.84460449200003,28.17858886700003],[92.82281494100005,28.183593750000057],[92.80480957000003,28.201599121000072],[92.78820800800008,28.182983398000033],[92.74163818400007,28.150817871000072],[92.70959472700008,28.13580322300004],[92.68524169900007,28.117187500000057],[92.66778564500004,28.062011719000054],[92.68621826200007,28.05780029300007],[92.71441650400004,28.03240966800007],[92.74420166000004,27.98858642600004],[92.70599365200007,27.93280029300007],[92.67382812500006,27.899230957000043],[92.60980224600007,27.87658691400003],[92.56518554700006,27.820190430000025],[92.54840087900004,27.816589355000076],[92.51983642600004,27.83941650400004],[92.49719238300008,27.835998535000044],[92.45959472700008,27.802429199000073],[92.44860839800003,27.79998779300007],[92.41864013700007,27.82220459000007],[92.38781738300008,27.814819336000028],[92.38458252000004,27.794189453000058],[92.31219482400007,27.778442383000026],[92.28961181600005,27.806823730000076],[92.27239990200007,27.853210449000073],[92.26019287100007,27.861389160000044],[92.20520019500003,27.856384277000075],[92.16119384800004,27.83642578100006],[92.06042480500008,27.758605957000043],[92.04278564500004,27.756591797000056],[91.98901367200006,27.769409180000025],[91.96063232400007,27.75],[91.95019531200006,27.728210449000073],[91.92382812500006,27.71459960900006],[91.91339111300005,27.725830078000058],[91.88378906200006,27.72119140600006],[91.86560058600008,27.736389160000044],[91.85040283200004,27.775207520000038],[91.83880615200007,27.77941894500003],[91.83319091800007,27.807189941000047],[91.80938720700004,27.808410645000038],[91.77642822300004,27.800842285000044],[91.71502685500008,27.81298828100006],[91.69958496100008,27.82183837900004],[91.67480468700006,27.856384277000075],[91.61303710900006,27.85363769500003],[91.57543945300006,27.86041259800004],[91.55139160200008,27.846618652000075],[91.57098388700007,27.815002441000047],[91.60443115200007,27.82061767600004],[91.63360595700004,27.80041503900003],[91.63659668000008,27.77124023400006],[91.62902832000003,27.705627441000047],[91.59698486300005,27.68280029300007],[91.56298828100006,27.632995605000076],[91.58203125000006,27.598999023000033],[91.56719970700004,27.583801270000038],[91.59942627000004,27.53900146500007],[91.61419677700007,27.541198730000076],[91.62542724600007,27.512817383000026],[91.64898681600005,27.498413086000028],[91.65820312500006,27.482421875000057],[91.69500732400007,27.502197266000053],[91.71539306600005,27.490600586000028],[91.71862793000008,27.473022461000028],[91.76141357400007,27.47259521500007],[91.77862548800005,27.463989258000026],[91.81420898400006,27.471984863000046],[91.83319091800007,27.468200684000067],[91.85382080100004,27.48199462900004],[91.90319824200003,27.467590332000043],[91.92742919900007,27.47064209000007],[91.94403076200007,27.45983886700003],[92.02319335900006,27.47900390600006],[92.02124023400006,27.457214355000076],[92.04321289100005,27.435791016000053],[92.04638671900005,27.411987305000025],[92.05883789100005,27.399230957000043],[92.05041503900009,27.378417969000054],[92.06439209000007,27.344421387000068],[92.06298828100006,27.326416016000053],[92.08221435500008,27.309387207000043],[92.12139892600004,27.291809082000043],[92.12298584000007,27.27502441400003],[92.10559082000003,27.268188477000024],[92.07421875000006,27.27642822300004],[92.04400634800004,27.260986328000058],[92.06982421900005,27.244018555000025],[92.07360839800003,27.22259521500007],[92.06024169900007,27.188598633000026],[92.02923584000007,27.170837402000075],[92.02819824200003,27.15319824200003],[92.04040527300003,27.137390137000068],[92.02600097700008,27.114013672000056],[92.03161621100008,27.077636719000054],[92.04858398400006,27.051025391000053],[92.06781005900007,27.051208496000072],[92.08343505900007,27.019592285000044],[92.10699462900004,27.006591797000056],[92.10559082000003,26.981811523000033],[92.11682128900009,26.974609375000057],[92.12060546900005,26.93121337900004],[92.11541748000008,26.891601562000062],[92.12298584000007,26.88861084000007],[92.19799804700006,26.889587402000075],[92.25823974600007,26.90924072300004],[92.27819824200003,26.901611328000058],[92.30603027300003,26.906799316000047],[92.30578613300008,26.922424316000047],[92.36639404300007,26.934204102000024],[92.40142822300004,26.924438477000024],[92.41522216800007,26.942382812000062],[92.42901611300005,26.940795898000033],[92.45062255900007,26.958435059000067],[92.49639892600004,26.96301269500003],[92.55743408200004,26.957214355000076],[92.59222412100007,26.96124267600004],[92.64801025400004,26.986389160000044],[92.67059326200007,27.026794434000067],[92.68060302700007,27.031433105000076],[92.72601318400007,27.017822266000053],[92.76641845700004,27.027038574000073],[92.79663085900006,27.022399902000075],[92.82678222700008,27.009033203000058],[92.88684082000003,27],[92.92163085900006,26.98199462900004],[92.92041015600006,26.962585449000073],[92.98498535200008,26.935791016000053],[93.02459716800007,26.913208008000026],[93.06622314500004,26.92199707000003],[93.09143066400009,26.91418457000003],[93.11022949200003,26.92541503900003],[93.17584228500004,26.935607910000044],[93.26483154300007,26.953186035000044],[93.32739257800006,26.95983886700003],[93.38378906200006,26.958984375000057],[93.45141601600005,26.950622559000067],[93.46319580100004,26.93920898400006],[93.49340820300006,26.93640136700003],[93.52801513700007,26.948242187000062],[93.58898925800008,26.950012207000043],[93.61804199200009,26.96002197300004],[93.67059326200007,26.968994141000053],[93.69702148400006,26.98858642600004],[93.71820068400007,27.01379394500003],[93.83898925800008,27.074035645000038],[93.82843017600004,27.116027832000043],[93.80700683600008,27.13238525400004],[93.80859375000006,27.147827148000033],[93.84204101600005,27.17199707000003],[93.90319824200009,27.239196777000075],[93.93164062500006,27.26379394500003],[93.99542236300005,27.32861328100006],[94.03283691400009,27.345397949000073],[94.07141113300008,27.37139892600004],[94.09301757800006,27.406799316000047],[94.10699462900004,27.41259765600006],[94.16284179700006,27.46124267600004],[94.16778564500004,27.476440430000025],[94.21942138700007,27.50244140600006],[94.27160644500003,27.520629883000026],[94.25103759800004,27.568603516000053],[94.22839355500008,27.57379150400004],[94.23040771500007,27.59582519500003],[94.21423339800003,27.601623535000044],[94.24078369100005,27.63238525400004],[94.27801513700007,27.59918212900004],[94.30523681600005,27.600585937000062],[94.33978271500007,27.579589844000054],[94.37322998000008,27.574401855000076],[94.43499755900007,27.600036621000072],[94.43920898400006,27.584594727000024],[94.46563720700004,27.55499267600004],[94.48059082000003,27.575439453000058],[94.50244140600006,27.57183837900004],[94.52539062500006,27.59100341800007],[94.54779052700007,27.600585937000062],[94.57324218700006,27.601989746000072],[94.59100341800007,27.61822509800004],[94.63580322300004,27.623596191000047],[94.64959716800007,27.637390137000068],[94.71838378900009,27.656616211000028],[94.76220703100006,27.66223144500003],[94.79919433600008,27.69543457000003],[94.82421875000006,27.691833496000072],[94.85119628900009,27.70520019500003],[94.85583496100008,27.727233887000068],[94.90759277300003,27.744018555000025],[95.31219482400007,27.867797852000024],[95.38299560500008,27.838806152000075],[95.52362060500008,27.88079834000007],[95.54858398400006,27.91101074200003],[95.56719970700004,27.919189453000058],[95.60882568400007,27.954406738000046],[95.82739257800006,27.97119140600006],[95.97540283200004,27.962219238000046],[95.95178222700008,27.936828613000046],[95.94781494100005,27.911621094000054],[95.93402099600007,27.90283203100006],[95.90802002000004,27.861389160000044],[95.89941406200006,27.861999512000068],[95.875,27.83319091800007],[95.84161377000004,27.82379150400004],[95.81439209000007,27.796203613000046],[95.80523681600005,27.775817871000072],[95.78002929700006,27.753601074000073],[95.78240966800007,27.732788086000028],[95.76403808600008,27.715820312000062],[95.77679443400007,27.68463134800004],[95.77398681600005,27.656616211000028],[95.79919433600008,27.641418457000043],[95.79278564500004,27.625793457000043],[95.79602050800008,27.59759521500007],[95.83361816400009,27.563232422000056],[95.86602783200004,27.544982910000044],[95.87939453100006,27.546020508000026],[95.88281250000006,27.49639892600004],[95.87420654300007,27.466186523000033],[95.84582519500003,27.427429199000073],[95.86059570300006,27.419616699000073],[95.88861084000007,27.431030273000033],[95.93243408200004,27.438232422000056],[95.97882080100004,27.419982910000044],[96.00183105500008,27.387390137000068],[96.02142334000007,27.369018555000025],[95.99340820300006,27.35662841800007],[95.96881103500004,27.327392578000058],[95.96258544900007,27.309997559000067],[95.93359375000006,27.29998779300007],[95.90063476600005,27.280212402000075],[95.89782714800003,27.256591797000056],[95.87298584000007,27.259582520000038],[95.85540771500007,27.286437988000046],[95.81182861300005,27.274414062000062],[95.74603271500007,27.266418457000043],[95.72381591800007,27.24920654300007],[95.69580078100006,27.25280761700003],[95.63580322300004,27.229187012000068],[95.59082031200006,27.22259521500007],[95.57861328100006,27.24304199200003],[95.55780029300007,27.24798584000007],[95.53759765600006,27.264038086000028],[95.48718261700009,27.240417480000076],[95.45922851600005,27.202636719000054],[95.47003173800005,27.182189941000047],[95.45739746100008,27.158020020000038],[95.46160888700007,27.137634277000075],[95.44262695300006,27.125427246000072],[95.42443847700008,27.125427246000072],[95.38659668000008,27.097839355000076],[95.35821533200004,27.10363769500003],[95.31518554700006,27.079223633000026],[95.28161621100008,27.05462646500007],[95.28063964800003,27.041992187000062],[95.25,27.023620605000076],[95.24121093700006,27.036804199000073],[95.21881103500004,27.02978515600006],[95.19598388700007,27.03479003900003],[95.20019531200006,26.993591309000067],[95.19543457000003,26.984191895000038],[95.21459960900006,26.931030273000033],[95.23419189500004,26.914611816000047],[95.23004150400004,26.879638672000056],[95.21301269500003,26.879638672000056],[95.18463134800004,26.858825684000067],[95.21502685500008,26.792236328000058],[95.24243164100005,26.77819824200003],[95.21899414100005,26.749389648000033],[95.21600341800007,26.72900390600006],[95.23583984400005,26.705810547000056],[95.23742675800008,26.67999267600004]]]},"properties":{"OBJECTID":76,"object_id":30,"name":"ARUNACHAL PRADESH","state_code":"ARUNACHAL PRADESH","region_cod":"EAST AND NORTH EAST INDIA","subdivisio":"ARUNACHAL PRADESH","uorder":2},"id": 2},
{"type":"Feature","geometry":{"type":"Polygon","coordinates":[[[95.19598388700007,27.03479003900003],[95.21881103500004,27.02978515600006],[95.24121093700006,27.036804199000073],[95.25,27.023620605000076],[95.28063964800003,27.041992187000062],[95.28161621100008,27.05462646500007],[95.31518554700006,27.079223633000026],[95.35821533200004,27.10363769500003],[95.38659668000008,27.097839355000076],[95.42443847700008,27.125427246000072],[95.44262695300006,27.125427246000072],[95.46160888700007,27.137634277000075],[95.45739746100008,27.158020020000038],[95.47003173800005,27.182189941000047],[95.45922851600005,27.202636719000054],[95.48718261700009,27.240417480000076],[95.53759765600006,27.264038086000028],[95.55780029300007,27.24798584000007],[95.57861328100006,27.24304199200003],[95.59082031200006,27.22259521500007],[95.63580322300004,27.229187012000068],[95.69580078100006,27.25280761700003],[95.72381591800007,27.24920654300007],[95.74603271500007,27.266418457000043],[95.81182861300005,27.274414062000062],[95.85540771500007,27.286437988000046],[95.87298584000007,27.259582520000038],[95.89782714800003,27.256591797000056],[95.90063476600005,27.280212402000075],[95.93359375000006,27.29998779300007],[95.96258544900007,27.309997559000067],[95.96881103500004,27.327392578000058],[95.99340820300006,27.35662841800007],[96.02142334000007,27.369018555000025],[96.00183105500008,27.387390137000068],[95.97882080100004,27.419982910000044],[95.93243408200004,27.438232422000056],[95.88861084000007,27.431030273000033],[95.86059570300006,27.419616699000073],[95.84582519500003,27.427429199000073],[95.87420654300007,27.466186523000033],[95.88281250000006,27.49639892600004],[95.87939453100006,27.546020508000026],[95.86602783200004,27.544982910000044],[95.83361816400009,27.563232422000056],[95.79602050800008,27.59759521500007],[95.79278564500004,27.625793457000043],[95.79919433600008,27.641418457000043],[95.77398681600005,27.656616211000028],[95.77679443400007,27.68463134800004],[95.76403808600008,27.715820312000062],[95.78240966800007,27.732788086000028],[95.78002929700006,27.753601074000073],[95.80523681600005,27.775817871000072],[95.81439209000007,27.796203613000046],[95.84161377000004,27.82379150400004],[95.875,27.83319091800007],[95.89941406200006,27.861999512000068],[95.90802002000004,27.861389160000044],[95.93402099600007,27.90283203100006],[95.94781494100005,27.911621094000054],[95.95178222700008,27.936828613000046],[95.97540283200004,27.962219238000046],[95.82739257800006,27.97119140600006],[95.60882568400007,27.954406738000046],[95.56719970700004,27.919189453000058],[95.54858398400006,27.91101074200003],[95.52362060500008,27.88079834000007],[95.38299560500008,27.838806152000075],[95.31219482400007,27.867797852000024],[94.90759277300003,27.744018555000025],[94.85583496100008,27.727233887000068],[94.85119628900009,27.70520019500003],[94.82421875000006,27.691833496000072],[94.79919433600008,27.69543457000003],[94.76220703100006,27.66223144500003],[94.71838378900009,27.656616211000028],[94.64959716800007,27.637390137000068],[94.63580322300004,27.623596191000047],[94.59100341800007,27.61822509800004],[94.57324218700006,27.601989746000072],[94.54779052700007,27.600585937000062],[94.52539062500006,27.59100341800007],[94.50244140600006,27.57183837900004],[94.48059082000003,27.575439453000058],[94.46563720700004,27.55499267600004],[94.43920898400006,27.584594727000024],[94.43499755900007,27.600036621000072],[94.37322998000008,27.574401855000076],[94.33978271500007,27.579589844000054],[94.30523681600005,27.600585937000062],[94.27801513700007,27.59918212900004],[94.24078369100005,27.63238525400004],[94.21423339800003,27.601623535000044],[94.23040771500007,27.59582519500003],[94.22839355500008,27.57379150400004],[94.25103759800004,27.568603516000053],[94.27160644500003,27.520629883000026],[94.21942138700007,27.50244140600006],[94.16778564500004,27.476440430000025],[94.16284179700006,27.46124267600004],[94.10699462900004,27.41259765600006],[94.09301757800006,27.406799316000047],[94.07141113300008,27.37139892600004],[94.03283691400009,27.345397949000073],[93.99542236300005,27.32861328100006],[93.93164062500006,27.26379394500003],[93.90319824200009,27.239196777000075],[93.84204101600005,27.17199707000003],[93.80859375000006,27.147827148000033],[93.80700683600008,27.13238525400004],[93.82843017600004,27.116027832000043],[93.83898925800008,27.074035645000038],[93.71820068400007,27.01379394500003],[93.69702148400006,26.98858642600004],[93.67059326200007,26.968994141000053],[93.61804199200009,26.96002197300004],[93.58898925800008,26.950012207000043],[93.52801513700007,26.948242187000062],[93.49340820300006,26.93640136700003],[93.46319580100004,26.93920898400006],[93.45141601600005,26.950622559000067],[93.38378906200006,26.958984375000057],[93.32739257800006,26.95983886700003],[93.26483154300007,26.953186035000044],[93.17584228500004,26.935607910000044],[93.11022949200003,26.92541503900003],[93.09143066400009,26.91418457000003],[93.06622314500004,26.92199707000003],[93.02459716800007,26.913208008000026],[92.98498535200008,26.935791016000053],[92.92041015600006,26.962585449000073],[92.92163085900006,26.98199462900004],[92.88684082000003,27],[92.82678222700008,27.009033203000058],[92.79663085900006,27.022399902000075],[92.76641845700004,27.027038574000073],[92.72601318400007,27.017822266000053],[92.68060302700007,27.031433105000076],[92.67059326200007,27.026794434000067],[92.64801025400004,26.986389160000044],[92.59222412100007,26.96124267600004],[92.55743408200004,26.957214355000076],[92.49639892600004,26.96301269500003],[92.45062255900007,26.958435059000067],[92.42901611300005,26.940795898000033],[92.41522216800007,26.942382812000062],[92.40142822300004,26.924438477000024],[92.36639404300007,26.934204102000024],[92.30578613300008,26.922424316000047],[92.30603027300003,26.906799316000047],[92.27819824200003,26.901611328000058],[92.25823974600007,26.90924072300004],[92.19799804700006,26.889587402000075],[92.12298584000007,26.88861084000007],[92.11541748000008,26.891601562000062],[92.10559082000003,26.867004395000038],[92.05938720700004,26.84619140600006],[91.98681640600006,26.857421875000057],[91.96740722700008,26.881591797000056],[91.89599609400005,26.918395996000072],[91.86242675800008,26.912841797000056],[91.82720947300004,26.86358642600004],[91.72381591800007,26.81158447300004],[91.69323730500008,26.80639648400006],[91.62902832000003,26.82061767600004],[91.59600830100004,26.80480957000003],[91.49822998000008,26.790832520000038],[91.46740722700008,26.802001953000058],[91.41119384800004,26.83959960900006],[91.37921142600004,26.794799805000025],[91.34039306600005,26.780212402000075],[91.30059814500004,26.786437988000046],[91.28039550800008,26.799804687000062],[91.23980712900004,26.81158447300004],[91.14923095700004,26.810791016000053],[91.10058593700006,26.821594238000046],[91.05718994100005,26.780395508000026],[90.99542236300005,26.790405273000033],[90.81982421900005,26.775817871000072],[90.74523925800008,26.77459716800007],[90.72003173800005,26.768005371000072],[90.69598388700007,26.77038574200003],[90.67883300800008,26.783996582000043],[90.64941406200006,26.77642822300004],[90.63720703100006,26.79382324200003],[90.58959960900006,26.80322265600006],[90.54943847700008,26.816406250000057],[90.42102050800008,26.903991699000073],[90.35864257800006,26.900390625000057],[90.35083007800006,26.875],[90.30358886700003,26.848205566000047],[90.25103759800004,26.859191895000038],[90.23364257800006,26.858398437000062],[90.20404052700007,26.83502197300004],[90.19061279300007,26.806823730000076],[90.19763183600008,26.77319335900006],[90.14282226600005,26.753417969000054],[90.05218505900007,26.73004150400004],[90.01098632800006,26.731811523000033],[89.96960449200003,26.723205566000047],[89.90039062500006,26.723999023000033],[89.86523437500006,26.73663330100004],[89.86602783200004,26.700622559000067],[89.85461425800008,26.69683837900004],[89.86621093700006,26.680786133000026],[89.86779785200008,26.648986816000047],[89.85260009800004,26.62780761700003],[89.87243652300003,26.61358642600004],[89.86041259800004,26.575622559000067],[89.86523437500006,26.554382324000073],[89.85479736300005,26.522399902000075],[89.86383056600005,26.468811035000044],[89.86383056600005,26.445983887000068],[89.85278320300006,26.42022705100004],[89.83740234400005,26.413391113000046],[89.83020019500003,26.370605469000054],[89.81604003900009,26.372009277000075],[89.78381347700008,26.35241699200003],[89.78540039100005,26.332214355000076],[89.76239013700007,26.31604003900003],[89.74603271500007,26.294189453000058],[89.74121093700006,26.270812988000046],[89.72259521500007,26.25701904300007],[89.71618652300003,26.211608887000068],[89.72558593700006,26.17663574200003],[89.73883056600005,26.171386719000054],[89.76879882800006,26.126220703000058],[89.75860595700004,26.114196777000075],[89.79779052700007,26.082824707000043],[89.79858398400006,26.05780029300007],[89.81481933600008,26.040039062000062],[89.82421875000006,26.011596680000025],[89.84698486300005,26.006042480000076],[89.86981201200007,25.982238770000038],[89.85003662100007,25.95660400400004],[89.85119628900009,25.942199707000043],[89.88958740200007,25.945007324000073],[89.88122558600008,25.923828125000057],[89.83599853500004,25.870788574000073],[89.83843994100005,25.841796875000057],[89.82904052700007,25.810241699000073],[89.84381103500004,25.758422852000024],[89.83001709000007,25.73999023400006],[89.83599853500004,25.717590332000043],[89.87384033200004,25.661987305000025],[89.88519287100007,25.61682128900003],[89.86883544900007,25.545593262000068],[89.85418701200007,25.538391113000046],[89.86303710900006,25.517028809000067],[89.85101318400007,25.478210449000073],[89.85583496100008,25.46282959000007],[89.83703613300008,25.434387207000043],[89.81683349600007,25.369384766000053],[89.82940673800005,25.33319091800007],[89.84301757800006,25.31799316400003],[89.83782959000007,25.295593262000068],[89.87219238300008,25.286621094000054],[89.91101074200003,25.307434082000043],[89.93218994100005,25.299011230000076],[89.97503662100007,25.300598145000038],[89.98382568400007,25.28479003900003],[90.01239013700007,25.27142334000007],[90.06280517600004,25.25561523400006],[90.11523437500006,25.22381591800007],[90.16259765600006,25.223022461000028],[90.21740722700008,25.202636719000054],[90.26318359400005,25.195007324000073],[90.27819824200003,25.19738769500003],[90.30780029300007,25.18640136700003],[90.33459472700008,25.191223145000038],[90.38018798800005,25.16119384800004],[90.41241455100004,25.155639648000033],[90.44738769500003,25.143188477000024],[90.51318359400005,25.168029785000044],[90.59960937500006,25.173217773000033],[90.63922119100005,25.172607422000056],[90.66802978500004,25.184204102000024],[90.67138671900005,25.17181396500007],[90.69641113300008,25.15924072300004],[90.76342773400006,25.164611816000047],[90.77801513700007,25.181823730000076],[90.79321289100005,25.181823730000076],[90.82238769500003,25.163024902000075],[90.87243652300003,25.15924072300004],[90.88983154300007,25.166015625000057],[90.91143798800005,25.161621094000054],[90.96862793000008,25.170837402000075],[91.05322265600006,25.190795898000033],[91.08459472700008,25.201416016000053],[91.13781738300008,25.192382812000062],[91.19622802700007,25.199218750000057],[91.25500488300008,25.19702148400006],[91.26763916000004,25.20623779300007],[91.34838867200006,25.17199707000003],[91.37939453100006,25.166625977000024],[91.41699218700006,25.17199707000003],[91.43481445300006,25.155212402000075],[91.46978759800004,25.148986816000047],[91.47399902300003,25.13562011700003],[91.49603271500007,25.134216309000067],[91.51080322300004,25.144592285000044],[91.55682373000008,25.150817871000072],[91.58264160200008,25.169616699000073],[91.60601806600005,25.173217773000033],[91.60821533200004,25.142639160000044],[91.62701416000004,25.143005371000072],[91.64501953100006,25.123840332000043],[91.69720459000007,25.13983154300007],[91.71423339800003,25.157592773000033],[91.74700927700007,25.14801025400004],[91.74981689500004,25.171203613000046],[91.76922607400007,25.166809082000043],[91.80938720700004,25.16882324200003],[91.84423828100006,25.17822265600006],[91.87481689500004,25.174621582000043],[91.91638183600008,25.182189941000047],[91.95019531200006,25.18280029300007],[91.98620605500008,25.171020508000026],[92.01403808600008,25.188598633000026],[92.04962158200004,25.181640625000057],[92.08459472700008,25.183410645000038],[92.12561035200008,25.165405273000033],[92.13861084000007,25.142822266000053],[92.17901611300005,25.12280273400006],[92.20281982400007,25.124816895000038],[92.23242187500006,25.096618652000075],[92.30041503900009,25.071594238000046],[92.32659912100007,25.08038330100004],[92.34399414100005,25.077392578000058],[92.35223388700007,25.047790527000075],[92.39239502000004,25.041381836000028],[92.42919921900005,25.028808594000054],[92.41961669900007,24.992004395000038],[92.42163085900006,24.965820312000062],[92.46179199200003,24.970031738000046],[92.47119140600006,24.962585449000073],[92.45458984400005,24.93798828100006],[92.48699951200007,24.93139648400006],[92.49981689500004,24.901611328000058],[92.49102783200004,24.870788574000073],[92.44738769500003,24.87139892600004],[92.42938232400007,24.851989746000072],[92.40899658200004,24.858398437000062],[92.39044189500004,24.850585937000062],[92.37762451200007,24.873596191000047],[92.34338378900009,24.877197266000053],[92.29919433600008,24.91522216800007],[92.27520752000004,24.90460205100004],[92.25,24.908020020000038],[92.24121093700006,24.86804199200003],[92.24438476600005,24.84143066400003],[92.27258300800008,24.829040527000075],[92.27600097700008,24.80041503900003],[92.29162597700008,24.78759765600006],[92.28302002000004,24.765808105000076],[92.28424072300004,24.74182128900003],[92.29901123000008,24.736022949000073],[92.26800537100007,24.690185547000056],[92.25299072300004,24.648620605000076],[92.23638916000004,24.581420898000033],[92.23443603500004,24.546386719000054],[92.21478271500007,24.503784180000025],[92.23962402300003,24.48822021500007],[92.23339843700006,24.460815430000025],[92.26239013700007,24.438781738000046],[92.25762939500004,24.419616699000073],[92.27722168000008,24.387817383000026],[92.26678466800007,24.359985352000024],[92.21600341800007,24.249389648000033],[92.42559814500004,24.25439453100006],[92.42199707000003,24.192199707000043],[92.43878173800005,24.178405762000068],[92.43963623000008,24.152221680000025],[92.48059082000003,24.141418457000043],[92.51861572300004,24.178405762000068],[92.52801513700007,24.171203613000046],[92.55084228500004,24.222839355000076],[92.55438232400007,24.246826172000056],[92.61541748000008,24.25299072300004],[92.62542724600007,24.330627441000047],[92.65301513700007,24.328186035000044],[92.66241455100004,24.341796875000057],[92.69238281200006,24.35260009800004],[92.71038818400007,24.385986328000058],[92.71459960900006,24.406799316000047],[92.74359130900007,24.468017578000058],[92.75518798800005,24.50579834000007],[92.76702880900007,24.52038574200003],[92.79980468700006,24.432189941000047],[92.81604003900009,24.408386230000076],[92.83123779300007,24.40142822300004],[92.82922363300008,24.375793457000043],[92.84838867200006,24.37921142600004],[92.86499023400006,24.39801025400004],[92.88720703100006,24.401794434000067],[92.90423584000007,24.390014648000033],[92.97619628900009,24.407226562000062],[93.00219726600005,24.39959716800007],[93.03601074200003,24.42822265600006],[93.03918457000003,24.46002197300004],[93.04919433600008,24.474792480000076],[93.03558349600007,24.494018555000025],[93.05303955100004,24.518188477000024],[93.05242919900007,24.542419434000067],[93.09240722700008,24.572814941000047],[93.07440185500008,24.598999023000033],[93.08703613300008,24.612426758000026],[93.08178710900006,24.628417969000054],[93.10723877000004,24.673217773000033],[93.08300781200006,24.70361328100006],[93.09362793000008,24.72418212900004],[93.11462402300003,24.79998779300007],[93.13763427700007,24.809814453000058],[93.15740966800007,24.788208008000026],[93.19323730500008,24.818237305000025],[93.23522949200003,24.898620605000076],[93.25323486300005,24.954589844000054],[93.24719238300008,25.015441895000038],[93.26782226600005,25.049011230000076],[93.30242919900007,25.051208496000072],[93.31799316400009,25.084228516000053],[93.33483886700003,25.092590332000043],[93.35003662100007,25.137390137000068],[93.34722900400004,25.158386230000076],[93.35723877000004,25.187011719000054],[93.38781738300008,25.232421875000057],[93.38421630900007,25.238830566000047],[93.42419433600008,25.277404785000044],[93.47381591800007,25.30462646500007],[93.45660400400004,25.320983887000068],[93.45458984400005,25.353210449000073],[93.46704101600005,25.359191895000038],[93.47619628900009,25.38562011700003],[93.46502685500008,25.397033691000047],[93.45861816400009,25.434020996000072],[93.44018554700006,25.44738769500003],[93.41882324200003,25.44439697300004],[93.39160156200006,25.46282959000007],[93.38519287100007,25.490417480000076],[93.33782959000007,25.53424072300004],[93.34564209000007,25.559387207000043],[93.36663818400007,25.559997559000067],[93.38281250000006,25.575988770000038],[93.40502929700006,25.610839844000054],[93.42480468700006,25.617797852000024],[93.44763183600008,25.639221191000047],[93.45861816400009,25.633239746000072],[93.49981689500004,25.653991699000073],[93.53442382800006,25.692199707000043],[93.56939697300004,25.75299072300004],[93.62023925800008,25.775207520000038],[93.64984130900007,25.81939697300004],[93.67181396500007,25.82220459000007],[93.70520019500003,25.85119628900003],[93.68499755900007,25.902404785000044],[93.71038818400007,25.918640137000068],[93.73980712900004,25.922607422000056],[93.74859619100005,25.93939209000007],[93.77844238300008,25.960815430000025],[93.79058837900004,25.946228027000075],[93.79901123000008,25.90600585900006],[93.78741455100004,25.883789062000062],[93.78100585900006,25.842041016000053],[93.79339599600007,25.810791016000053],[93.81964111300005,25.82220459000007],[93.82440185500008,25.83819580100004],[93.85559082000003,25.857788086000028],[93.87939453100006,25.842041016000053],[93.89941406200006,25.857421875000057],[93.91918945300006,25.883239746000072],[93.97003173800005,25.905395508000026],[93.98199462900004,25.916198730000076],[93.97198486300005,25.95678710900006],[93.95739746100008,25.968811035000044],[93.96582031200006,26.03619384800004],[93.98901367200006,26.065429687000062],[93.98498535200008,26.08178710900006],[94.00042724600007,26.106384277000075],[93.99218750000006,26.132812500000057],[94.00701904300007,26.15979003900003],[94.01098632800006,26.182006836000028],[94.03540039100005,26.19720459000007],[94.03979492200006,26.225585937000062],[94.05181884800004,26.25],[94.07800293000008,26.264038086000028],[94.07800293000008,26.283203125000057],[94.10101318400007,26.30163574200003],[94.10839843700006,26.319641113000046],[94.14123535200008,26.335815430000025],[94.17498779300007,26.337585449000073],[94.18103027300003,26.382995605000076],[94.17523193400007,26.415405273000033],[94.18920898400006,26.45861816400003],[94.20599365200007,26.468627930000025],[94.21002197300004,26.484985352000024],[94.23999023400006,26.50579834000007],[94.25958252000004,26.540832520000038],[94.27398681600005,26.548828125000057],[94.28942871100008,26.517822266000053],[94.28662109400005,26.504638672000056],[94.29699707000003,26.470397949000073],[94.31878662100007,26.457824707000043],[94.32983398400006,26.475036621000072],[94.35040283200004,26.485595703000058],[94.36083984400005,26.504821777000075],[94.39843750000006,26.532592773000033],[94.41638183600008,26.575988770000038],[94.40539550800008,26.593017578000058],[94.40679931600005,26.610839844000054],[94.43902587900004,26.62158203100006],[94.46319580100004,26.636413574000073],[94.46539306600005,26.66223144500003],[94.52142334000007,26.682434082000043],[94.54260253900009,26.705810547000056],[94.59320068400007,26.696228027000075],[94.59680175800008,26.730834961000028],[94.62799072300004,26.715026855000076],[94.66082763700007,26.71978759800004],[94.69720459000007,26.732421875000057],[94.74023437500006,26.76342773400006],[94.76159668000008,26.765625],[94.77099609400005,26.785583496000072],[94.80499267600004,26.799804687000062],[94.81781005900007,26.81921386700003],[94.82098388700007,26.84741210900006],[94.85363769500003,26.87420654300007],[94.86938476600005,26.908386230000076],[94.89282226600005,26.92858886700003],[94.91864013700007,26.937011719000054],[94.93420410200008,26.932189941000047],[94.96441650400004,26.937011719000054],[94.97161865200007,26.922241211000028],[95.01843261700009,26.921386719000054],[95.03881835900006,26.935791016000053],[95.08843994100005,26.951232910000044],[95.11181640600006,26.976623535000044],[95.15362548800005,26.998840332000043],[95.19598388700007,27.03479003900003]]]},"properties":{"OBJECTID":77,"object_id":20,"name":"ASSAM & MEGHALAYA","state_code":"ASSAM","region_cod":"EAST AND NORTH EAST INDIA","subdivisio":"ASSAM & MEGHALAYA","uorder":3},"id": 3},
{"type":"Feature","geometry":{"type":"Polygon","coordinates":[[[85.70959472700008,24.769226074000073],[85.74383544900007,24.81939697300004],[85.78039550800008,24.796020508000026],[85.81182861300005,24.793640137000068],[85.82238769500003,24.807617187000062],[85.85363769500003,24.80822753900003],[85.89202880900007,24.792236328000058],[85.92224121100008,24.744018555000025],[85.94061279300007,24.734191895000038],[85.97259521500007,24.732604980000076],[85.97760009800004,24.744201660000044],[86.05761718700006,24.77923584000007],[86.06738281200006,24.75103759800004],[86.09661865200007,24.744384766000053],[86.13079834000007,24.698242187000062],[86.13360595700004,24.675231934000067],[86.12384033200004,24.634826660000044],[86.125,24.613830566000047],[86.15258789100005,24.60119628900003],[86.16918945300006,24.58319091800007],[86.19042968700006,24.583007812000062],[86.21600341800007,24.593811035000044],[86.22601318400007,24.61022949200003],[86.25720214800003,24.58642578100006],[86.29479980500008,24.587402344000054],[86.31982421900005,24.576782227000024],[86.30303955100004,24.560424805000025],[86.29962158200004,24.53283691400003],[86.31158447300004,24.51062011700003],[86.27844238300008,24.465393066000047],[86.31823730500008,24.441589355000076],[86.35144043000008,24.445983887000068],[86.35998535200008,24.429382324000073],[86.39782714800003,24.414794922000056],[86.41601562500006,24.37939453100006],[86.43499755900007,24.379638672000056],[86.44720459000007,24.367187500000057],[86.46942138700007,24.38043212900004],[86.46862793000008,24.417236328000058],[86.49359130900007,24.427612305000025],[86.49780273400006,24.455627441000047],[86.48742675800008,24.46960449200003],[86.50219726600005,24.50939941400003],[86.53100585900006,24.54400634800004],[86.55059814500004,24.538391113000046],[86.58282470700004,24.566223145000038],[86.60662841800007,24.60522460900006],[86.67181396500007,24.56561279300007],[86.73840332000003,24.583984375000057],[86.75244140600006,24.59478759800004],[86.75579834000007,24.617614746000072],[86.78942871100008,24.616027832000043],[86.80902099600007,24.598388672000056],[86.82202148400006,24.57342529300007],[86.86242675800008,24.555603027000075],[86.88220214800003,24.573608398000033],[86.89123535200008,24.560424805000025],[86.92059326200007,24.557434082000043],[86.91119384800004,24.595214844000054],[86.93218994100005,24.626220703000058],[86.98083496100008,24.639587402000075],[86.99859619100005,24.619384766000053],[87.05139160200008,24.617614746000072],[87.05639648400006,24.66882324200003],[87.08300781200006,24.725585937000062],[87.07238769500003,24.743591309000067],[87.08642578100006,24.755004883000026],[87.08123779300007,24.777038574000073],[87.09820556600005,24.802185059000067],[87.09204101600005,24.82183837900004],[87.11181640600006,24.85119628900003],[87.14483642600004,24.864196777000075],[87.15960693400007,24.88238525400004],[87.14739990200007,24.91882324200003],[87.15679931600005,24.97760009800004],[87.14843750000006,25.018981934000067],[87.16040039100005,25.027404785000044],[87.18359375000006,25.065429687000062],[87.19439697300004,25.06561279300007],[87.21643066400009,25.090393066000047],[87.23962402300003,25.088806152000075],[87.26342773400006,25.10400390600006],[87.27301025400004,25.093200684000067],[87.29803466800007,25.08819580100004],[87.30761718700006,25.142395020000038],[87.32183837900004,25.164794922000056],[87.32080078100006,25.19439697300004],[87.33703613300008,25.215637207000043],[87.37341308600008,25.20678710900006],[87.39440918000008,25.22741699200003],[87.46539306600005,25.194641113000046],[87.48059082000003,25.194030762000068],[87.47583007800006,25.232788086000028],[87.50140380900007,25.26220703100006],[87.48980712900004,25.296020508000026],[87.54522705100004,25.293640137000068],[87.55438232400007,25.332214355000076],[87.57720947300004,25.340393066000047],[87.60699462900004,25.315002441000047],[87.63299560500008,25.31921386700003],[87.65740966800007,25.307189941000047],[87.69464111300005,25.311218262000068],[87.69580078100006,25.28424072300004],[87.71398925800008,25.274230957000043],[87.71398925800008,25.257202148000033],[87.76544189500004,25.26519775400004],[87.79119873000008,25.257995605000076],[87.82098388700007,25.24139404300007],[87.84783935500008,25.263000488000046],[87.85504150400004,25.294799805000025],[87.81103515600006,25.32720947300004],[87.78680419900007,25.33959960900006],[87.79199218700006,25.376403809000067],[87.76678466800007,25.38562011700003],[87.76940918000008,25.409606934000067],[87.78961181600005,25.44879150400004],[87.82659912100007,25.43603515600006],[87.84179687500006,25.467590332000043],[87.87103271500007,25.467590332000043],[87.86859130900007,25.49639892600004],[87.88800048800005,25.508789062000062],[87.90539550800008,25.50439453100006],[87.91802978500004,25.533203125000057],[87.96881103500004,25.535827637000068],[87.99658203100006,25.51379394500003],[88.01959228500004,25.511230469000054],[88.03363037100007,25.48999023400006],[88.07598877000004,25.484436035000044],[88.07403564500004,25.515441895000038],[88.05480957000003,25.548828125000057],[88.03399658200004,25.55358886700003],[88.02423095700004,25.59564209000007],[88.04638671900005,25.609985352000024],[88.03784179700006,25.625183105000076],[88.05780029300007,25.69104003900003],[88.05139160200008,25.702392578000058],[87.98638916000004,25.720397949000073],[87.95404052700007,25.74639892600004],[87.94763183600008,25.769409180000025],[87.91119384800004,25.773986816000047],[87.90881347700008,25.820007324000073],[87.89202880900007,25.83020019500003],[87.91619873000008,25.851440430000025],[87.89501953100006,25.865417480000076],[87.83203125000006,25.87139892600004],[87.81341552700007,25.927612305000025],[87.83721923800005,25.94580078100006],[87.85058593700006,25.96923828100006],[87.84820556600005,25.981811523000033],[87.85919189500004,26.023437500000057],[87.88220214800003,26.03900146500007],[87.90899658200004,26.074035645000038],[87.93359375000006,26.08178710900006],[87.93762207000003,26.063781738000046],[87.96240234400005,26.075439453000058],[87.98498535200008,26.07238769500003],[87.98699951200007,26.101440430000025],[87.97918701200007,26.117614746000072],[87.98242187500006,26.139587402000075],[88.01678466800007,26.150634766000053],[88.03741455100004,26.178833008000026],[88.07580566400009,26.174804687000062],[88.12542724600007,26.226013184000067],[88.14459228500004,26.226013184000067],[88.14703369100005,26.248229980000076],[88.17919921900005,26.253601074000073],[88.23040771500007,26.284423828000058],[88.23339843700006,26.30041503900003],[88.25219726600005,26.314636230000076],[88.25579834000007,26.333984375000057],[88.28320312500006,26.326232910000044],[88.29003906200006,26.357604980000076],[88.28021240200007,26.378417969000054],[88.24822998000008,26.375183105000076],[88.23681640600006,26.392395020000038],[88.26702880900007,26.423217773000033],[88.25323486300005,26.432983398000033],[88.22839355500008,26.479614258000026],[88.20098877000004,26.484436035000044],[88.18499755900007,26.507995605000076],[88.23803710900006,26.544433594000054],[88.22302246100008,26.556030273000033],[88.19183349600007,26.559204102000024],[88.16918945300006,26.535217285000044],[88.13763427700007,26.52319335900006],[88.10803222700008,26.550598145000038],[88.10919189500004,26.54058837900004],[88.10943603500004,26.536437988000046],[88.10119628900009,26.512817383000026],[88.11322021500007,26.497192383000026],[88.10180664100005,26.455810547000056],[88.07098388700007,26.414611816000047],[88.03558349600007,26.38983154300007],[88.03222656200006,26.367614746000072],[88,26.364624023000033],[87.99438476600005,26.392395020000038],[87.96838378900009,26.397216797000056],[87.91802978500004,26.430786133000026],[87.92620849600007,26.44683837900004],[87.90179443400007,26.478210449000073],[87.86621093700006,26.468200684000067],[87.85083007800006,26.43658447300004],[87.79479980500008,26.468627930000025],[87.76861572300004,26.41400146500007],[87.72540283200004,26.411987305000025],[87.71539306600005,26.427001953000058],[87.67962646500007,26.435241699000073],[87.67999267600004,26.415405273000033],[87.65203857400007,26.405639648000033],[87.60778808600008,26.38061523400006],[87.55523681600005,26.405212402000075],[87.54962158200004,26.417785645000038],[87.51843261700003,26.430419922000056],[87.46618652300003,26.439819336000028],[87.42962646500007,26.42163085900006],[87.39044189500004,26.41882324200003],[87.37060546900005,26.407592773000033],[87.35821533200004,26.38842773400006],[87.35980224600007,26.361022949000073],[87.34283447300004,26.34741210900006],[87.31420898400006,26.37139892600004],[87.26800537100007,26.373229980000076],[87.26782226600005,26.405639648000033],[87.23779296900005,26.414794922000056],[87.16479492200006,26.40423584000007],[87.13281250000006,26.42041015600006],[87.09362793000008,26.450439453000058],[87.08361816400009,26.51220703100006],[87.07440185500008,26.540405273000033],[87.07324218700006,26.58624267600004],[87.04498291000004,26.587219238000046],[87.04003906200006,26.560791016000053],[87.01898193400007,26.531433105000076],[86.97882080100004,26.519409180000025],[86.93524169900007,26.514221191000047],[86.93182373000008,26.48944091800007],[86.89782714800003,26.48803710900006],[86.89520263700007,26.460998535000044],[86.83599853500004,26.43902587900004],[86.77020263700007,26.45861816400003],[86.74938964800003,26.428833008000026],[86.73199462900004,26.422790527000075],[86.70263671900005,26.437194824000073],[86.69183349600007,26.450622559000067],[86.63684082000003,26.463989258000026],[86.62799072300004,26.48022460900006],[86.56542968700006,26.50158691400003],[86.54443359400005,26.538024902000075],[86.49859619100005,26.542785645000038],[86.45739746100008,26.567810059000067],[86.39758300800008,26.585205078000058],[86.39599609400005,26.59423828100006],[86.34381103500004,26.605834961000028],[86.34539794900007,26.617004395000038],[86.30981445300006,26.61999511700003],[86.29583740200007,26.61322021500007],[86.25543212900004,26.614624023000033],[86.23699951200007,26.592590332000043],[86.22143554700006,26.588439941000047],[86.19824218700006,26.60699462900004],[86.17279052700007,26.616210937000062],[86.13842773400006,26.606201172000056],[86.13922119100005,26.62921142600004],[86.12182617200006,26.629821777000075],[86.07562255900007,26.64959716800007],[86.07159423800005,26.657226562000062],[86.03063964800003,26.666015625000057],[86.01342773400006,26.65582275400004],[85.97723388700007,26.656982422000056],[85.95599365200007,26.64624023400006],[85.95721435500008,26.63079834000007],[85.91619873000008,26.608215332000043],[85.86358642600004,26.57043457000003],[85.85302734400005,26.608215332000043],[85.81939697300004,26.60260009800004],[85.80401611300005,26.624023437000062],[85.77203369100005,26.62921142600004],[85.73461914100005,26.65319824200003],[85.72601318400007,26.674804687000062],[85.73101806600005,26.74920654300007],[85.73699951200007,26.795593262000068],[85.72399902300003,26.820007324000073],[85.68182373000008,26.84338378900003],[85.64501953100006,26.853027344000054],[85.62640380900007,26.873413086000028],[85.58801269500003,26.846618652000075],[85.54583740200007,26.83782959000007],[85.52441406200006,26.816223145000038],[85.5,26.81262207000003],[85.49761962900004,26.79681396500007],[85.45318603500004,26.781799316000047],[85.41003418000008,26.791381836000028],[85.37298584000007,26.758422852000024],[85.35662841800007,26.759826660000044],[85.33660888700007,26.74139404300007],[85.30999755900007,26.751831055000025],[85.26879882800006,26.75439453100006],[85.23480224600007,26.76184082000003],[85.21478271500007,26.75738525400004],[85.20001220700004,26.768981934000067],[85.17938232400007,26.815185547000056],[85.19360351600005,26.830810547000056],[85.19281005900007,26.86999511700003],[85.10083007800006,26.870605469000054],[85.09161377000004,26.859436035000044],[85.05981445300006,26.848999023000033],[85.03179931600005,26.859191895000038],[85.03259277300003,26.875],[85.05102539100005,26.88983154300007],[85.00683593700006,26.89483642600004],[85.00262451200007,26.91119384800004],[84.97100830100004,26.915405273000033],[84.97900390600006,26.941833496000072],[84.96759033200004,26.958007812000062],[84.93103027300003,26.968627930000025],[84.91302490200007,26.967590332000043],[84.85980224600007,26.98840332000003],[84.85778808600008,27.007995605000076],[84.82421875000006,27.020996094000054],[84.78918457000003,27.001403809000067],[84.77600097700008,27.017395020000038],[84.75982666000004,27.00244140600006],[84.70660400400004,27.02502441400003],[84.64703369100005,27.04541015600006],[84.64819335900006,27.075439453000058],[84.67700195300006,27.100036621000072],[84.68481445300006,27.15582275400004],[84.68463134800004,27.194824219000054],[84.69219970700004,27.221435547000056],[84.65002441400009,27.298828125000057],[84.62243652300003,27.338989258000026],[84.60479736300005,27.337585449000073],[84.56823730500008,27.346984863000046],[84.50518798800005,27.35504150400004],[84.47241210900006,27.354614258000026],[84.42443847700008,27.37121582000003],[84.35620117200006,27.37139892600004],[84.28143310500008,27.395996094000054],[84.27880859400005,27.425842285000044],[84.26062011700003,27.45080566400003],[84.23461914100005,27.45538330100004],[84.14819335900006,27.49182128900003],[84.15399169900007,27.516601562000062],[84.13104248000008,27.511596680000025],[84.09979248000008,27.516601562000062],[84.09503173800005,27.490234375000057],[84.06658935500008,27.477783203000058],[84.05963134800004,27.455627441000047],[84.01959228500004,27.438415527000075],[84.00018310500008,27.445983887000068],[83.94958496100008,27.442016602000024],[83.93640136700003,27.449584961000028],[83.91802978500004,27.440002441000047],[83.87182617200006,27.437194824000073],[83.85021972700008,27.448608398000033],[83.83441162100007,27.430603027000075],[83.85919189500004,27.393798828000058],[83.87701416000004,27.383789062000062],[83.88403320300006,27.36480712900004],[83.86560058600008,27.343811035000044],[83.85363769500003,27.317199707000043],[83.87359619100005,27.307006836000028],[83.90643310500008,27.326416016000053],[83.92718505900007,27.32202148400006],[83.93139648400006,27.291381836000028],[83.90679931600005,27.272216797000056],[83.91400146500007,27.245788574000073],[83.96063232400007,27.233215332000043],[83.98919677700007,27.19738769500003],[83.99542236300005,27.17303466800007],[83.98162841800007,27.165405273000033],[83.94958496100008,27.11163330100004],[83.94879150400004,27.090026855000076],[83.96643066400009,27.083801270000038],[84.01861572300004,27.10522460900006],[84.03100585900006,27.087036133000026],[84.00781250000006,27.059997559000067],[84.05181884800004,27.04260253900003],[84.04803466800007,27.004821777000075],[84.05902099600007,26.989013672000056],[84.05499267600004,26.95483398400006],[84.03662109400005,26.93798828100006],[84.05621337900004,26.929016113000046],[84.05523681600005,26.909423828000058],[84.08178710900006,26.877624512000068],[84.13159179700006,26.893005371000072],[84.14923095700004,26.871826172000056],[84.15039062500006,26.843017578000058],[84.18402099600007,26.83319091800007],[84.19219970700004,26.858215332000043],[84.22143554700006,26.87139892600004],[84.25683593700006,26.855834961000028],[84.25604248000008,26.825195312000062],[84.26239013700007,26.80621337900004],[84.25061035200008,26.770629883000026],[84.23480224600007,26.753417969000054],[84.25122070300006,26.729431152000075],[84.28784179700006,26.74963378900003],[84.30822753900009,26.74920654300007],[84.32818603500004,26.713989258000026],[84.33239746100008,26.683593750000057],[84.41284179700006,26.669799805000025],[84.41198730500008,26.64660644500003],[84.42181396500007,26.625793457000043],[84.35662841800007,26.61962890600006],[84.28680419900007,26.59918212900004],[84.24139404300007,26.609985352000024],[84.20501709000007,26.62420654300007],[84.17083740200007,26.62261962900004],[84.16101074200003,26.635986328000058],[84.11059570300006,26.63238525400004],[84.09204101600005,26.63842773400006],[84.08520507800006,26.592041016000053],[84.06799316400009,26.576416016000053],[84.04998779300007,26.53601074200003],[84.00903320300006,26.525207520000038],[83.97900390600006,26.53118896500007],[83.97064209000007,26.50701904300007],[83.95343017600004,26.508605957000043],[83.94219970700004,26.52502441400003],[83.90820312500006,26.51220703100006],[83.91741943400007,26.502624512000068],[83.91284179700006,26.449401855000076],[83.94842529300007,26.438415527000075],[83.99359130900007,26.432006836000028],[83.99920654300007,26.445190430000025],[84.02038574200003,26.44702148400006],[84.03942871100008,26.413024902000075],[84.07043457000003,26.388000488000046],[84.12243652300003,26.385009766000053],[84.17761230500008,26.37298584000007],[84.17498779300007,26.332824707000043],[84.18762207000003,26.315185547000056],[84.17663574200003,26.29058837900004],[84.17822265600006,26.263183594000054],[84.14959716800007,26.254821777000075],[84.12219238300008,26.257995605000076],[84.11962890600006,26.23999023400006],[84.06201171900005,26.223205566000047],[84.04040527300003,26.236389160000044],[84.02844238300008,26.203002930000025],[84.01019287100007,26.18762207000003],[84.01300048800005,26.173217773000033],[84.03582763700007,26.160034180000025],[84.02960205100004,26.14221191400003],[84.04840087900004,26.132629395000038],[84.05798339800003,26.099792480000076],[84.09082031200006,26.100036621000072],[84.12438964800003,26.075012207000043],[84.13922119100005,26.052612305000025],[84.17462158200004,26.024230957000043],[84.17224121100008,25.987426758000026],[84.20861816400009,25.998596191000047],[84.24139404300007,25.984802246000072],[84.24700927700007,25.975585937000062],[84.31402587900004,25.943420410000044],[84.35620117200006,25.958435059000067],[84.38958740200007,25.937011719000054],[84.41400146500007,25.930419922000056],[84.43878173800005,25.891235352000024],[84.47460937500006,25.881408691000047],[84.49304199200003,25.88702392600004],[84.51300048800005,25.87103271500007],[84.53619384800004,25.875793457000043],[84.53259277300003,25.83123779300007],[84.55303955100004,25.840393066000047],[84.58563232400007,25.82342529300007],[84.62701416000004,25.791625977000024],[84.62579345700004,25.770629883000026],[84.60260009800004,25.73803710900006],[84.56243896500007,25.73663330100004],[84.56500244100005,25.691589355000076],[84.53759765600006,25.690185547000056],[84.52239990200007,25.674621582000043],[84.49560546900005,25.690185547000056],[84.47283935500008,25.68658447300004],[84.46423339800003,25.70861816400003],[84.40863037100007,25.715209961000028],[84.38720703100006,25.74639892600004],[84.33880615200007,25.74322509800004],[84.33062744100005,25.730834961000028],[84.32598877000004,25.669982910000044],[84.29620361300005,25.65979003900003],[84.22540283200004,25.661987305000025],[84.20800781200006,25.669433594000054],[84.20098877000004,25.701782227000024],[84.15661621100008,25.726989746000072],[84.10662841800007,25.72064209000007],[84.07702636700003,25.695007324000073],[84.08721923800005,25.651611328000058],[84.08343505900007,25.635986328000058],[84.01959228500004,25.61444091800007],[83.95959472700008,25.569824219000054],[83.92663574200003,25.554016113000046],[83.90661621100008,25.526184082000043],[83.87841796900005,25.517639160000044],[83.88000488300008,25.498840332000043],[83.85821533200004,25.467590332000043],[83.81420898400006,25.45080566400003],[83.82519531200006,25.43463134800004],[83.81042480500008,25.409423828000058],[83.79180908200004,25.39642334000007],[83.75903320300006,25.403991699000073],[83.71862793000008,25.39660644500003],[83.69659423800005,25.36999511700003],[83.66119384800004,25.364196777000075],[83.65478515600006,25.34741210900006],[83.63061523400006,25.328186035000044],[83.61022949200003,25.33123779300007],[83.58264160200008,25.316833496000072],[83.54040527300003,25.304016113000046],[83.51702880900007,25.284423828000058],[83.49938964800003,25.285034180000025],[83.47882080100004,25.27142334000007],[83.47003173800005,25.252014160000044],[83.45361328100006,25.259582520000038],[83.41839599600007,25.25],[83.39801025400004,25.207214355000076],[83.37042236300005,25.19561767600004],[83.35919189500004,25.199401855000076],[83.35339355500008,25.156616211000028],[83.36541748000008,25.15319824200003],[83.36541748000008,25.110839844000054],[83.35241699200003,25.11322021500007],[83.34338378900009,25.08123779300007],[83.34539794900007,25.050598145000038],[83.32641601600005,25.036987305000025],[83.32220459000007,25.01678466800007],[83.35241699200003,25.008605957000043],[83.34539794900007,24.98040771500007],[83.36322021500007,24.954589844000054],[83.36480712900004,24.908996582000043],[83.37902832000003,24.859619141000053],[83.40344238300008,24.819030762000068],[83.39898681600005,24.778442383000026],[83.42999267600004,24.767822266000053],[83.46258544900007,24.731018066000047],[83.49182128900009,24.733215332000043],[83.48699951200007,24.70361328100006],[83.50061035200008,24.703002930000025],[83.52203369100005,24.676391602000024],[83.50244140600006,24.651184082000043],[83.52862548800005,24.62921142600004],[83.54620361300005,24.62780761700003],[83.52459716800007,24.598205566000047],[83.53222656200006,24.566833496000072],[83.52441406200006,24.547241211000028],[83.5,24.539428711000028],[83.50518798800005,24.52502441400003],[83.55401611300005,24.522827148000033],[83.59802246100008,24.51220703100006],[83.68981933600008,24.51342773400006],[83.71661377000004,24.503601074000073],[83.76300048800005,24.510986328000058],[83.80358886700003,24.52960205100004],[83.86462402300003,24.536621094000054],[83.87481689500004,24.531799316000047],[83.93719482400007,24.547790527000075],[83.97698974600007,24.59100341800007],[84,24.637817383000026],[84.01043701200007,24.642395020000038],[84.03582763700007,24.61962890600006],[84.07519531200006,24.567016602000024],[84.08062744100005,24.54022216800007],[84.09143066400009,24.53601074200003],[84.08758544900007,24.506225586000028],[84.11041259800004,24.476989746000072],[84.14282226600005,24.5],[84.13659668000008,24.523803711000028],[84.18078613300008,24.504821777000075],[84.18762207000003,24.518005371000072],[84.17443847700008,24.538024902000075],[84.19042968700006,24.552795410000044],[84.22198486300005,24.536437988000046],[84.26123046900005,24.533813477000024],[84.27960205100004,24.543395996000072],[84.29199218700006,24.562194824000073],[84.32440185500008,24.51519775400004],[84.32958984400005,24.48681640600006],[84.30541992200006,24.479797363000046],[84.29339599600007,24.465820312000062],[84.29962158200004,24.448608398000033],[84.32379150400004,24.44561767600004],[84.34362793000008,24.393188477000024],[84.39141845700004,24.379638672000056],[84.40563964800003,24.362792969000054],[84.43041992200006,24.356384277000075],[84.42663574200003,24.329406738000046],[84.46820068400007,24.330627441000047],[84.49102783200004,24.31420898400006],[84.50299072300004,24.286987305000025],[84.52581787100007,24.333007812000062],[84.53680419900007,24.364196777000075],[84.57623291000004,24.384582520000038],[84.56964111300005,24.408813477000024],[84.58520507800006,24.41241455100004],[84.61682128900009,24.39819335900006],[84.63281250000006,24.40460205100004],[84.66723632800006,24.392395020000038],[84.68780517600004,24.45520019500003],[84.71258544900007,24.470397949000073],[84.72802734400005,24.46838378900003],[84.75262451200007,24.496826172000056],[84.79162597700008,24.506835937000062],[84.80438232400007,24.530212402000075],[84.82800293000008,24.524841309000067],[84.84143066400009,24.511413574000073],[84.83660888700007,24.468994141000053],[84.87200927700007,24.457031250000057],[84.88800048800005,24.458801270000038],[84.88421630900007,24.424194336000028],[84.91882324200003,24.37280273400006],[84.93878173800005,24.37939453100006],[84.95739746100008,24.37103271500007],[85.03363037100007,24.415405273000033],[85.08398437500006,24.39801025400004],[85.07482910200008,24.38043212900004],[85.09118652300003,24.372009277000075],[85.12640380900007,24.401611328000058],[85.17620849600007,24.419982910000044],[85.16381835900006,24.460205078000058],[85.22698974600007,24.463806152000075],[85.25158691400009,24.490234375000057],[85.28741455100004,24.493835449000073],[85.28442382800006,24.51983642600004],[85.32379150400004,24.519409180000025],[85.39440918000008,24.52978515600006],[85.39984130900007,24.544433594000054],[85.43420410200008,24.53100585900006],[85.47320556600005,24.54400634800004],[85.50079345700004,24.546020508000026],[85.52600097700008,24.52038574200003],[85.54321289100005,24.530029297000056],[85.54803466800007,24.54840087900004],[85.57440185500008,24.561828613000046],[85.56842041000004,24.586608887000068],[85.58300781200006,24.600219727000024],[85.60418701200007,24.595214844000054],[85.61761474600007,24.58020019500003],[85.65539550800008,24.575439453000058],[85.67138671900005,24.579223633000026],[85.67840576200007,24.616210937000062],[85.66503906200006,24.650390625000057],[85.66882324200003,24.66101074200003],[85.65142822300004,24.684020996000072],[85.68359375000006,24.69104003900003],[85.71099853500004,24.726440430000025],[85.70959472700008,24.769226074000073]]]},"properties":{"OBJECTID":78,"object_id":15,"name":"BIHAR","state_code":"BIHAR","region_cod":"EAST AND NORTH EAST INDIA","subdivisio":"BIHAR","uorder":9},"id": 4},
{"type":"Feature","geometry":{"type":"Polygon","coordinates":[[[76.50018310500008,28.100219727000024],[76.49304199200003,28.129821777000075],[76.47698974600007,28.148437500000057],[76.40020752000004,28.144409180000025],[76.39160156200006,28.134582520000038],[76.35778808600008,28.14361572300004],[76.35559082000003,28.16381835900006],[76.30999755900007,28.178833008000026],[76.28381347700008,28.16418457000003],[76.32922363300008,28.14483642600004],[76.33422851600005,28.133605957000043],[76.36102294900007,28.124816895000038],[76.33782959000007,28.10260009800004],[76.33398437500006,28.076782227000024],[76.35760498000008,28.067382812000062],[76.34222412100007,28.028991699000073],[76.32183837900004,28.015991211000028],[76.29364013700007,28.025817871000072],[76.29461669900007,28.049194336000028],[76.26141357400007,28.067626953000058],[76.24401855500008,28.06439209000007],[76.22918701200007,28.04840087900004],[76.19042968700006,28.05621337900004],[76.17901611300005,28.045593262000068],[76.18218994100005,28.02142334000007],[76.16119384800004,27.99761962900004],[76.16479492200006,27.973388672000056],[76.18780517600004,27.965393066000047],[76.16918945300006,27.90319824200003],[76.20239257800006,27.892822266000053],[76.19482421900005,27.859802246000072],[76.22601318400007,27.833435059000067],[76.21820068400007,27.816589355000076],[76.20080566400003,27.821594238000046],[76.18218994100005,27.797424316000047],[76.15478515600006,27.819641113000046],[76.13342285200008,27.824401855000076],[76.12438964800003,27.851013184000067],[76.08898925800008,27.860595703000058],[76.08679199200003,27.84460449200003],[76.06182861300005,27.848205566000047],[76.04882812500006,27.83502197300004],[75.97241210900006,27.851989746000072],[75.98858642600004,27.903991699000073],[75.96923828100006,27.91418457000003],[75.93939209000007,27.91400146500007],[75.93383789100005,27.929382324000073],[75.95281982400007,27.947631836000028],[75.97381591800007,27.932617187000062],[75.98419189500004,27.950988770000038],[75.98760986300005,27.97863769500003],[75.96679687500006,27.983642578000058],[75.97802734400005,28.031433105000076],[76.01739502000004,28.030639648000033],[76.04199218700006,28.074035645000038],[76.02423095700004,28.085998535000044],[75.99420166000004,28.04663085900006],[75.98461914100005,28.081420898000033],[75.94000244100005,28.08782959000007],[75.94702148400006,28.107604980000076],[75.97778320300006,28.124816895000038],[75.99938964800003,28.12298584000007],[76.00518798800005,28.147827148000033],[76.02740478500004,28.164611816000047],[76.07183837900004,28.165039062000062],[76.06640625000006,28.141418457000043],[76.08538818400007,28.13684082000003],[76.09661865200007,28.150817871000072],[76.07519531200006,28.17358398400006],[76.07299804700006,28.19439697300004],[76.05261230500008,28.196228027000075],[76.05700683600008,28.220214844000054],[76.04119873000008,28.221984863000046],[76.01440429700006,28.244018555000025],[76.02740478500004,28.27502441400003],[75.98718261700003,28.293029785000044],[75.97338867200006,28.318603516000053],[75.95538330100004,28.333984375000057],[75.93420410200008,28.336608887000068],[75.93060302700007,28.359191895000038],[75.89282226600005,28.384216309000067],[75.84582519500003,28.39178466800007],[75.81658935500008,28.40979003900003],[75.79559326200007,28.39959716800007],[75.77740478500004,28.40423584000007],[75.77081298800005,28.422790527000075],[75.79321289100005,28.443786621000072],[75.78942871100008,28.45361328100006],[75.73681640600006,28.468811035000044],[75.73559570300006,28.484619141000053],[75.70019531200006,28.495422363000046],[75.67199707000003,28.517395020000038],[75.66442871100008,28.510192871000072],[75.61083984400005,28.50939941400003],[75.61163330100004,28.484985352000024],[75.59381103500004,28.430236816000047],[75.61218261700003,28.408020020000038],[75.57000732400007,28.410583496000072],[75.56860351600005,28.38043212900004],[75.51379394500003,28.370788574000073],[75.51300048800005,28.34759521500007],[75.50183105500008,28.33679199200003],[75.45819091800007,28.33978271500007],[75.44281005900007,28.367797852000024],[75.41540527300003,28.364196777000075],[75.41961669900007,28.341613770000038],[75.37860107400007,28.338806152000075],[75.35742187500006,28.357238770000038],[75.33221435500008,28.367797852000024],[75.33020019500003,28.39501953100006],[75.28979492200006,28.425598145000038],[75.27783203100006,28.451782227000024],[75.25122070300006,28.463989258000026],[75.23242187500006,28.45678710900006],[75.23120117200006,28.437011719000054],[75.21801757800006,28.42962646500007],[75.21838378900003,28.390441895000038],[75.19262695300006,28.38043212900004],[75.17822265600006,28.386596680000025],[75.14624023400006,28.381835937000062],[75.16461181600005,28.33801269500003],[75.15698242200006,28.312194824000073],[75.14141845700004,28.291015625000057],[75.12384033200004,28.28900146500007],[75.10162353500004,28.267639160000044],[75.07702636700003,28.26843261700003],[75.04583740200007,28.255004883000026],[75.04919433600008,28.228210449000073],[75.02801513700007,28.215026855000076],[75.02520752000004,28.198242187000062],[75.00299072300004,28.203002930000025],[74.96124267600004,28.193603516000053],[74.88818359400005,28.189636230000076],[74.88403320300006,28.16900634800004],[74.85961914100005,28.133789062000062],[74.82739257800006,28.11181640600006],[74.79479980500008,28.115417480000076],[74.78784179700006,28.075012207000043],[74.80780029300007,28.062194824000073],[74.80419921900005,28.030395508000026],[74.79278564500004,28.00299072300004],[74.76098632800006,27.988830566000047],[74.78540039100005,27.954589844000054],[74.81939697300004,27.942016602000024],[74.83398437500006,27.923217773000033],[74.82818603500004,27.908630371000072],[74.73919677700007,27.891601562000062],[74.73321533200004,27.867614746000072],[74.76678466800007,27.858398437000062],[74.78039550800008,27.834594727000024],[74.79742431600005,27.840393066000047],[74.81878662100007,27.801391602000024],[74.78802490200007,27.775207520000038],[74.75360107400007,27.77001953100006],[74.73382568400007,27.756042480000076],[74.72723388700007,27.73040771500007],[74.74963378900003,27.71600341800007],[74.74841308600008,27.685607910000044],[74.73944091800007,27.677795410000044],[74.69958496100008,27.67803955100004],[74.68243408200004,27.669189453000058],[74.68939209000007,27.653991699000073],[74.71441650400004,27.63879394500003],[74.70098877000004,27.615783691000047],[74.70819091800007,27.59564209000007],[74.73223877000004,27.608825684000067],[74.74383544900007,27.584411621000072],[74.76300048800005,27.56561279300007],[74.72039794900007,27.53918457000003],[74.73242187500006,27.49304199200003],[74.75158691400003,27.500427246000072],[74.80401611300005,27.476623535000044],[74.80218505900007,27.449584961000028],[74.86041259800004,27.449584961000028],[74.87481689500004,27.412841797000056],[74.84759521500007,27.384826660000044],[74.87384033200004,27.37298584000007],[74.88159179700006,27.345214844000054],[74.86804199200003,27.33642578100006],[74.88079834000007,27.309997559000067],[74.90020752000004,27.315185547000056],[74.89959716800007,27.330993652000075],[74.93359375000006,27.335998535000044],[74.94824218700006,27.349792480000076],[75.00781250000006,27.346984863000046],[75.03619384800004,27.354431152000075],[75.04638671900005,27.37744140600006],[75.07861328100006,27.38562011700003],[75.11621093700006,27.377197266000053],[75.11462402300003,27.345031738000046],[75.12719726600005,27.32983398400006],[75.16241455100004,27.317199707000043],[75.15679931600005,27.278015137000068],[75.13238525400004,27.274841309000067],[75.09979248000008,27.242797852000024],[75.08801269500003,27.243591309000067],[75.07080078100006,27.215637207000043],[75.11279296900005,27.217041016000053],[75.12402343700006,27.210205078000058],[75.12860107400007,27.166381836000028],[75.17340087900004,27.156799316000047],[75.17181396500007,27.139038086000028],[75.19580078100006,27.128784180000025],[75.27142334000007,27.12939453100006],[75.29840087900004,27.12603759800004],[75.29901123000008,27.13983154300007],[75.32879638700007,27.143188477000024],[75.33758544900007,27.114013672000056],[75.36181640600006,27.108398437000062],[75.36444091800007,27.08361816400003],[75.24920654300007,27.08642578100006],[75.21899414100005,27.08038330100004],[75.21978759800004,27.052185059000067],[75.25640869100005,27.035400391000053],[75.24060058600008,27.01361084000007],[75.20202636700003,27.007995605000076],[75.20123291000004,26.975402832000043],[75.15942382800006,26.97241210900006],[75.16198730500008,26.932983398000033],[75.01080322300004,26.946228027000075],[75.01123046900005,26.895202637000068],[74.98583984400005,26.88983154300007],[74.97338867200006,26.90002441400003],[74.98199462900004,26.943420410000044],[74.95318603500004,26.96282959000007],[74.91143798800005,26.966186523000033],[74.90423584000007,26.976989746000072],[74.85363769500003,26.97882080100004],[74.82623291000004,26.927612305000025],[74.82800293000008,26.90423584000007],[74.81402587900004,26.867187500000057],[74.79919433600008,26.85382080100004],[74.76940918000008,26.849792480000076],[74.765625,26.828796387000068],[74.77581787100007,26.81939697300004],[74.76940918000008,26.793395996000072],[74.74938964800003,26.77124023400006],[74.69879150400004,26.773986816000047],[74.66320800800008,26.71301269500003],[74.72003173800005,26.698608398000033],[74.71398925800008,26.666015625000057],[74.69580078100006,26.649230957000043],[74.67382812500006,26.599426270000038],[74.64001464800003,26.588439941000047],[74.61639404300007,26.56799316400003],[74.60943603500004,26.598999023000033],[74.58959960900006,26.62939453100006],[74.56298828100006,26.59881591800007],[74.53918457000003,26.56158447300004],[74.48278808600008,26.498596191000047],[74.46282959000007,26.48718261700003],[74.44299316400003,26.503417969000054],[74.43103027300003,26.486389160000044],[74.37860107400007,26.488830566000047],[74.35363769500003,26.469421387000068],[74.35003662100007,26.453186035000044],[74.33319091800007,26.441589355000076],[74.31579589800003,26.45520019500003],[74.29321289100005,26.45080566400003],[74.28802490200007,26.410827637000068],[74.30480957000003,26.382202148000033],[74.30438232400007,26.327636719000054],[74.27142334000007,26.308837891000053],[74.25219726600005,26.28619384800004],[74.27319335900006,26.26062011700003],[74.31060791000004,26.25158691400003],[74.36041259800004,26.291381836000028],[74.38720703100006,26.278015137000068],[74.36901855500008,26.240417480000076],[74.37518310500008,26.210388184000067],[74.36761474600007,26.191223145000038],[74.34039306600005,26.196228027000075],[74.30102539100005,26.185607910000044],[74.27081298800005,26.163391113000046],[74.30200195300006,26.133239746000072],[74.27221679700006,26.101989746000072],[74.25,26.085815430000025],[74.21862793000008,26.047790527000075],[74.18603515600006,26.031982422000056],[74.17681884800004,26.06298828100006],[74.16284179700006,26.06799316400003],[74.15258789100005,26.043395996000072],[74.16601562500006,26.000183105000076],[74.13122558600008,25.96179199200003],[74.16418457000003,25.92681884800004],[74.14123535200008,25.897216797000056],[74.11804199200003,25.88061523400006],[74.10919189500004,25.856018066000047],[74.06402587900004,25.840026855000076],[74.05322265600006,25.829040527000075],[73.99639892600004,25.865600586000028],[73.94299316400003,25.829040527000075],[73.94500732400007,25.804199219000054],[73.92523193400007,25.792236328000058],[73.93164062500006,25.767395020000038],[73.90740966800007,25.740783691000047],[73.91583252000004,25.69720459000007],[73.90258789100005,25.672424316000047],[73.88500976600005,25.668212891000053],[73.86883544900007,25.651611328000058],[73.84503173800005,25.604614258000026],[73.82781982400007,25.58160400400004],[73.82843017600004,25.563232422000056],[73.81262207000003,25.536804199000073],[73.79699707000003,25.49462890600006],[73.77978515600006,25.48400878900003],[73.76879882800006,25.454406738000046],[73.75402832000003,25.43798828100006],[73.75299072300004,25.410583496000072],[73.73199462900004,25.37939453100006],[73.71020507800006,25.378784180000025],[73.69860839800003,25.36022949200003],[73.66839599600007,25.345397949000073],[73.66143798800005,25.332397461000028],[73.61920166000004,25.29840087900004],[73.60961914100005,25.283386230000076],[73.62182617200006,25.259033203000058],[73.60681152300003,25.23980712900004],[73.59478759800004,25.193237305000025],[73.50158691400003,25.12902832000003],[73.48718261700003,25.104431152000075],[73.45703125000006,25.09143066400003],[73.40979003900003,25.08819580100004],[73.38940429700006,25.066589355000076],[73.37219238300008,25.033996582000043],[73.34582519500003,25.007995605000076],[73.34600830100004,24.989013672000056],[73.33020019500003,24.973388672000056],[73.35058593700006,24.959228516000053],[73.33001709000007,24.905639648000033],[73.32159423800005,24.90600585900006],[73.29223632800006,24.869018555000025],[73.27203369100005,24.873840332000043],[73.26959228500004,24.85241699200003],[73.24023437500006,24.82238769500003],[73.23303222700008,24.784606934000067],[73.20959472700008,24.785400391000053],[73.18280029300007,24.76678466800007],[73.17260742200006,24.780029297000056],[73.17199707000003,24.808837891000053],[73.14923095700004,24.845397949000073],[73.11358642600004,24.844421387000068],[73.10742187500006,24.857421875000057],[73.07861328100006,24.861389160000044],[73.05718994100005,24.886230469000054],[73.04101562500006,24.886596680000025],[72.99261474600007,24.92181396500007],[72.99981689500004,24.93780517600004],[72.99700927700007,24.960998535000044],[73.03918457000003,24.97259521500007],[73.05419921900005,25.008605957000043],[73.08178710900006,25.02783203100006],[73.10919189500004,25.03881835900006],[73.13043212900004,25.06604003900003],[73.13580322300004,25.096984863000046],[73.11541748000008,25.107788086000028],[73.05462646500007,25.15924072300004],[73.03802490200007,25.143188477000024],[73.04840087900004,25.10504150400004],[73.02258300800008,25.088989258000026],[72.99743652300003,25.103393555000025],[72.99658203100006,25.145812988000046],[72.97662353500004,25.137390137000068],[72.95080566400003,25.142395020000038],[72.94622802700007,25.166015625000057],[72.97540283200004,25.213623047000056],[72.93920898400006,25.22381591800007],[72.93963623000008,25.23858642600004],[72.90979003900003,25.25],[72.87103271500007,25.25],[72.85180664100005,25.273986816000047],[72.82940673800005,25.28479003900003],[72.80322265600006,25.256225586000028],[72.77844238300008,25.216796875000057],[72.78039550800008,25.18762207000003],[72.74603271500007,25.156799316000047],[72.73944091800007,25.125793457000043],[72.70880127000004,25.10260009800004],[72.69140625000006,25.057434082000043],[72.66058349600007,25.043029785000044],[72.63482666000004,25],[72.61181640600006,24.975036621000072],[72.56420898400006,24.932983398000033],[72.52600097700008,24.930236816000047],[72.49639892600004,24.916992187000062],[72.50378418000008,24.88079834000007],[72.47943115200007,24.870788574000073],[72.49182128900003,24.847839355000076],[72.49780273400006,24.81939697300004],[72.48883056600005,24.801391602000024],[72.49200439500004,24.759826660000044],[72.47760009800004,24.75280761700003],[72.44799804700006,24.759826660000044],[72.41479492200006,24.75421142600004],[72.40081787100007,24.775634766000053],[72.37384033200004,24.765441895000038],[72.34521484400005,24.723388672000056],[72.33099365200007,24.711608887000068],[72.31219482400007,24.67340087900004],[72.31420898400006,24.65478515600006],[72.33312419400005,24.636377965000065],[72.34835277200006,24.633701939000048],[72.33530176500005,24.601677746000064],[72.30795802900008,24.59885855300007],[72.29508091900004,24.61321463400003],[72.26398204700007,24.608347172000038],[72.24656223800008,24.58984241400003],[72.26548053500005,24.56065059900004],[72.29017448200005,24.55087127300004],[72.32331632300003,24.552419048000047],[72.33120404600004,24.571494548000032],[72.34780985100008,24.564264623000042],[72.38572234800006,24.50778093100007],[72.41809872700003,24.52269896300004],[72.44381384400003,24.507710238000072],[72.43125973800005,24.478738907000036],[72.43405464100005,24.45520145200004],[72.45250383800004,24.44308801300008],[72.45774725100006,24.413361956000074],[72.49955022200004,24.41530348200007],[72.49263540700008,24.45482161900003],[72.53428897200007,24.50105480700006],[72.55337252900006,24.49803800500007],[72.57464450300006,24.474750921000066],[72.60527742600004,24.47108779100006],[72.65521580300003,24.45799362400004],[72.67849287000007,24.461091961000022],[72.68945636500007,24.404085009000028],[72.73288628900008,24.35974702200008],[72.80493981000006,24.36019063300006],[72.81393604000004,24.368022152000037],[72.88456941800007,24.361296694000032],[72.91185928300007,24.332844419000025],[72.91899629600005,24.34443396200004],[72.95397512000005,24.356054933000053],[72.97820023200006,24.37381328300006],[72.96382379300007,24.400009526000076],[72.97146729100007,24.429598009000074],[72.96812278300007,24.44529882100005],[72.99416094000003,24.472710575000065],[73.03750935700003,24.457548850000023],[73.08607701200003,24.493775784000036],[73.10854675100006,24.45523432500005],[73.10218320000007,24.42924796400007],[73.07886204100004,24.39227440800005],[73.09937242500007,24.38719892900008],[73.11218140800008,24.368597371000078],[73.16923721300003,24.351740493000023],[73.19790219400005,24.373043748000043],[73.21866855700006,24.361339676000057],[73.19642424500006,24.32795930800006],[73.17487911000006,24.33386865400007],[73.17238596500005,24.303223020000075],[73.14384145700006,24.305756836000057],[73.12394763200007,24.267125725000028],[73.10741078500007,24.263062153000078],[73.09289811700006,24.24508177000007],[73.09206807400005,24.219967566000037],[73.06711928200008,24.191542955000045],[73.07959102400008,24.169114749000073],[73.09829114000007,24.157162409000023],[73.12802263200007,24.12056308600006],[73.15722628200007,24.10032695600006],[73.21287133700008,24.075208151000027],[73.19246311000006,24.03961879800005],[73.22754771300004,24.020136157000024],[73.24742373800007,24.001828149000062],[73.26479822100004,24.019449390000034],[73.28753293600005,24.02113197400007],[73.29877033100007,24.04394263200004],[73.32685805300008,24.066122763000067],[73.32668780400007,24.108466399000065],[73.36127724600004,24.101984295000022],[73.36026367300008,24.079227728000035],[73.38382357700004,24.065565150000054],[73.39935812700008,24.04301785100006],[73.41363794900008,23.98194260500003],[73.41298263000004,23.949610638000024],[73.42095533700007,23.921428357000025],[73.38348443500007,23.91271940300004],[73.35204214400005,23.857675662000076],[73.36544415300006,23.83612474000006],[73.36528936400003,23.81166757400007],[73.35476266800003,23.785955869000077],[73.37894822900006,23.76946311000006],[73.39466485400004,23.78175544000004],[73.41761457600006,23.775109233000023],[73.42200673000008,23.762898817000064],[73.44567125000003,23.752925264000055],[73.44957029200003,23.73205150800004],[73.47096504100006,23.71971230400004],[73.47365386600006,23.705295765000074],[73.50722131600008,23.703099071000054],[73.50388574200008,23.65958979000004],[73.50900786300008,23.644260865000035],[73.49309537400006,23.63209620400005],[73.52206049200004,23.606085891000077],[73.56760345300006,23.65261349800005],[73.61394983000008,23.65000964500007],[73.63883563600007,23.626226802000076],[73.64308925000006,23.58043918800007],[73.62932897100006,23.55607224700003],[73.62914579100004,23.531327805000046],[73.65541252400004,23.505209102000038],[73.64137940700004,23.493683868000062],[73.63280742100005,23.464974478000045],[73.64646573100003,23.43877048400003],[73.69104406700006,23.455110641000033],[73.70390153000005,23.44728747700003],[73.70823227800008,23.417894405000027],[73.72937687700005,23.431742635000035],[73.74814983700003,23.453911695000045],[73.76165971600005,23.45445938000006],[73.77242127400007,23.43337739900005],[73.81049317300005,23.441373371000054],[73.85769833800003,23.390216859000077],[73.87140079900007,23.360966431000065],[73.88823365100006,23.346812786000044],[73.88565071400006,23.333535418000054],[73.92737410200004,23.336485663000076],[73.93301454000004,23.36757809200003],[73.94997811900004,23.377875352000046],[73.96952999600006,23.369915048000053],[73.97502139600005,23.333138604000055],[74.02549332900003,23.32973961500005],[74.02184724900007,23.319267160000038],[74.04654479500005,23.289625632000025],[74.08514842200003,23.298344034000024],[74.10706548400003,23.281072664000078],[74.10724363100007,23.269559763000075],[74.13326065100006,23.26186335700004],[74.13134128400003,23.224645443000043],[74.12018672500005,23.200435867000067],[74.12214582400003,23.172246296000026],[74.14151904300007,23.169708264000064],[74.14853991000007,23.15375221200003],[74.18612241200003,23.15158604100003],[74.18892578400005,23.173641529000065],[74.20347775200008,23.185705733000077],[74.26691143800008,23.156039399000065],[74.27179774100006,23.135437393000075],[74.28664908700006,23.114772644000027],[74.27955055000007,23.099236166000026],[74.31982421900005,23.05745579200004],[74.34550873700005,23.068549208000036],[74.35879948700006,23.08802970800008],[74.38897623700007,23.109682958000064],[74.43105073700008,23.103315708000025],[74.46521423700005,23.082860708000055],[74.51036523700003,23.086380458000065],[74.53360548700005,23.099031208000042],[74.54392748700008,23.12957345800004],[74.60646473700007,23.142242458000055],[74.65333223700003,23.179394958000046],[74.66778723700008,23.198839208000038],[74.71426098800004,23.191966958000023],[74.74454248800004,23.209373708000044],[74.69427048700004,23.225903208000034],[74.72096273800008,23.239786958000025],[74.69993923700008,23.26943120800007],[74.67184623700007,23.27218620800005],[74.65088848700003,23.258156708000058],[74.63074998700006,23.260761708000075],[74.61389473700007,23.28197570800006],[74.58527998700004,23.28186745800008],[74.56583873700004,23.29588645800004],[74.54699898700005,23.284214708000036],[74.53209823700007,23.320491208000078],[74.54434998700003,23.361235458000067],[74.55879673700008,23.36190345800003],[74.57102573700007,23.380722458000037],[74.57179023700007,23.416622208000035],[74.59718473700008,23.427116958000056],[74.61218023700008,23.458690208000064],[74.65786698700003,23.464076458000022],[74.66831998700007,23.481149708000032],[74.71001298800007,23.502834708000023],[74.73282723800008,23.497707208000065],[74.74157848800007,23.516649208000047],[74.76318798800008,23.52185195800007],[74.77336398800003,23.540426208000042],[74.79570673800004,23.54336145800005],[74.80226548800005,23.531148708000046],[74.85100623800008,23.554443708000065],[74.86891823800005,23.571824458000037],[74.88573148800003,23.603424708000034],[74.90575223800005,23.619919958000025],[74.93953673800007,23.627301458000034],[74.92403723800004,23.665432958000054],[74.90970998800003,23.67385145800006],[74.92290323800006,23.693512458000043],[74.92412698800007,23.716067458000055],[74.94050673800007,23.731770958000027],[74.93990123800006,23.762740708000024],[74.92760848800003,23.795228459000043],[74.91029373800006,23.797747709000078],[74.91582898800004,23.842566459000068],[74.90521798800006,23.865006709000056],[74.91472223800008,23.909346709000033],[74.94169273800003,23.957356709000067],[74.96365348800003,23.970482959000037],[74.97258373800008,24.000424209000073],[74.99341298800005,24.026466459000062],[74.98163598800005,24.03781170900004],[74.97986398800003,24.068785959000024],[74.96559223800006,24.07949995900003],[74.95997373800003,24.10687370900007],[74.93957123800004,24.117904709000072],[74.92795373800004,24.15395545900003],[74.90075298800008,24.171128459000045],[74.88059748800003,24.21331895900005],[74.90636348800007,24.230535959000065],[74.89482023800008,24.258491709000054],[74.87592548800006,24.274858709000057],[74.85376798800007,24.266840959000035],[74.81551573800004,24.273916959000076],[74.77280348800008,24.26893345900004],[74.75502773800008,24.275952709000023],[74.75772048800007,24.29319095900007],[74.78398573800007,24.313734709000073],[74.78504273800007,24.364284459000032],[74.81285323800006,24.406035459000066],[74.85819723800006,24.448328209000067],[74.81517223800006,24.489077959000042],[74.79251273800008,24.490164959000026],[74.77957323800007,24.480293459000052],[74.75784698800004,24.485762959000056],[74.71619423800007,24.519817959000022],[74.74829723800008,24.533182709000073],[74.75761973800007,24.560589959000026],[74.74864648800008,24.593744709000077],[74.79089573800007,24.607640959000037],[74.78425323800008,24.633652209000047],[74.81802323800008,24.668520459000035],[74.81427873800004,24.68299545900004],[74.77691548800004,24.682954709000057],[74.79059698800006,24.72350570900005],[74.78098948800005,24.739631459000066],[74.80416773800005,24.75170495900005],[74.80038948800006,24.79249820900003],[74.81090148800007,24.79323670900004],[74.81958723800005,24.762169459000063],[74.84988698800004,24.70552520900003],[74.86796448800004,24.687298459000033],[74.87446798800005,24.666257209000037],[74.90354798800007,24.65305145900004],[74.94504598800006,24.65897645900003],[74.96537623800003,24.69712320900004],[75.00123823800004,24.705105459000038],[74.99212998800004,24.730394459000024],[74.99483248800004,24.749350209000056],[75.02168673800008,24.749350959000026],[75.01442748800008,24.79040345900006],[74.97178023800006,24.78750620900007],[74.90644873800005,24.794177459000025],[74.87929723800005,24.809933459000035],[74.85979923800005,24.809835709000026],[74.85715298800005,24.849986960000024],[74.82839948800006,24.89593571000006],[74.82553423800005,24.936907460000043],[74.83408673800005,24.96424146000004],[74.86353648800008,24.962600210000062],[74.86860023800006,24.933694210000056],[74.90200248800005,24.936451460000058],[74.91441848800008,24.925082710000027],[74.91395198800006,24.895794710000075],[74.95023273800007,24.89145571000006],[74.94627848800008,24.874571210000056],[75.01421698800004,24.87065621000005],[75.04504348800003,24.85577796000007],[75.07526498800007,24.883812960000057],[75.09188373800004,24.87621696000008],[75.12070898800005,24.885495210000045],[75.11764848800004,24.961836960000028],[75.14001748800007,24.982777960000078],[75.16646598800008,24.988052210000035],[75.17134648800004,25.006351460000076],[75.15680398800004,25.02526596000007],[75.17595448800006,25.050168960000065],[75.20277173800008,25.03084221000006],[75.31292698800007,25.042303710000056],[75.35210548800006,25.03791171000006],[75.35402748800004,25.021338960000037],[75.32134173800006,25.002732210000033],[75.32546798800007,24.97845871000004],[75.33983923800008,24.95930971000007],[75.31977598800006,24.903466710000032],[75.29271373800003,24.948275960000046],[75.28762248800007,24.972947710000028],[75.26853798800005,24.95819971000003],[75.29010648800005,24.92252146000004],[75.26918873800008,24.91050346000003],[75.26357348800008,24.88596196000003],[75.31348473800006,24.865708460000064],[75.32820298800004,24.883239960000026],[75.37427173800006,24.87416471000006],[75.42665323800003,24.888883710000073],[75.41947073800003,24.860050710000053],[75.34625973800007,24.82901245900007],[75.33239748800008,24.827962709000076],[75.31512198800004,24.80980320900005],[75.30258923800005,24.81151795900007],[75.28592623800006,24.846307460000048],[75.24373098800004,24.857260460000077],[75.25204948800007,24.89200321000004],[75.20331898800004,24.880564460000073],[75.22972523800007,24.844101960000046],[75.25394123800004,24.833483209000065],[75.24870548800004,24.818165959000055],[75.21931398800007,24.81682070900007],[75.19413848800008,24.785138709000023],[75.19742723800005,24.75640420900004],[75.21874173800006,24.718784209000034],[75.23025648800007,24.731457959000068],[75.26916023800004,24.729040459000032],[75.30632973800004,24.717018709000058],[75.35293273800005,24.713338209000028],[75.36596648800008,24.705750459000058],[75.45413273800006,24.689372959000025],[75.48575148800006,24.69374495900007],[75.53748598800007,24.716088209000077],[75.55455998800005,24.70981770900005],[75.58440723800004,24.71872170900008],[75.61584723800007,24.684423459000072],[75.66180023800007,24.697666209000033],[75.68273448800005,24.723769709000067],[75.74464573800003,24.756246709000038],[75.78908898900005,24.761369709000064],[75.84171948900007,24.72568595900003],[75.84499723900007,24.713274709000075],[75.83105448900005,24.66406495900003],[75.84682423900006,24.665183709000075],[75.85540298900008,24.61016470900006],[75.87696773900007,24.60294120900005],[75.88723398900004,24.57757095900007],[75.91398523900006,24.57286195900008],[75.90991073900005,24.54628670900007],[75.92790448900007,24.534113959000024],[75.90830498900004,24.501155709000045],[75.91465623900007,24.48826445900005],[75.90614723900006,24.44200045900004],[75.86385848900005,24.419232959000055],[75.83159223900003,24.41844020900004],[75.81512423900006,24.432709459000023],[75.81772248900006,24.461026209000067],[75.79371348900008,24.471129209000026],[75.78866023900008,24.45435420900003],[75.75887148800007,24.423642709000035],[75.75771698800008,24.405292459000066],[75.73823248800005,24.39942920900006],[75.74025948800005,24.34398820900003],[75.76742698800007,24.306675209000048],[75.79982798900005,24.31033695900004],[75.81541898900008,24.29665145900003],[75.81491398900005,24.25664670900005],[75.80765048900008,24.225725209000075],[75.77577748800007,24.216924709000068],[75.77188873800003,24.193786209000052],[75.74560123800006,24.135678709000047],[75.78086573800005,24.130726209000045],[75.79177173900007,24.105865709000057],[75.81439898900004,24.098925459000043],[75.83287398900006,24.103974709000056],[75.83170998900005,24.06800670900003],[75.78171498900008,24.05817145900005],[75.78230373900004,24.032357209000054],[75.76401598800004,23.99408045900003],[75.73977998800007,23.991478709000035],[75.73743348800008,23.976718709000068],[75.70224823800004,23.965238209000063],[75.68536498800006,23.994390959000043],[75.68766348800006,24.01411145900005],[75.67105523800006,24.029722709000055],[75.64324473800008,24.014569709000057],[75.63646973800007,23.996038209000062],[75.57093473800006,23.995635459000027],[75.57336173800007,24.013657459000058],[75.53349573800006,24.02776120900006],[75.51592948800004,24.045014209000044],[75.49322573800004,24.000863709000043],[75.46614698800005,23.977079959000037],[75.45779273800008,23.917114709000032],[75.48875898800003,23.90719670900006],[75.50545173800003,23.888260709000065],[75.53928673800004,23.87306145900004],[75.56389023800006,23.854462459000047],[75.57073198800003,23.830965709000054],[75.56743373800003,23.812030959000026],[75.58393473800004,23.79669295900004],[75.61810473800006,23.802269959000057],[75.65086248800003,23.79563095900005],[75.68895773800006,23.769598459000065],[75.69992448800008,23.784256709000033],[75.69190548800003,23.815858209000055],[75.71491348800004,23.812701209000068],[75.72388748800006,23.823134959000072],[75.72932173800007,23.86071945900005],[75.69985273800006,23.873327709000023],[75.70409723800003,23.900252459000058],[75.73002923800004,23.898294209000028],[75.76102048800004,23.87750870900004],[75.76346023800005,23.853080959000067],[75.78178623900004,23.850875959000064],[75.80458548900003,23.86726795900006],[75.85546573900007,23.89031470900005],[75.88071298900007,23.88066120900004],[75.92341023900008,23.900235959000042],[75.95050723900005,23.918313209000075],[75.97814798900004,23.928970209000056],[75.98257048900007,23.970390459000043],[75.96260573900008,23.99346845900004],[75.96257748900007,24.02136795900003],[75.99254498900007,24.026048459000037],[76.02926823900003,24.04640495900003],[76.04595323900008,24.069891959000074],[76.10170648900004,24.085079459000042],[76.13747423900008,24.091161209000063],[76.13203323900007,24.11479595900005],[76.13971523900005,24.127190709000047],[76.13374673900006,24.164887959000055],[76.12345248900004,24.17407970900007],[76.12624648900004,24.201219709000043],[76.15743198900003,24.239559709000048],[76.14523248900008,24.276927959000034],[76.17229048900003,24.291854709000063],[76.17520123900005,24.31133845900007],[76.18860573900008,24.327255209000043],[76.20936523900008,24.306657959000063],[76.19775523900006,24.28055320900006],[76.20747148900006,24.26479045900004],[76.20927973900007,24.228520209000067],[76.22641873900005,24.21903745900005],[76.25079348900005,24.223673459000054],[76.27956048900006,24.21225270900004],[76.29285323900007,24.23276370900004],[76.32113798900008,24.24683495900007],[76.35632723900005,24.24461070900003],[76.41517023900008,24.205245959000024],[76.42701998900003,24.22263220900004],[76.45669948900007,24.212491709000062],[76.46690523900008,24.224581959000034],[76.51189973900006,24.195887709000033],[76.51399273900006,24.174700959000063],[76.52671873900005,24.158853459000056],[76.55832798900008,24.163885459000028],[76.58334998900006,24.176326709000023],[76.56938398900007,24.196438709000063],[76.57512123900005,24.209107709000023],[76.61768548900005,24.237783209000042],[76.62011123900004,24.258434709000028],[76.64386648900006,24.25790070900007],[76.68261348900006,24.266205209000077],[76.69687998900008,24.280593709000073],[76.70637798900003,24.244375459000025],[76.69163198900003,24.228036459000066],[76.67799448900007,24.18904445900006],[76.72454848900003,24.157329209000068],[76.75889873900007,24.167695209000044],[76.77277848900007,24.160280209000064],[76.79485323900008,24.12137745900003],[76.83169848900008,24.121195959000033],[76.86001549000008,24.134539459000052],[76.90402549000004,24.12670145900006],[76.92027549000005,24.18427770900007],[76.94806599000003,24.194399959000066],[76.92347149000005,24.216210459000024],[76.92065649000006,24.227496959000064],[76.87838874000005,24.266608709000025],[76.86296999000007,24.307806709000033],[76.84909198900004,24.323468709000053],[76.84117698900008,24.356189959000062],[76.85328098900004,24.363682209000046],[76.84665048900007,24.40396595900006],[76.85494998900003,24.432789209000077],[76.84546248900006,24.438247709000052],[76.85566499000004,24.464528209000036],[76.81892573900006,24.529763959000036],[76.85044223900007,24.546393459000058],[76.87062399000007,24.54473495900004],[76.88014924000004,24.521557959000063],[76.89339899000004,24.52213670900005],[76.90430224000005,24.54317295900006],[76.92286399000005,24.530968709000035],[76.91908399000005,24.483045209000068],[76.96463649000003,24.455619959000046],[76.99705024000008,24.468839209000066],[77.02866324000007,24.496683959000052],[77.03658749000004,24.52412995900005],[77.05497424000004,24.52187395900006],[77.06904699000006,24.55943695900004],[77.06319649000005,24.590113209000037],[77.06425499000005,24.63769570900007],[77.04181649000003,24.678001959000028],[77.03828499000008,24.698201459000074],[77.02406324000003,24.710198959000024],[76.99690824000004,24.712647209000068],[76.97674399000005,24.726916709000022],[76.96807874000007,24.754788709000024],[76.95053674000008,24.759291459000053],[76.92640674000006,24.744089459000065],[76.89134674000007,24.749418959000025],[76.84961798900008,24.747414459000026],[76.85135448900007,24.76526295900004],[76.82032073900007,24.79892870900005],[76.80691123900004,24.821824709000055],[76.84217673900008,24.836301459000026],[76.89979899000008,24.834743459000038],[76.93132849000006,24.84498521000006],[76.95380549000004,24.86806346000003],[76.91868574000006,24.883069960000057],[76.92950374000003,24.90554521000007],[76.87691899000004,24.94977921000003],[76.87131124000007,24.966959210000027],[76.87422874000004,25.006253210000068],[76.88699024000005,25.029236710000077],[76.90604374000003,25.029174960000034],[76.97374049000007,25.051039460000027],[76.98879324000006,25.072649710000064],[77.08246624000003,25.053061960000036],[77.11976374000005,25.06414521000005],[77.13359024000005,25.084090460000027],[77.16308624000004,25.083312960000058],[77.17499574000004,25.10873871000007],[77.20281824000006,25.11167721000004],[77.22630574000004,25.105245210000078],[77.26778574000008,25.114249210000025],[77.30839449000007,25.07887246000007],[77.35429474000006,25.09277571000007],[77.39236124000007,25.11693046000005],[77.39645824000007,25.183128960000033],[77.42379749000008,25.18795496000007],[77.41222049000004,25.221200960000033],[77.38583574000006,25.24033821000006],[77.36851324000008,25.244979710000052],[77.35546199000004,25.266673710000077],[77.37254199000006,25.28029071000003],[77.38065024000008,25.300730460000068],[77.36962824000005,25.327872710000065],[77.34977974000003,25.332234460000052],[77.36194799000003,25.362750960000028],[77.35018224000004,25.382778210000026],[77.36729124000004,25.40779671000007],[77.31122049000004,25.43125346000005],[77.28887049000008,25.418445960000042],[77.26577124000005,25.39433271000007],[77.22600124000007,25.368321210000033],[77.22371949000006,25.326225710000074],[77.20383624000004,25.325437960000045],[77.19618324000004,25.30658746000006],[77.15916074000006,25.308180460000074],[77.12135324000008,25.329999960000066],[77.08100374000009,25.334637960000066],[77.06896174000008,25.319104710000033],[77.04480899000004,25.320020210000052],[77.02961474000006,25.296082210000066],[76.96407274000006,25.292178960000058],[76.95800774000008,25.273560710000027],[76.93397349000008,25.274175710000065],[76.93449124000006,25.292312460000062],[76.89848624000007,25.317425960000037],[76.84818548900006,25.325572210000075],[76.77792723900006,25.31097771000003],[76.77183848900006,25.331295210000064],[76.74550698900003,25.342868210000063],[76.71960648900006,25.337539210000045],[76.68610048900007,25.340582960000063],[76.64127848900006,25.37544321000007],[76.63046473900005,25.37023221000004],[76.60749198900004,25.38410821000008],[76.59394448900008,25.426607210000043],[76.56923673900008,25.43753221000003],[76.56458798900007,25.468382460000043],[76.54287773900006,25.505338960000074],[76.52531773900006,25.52506746000006],[76.52724373900008,25.545488960000057],[76.51483048900008,25.57493996000005],[76.51985248900007,25.628792460000057],[76.50456073900006,25.64345921000006],[76.51595623900005,25.667935210000053],[76.48292048900004,25.690177710000057],[76.48757423900008,25.71323896000007],[76.53180748900007,25.726117960000067],[76.52752848900008,25.76141621000005],[76.53465473900008,25.793032960000062],[76.60298948900004,25.871479460000046],[76.63725473900007,25.87022146000004],[76.64703598900007,25.901205960000027],[76.68003673900006,25.90675396000006],[76.72022198900004,25.89592121000004],[76.73906423900007,25.897471710000048],[76.76820573900005,25.91696071100006],[76.76647773900004,25.937416461000055],[76.80066873900006,25.939088711000068],[76.82481548900006,25.96610196100005],[76.82399923900005,25.979130961000067],[76.84623648900003,26.006119211000055],[76.83642423900005,26.024427461000073],[76.87652324000004,26.051260961000025],[76.88902749000005,26.08122546100003],[76.90149149000007,26.092810711000027],[76.94496174000005,26.100840961000074],[77.00082724000004,26.132507461000046],[77.01119324000007,26.153952961000073],[77.03031099000003,26.170875961000036],[77.05909974000008,26.180856961000075],[77.09113874000008,26.18183896100004],[77.10296149000004,26.19010071100007],[77.12024374000003,26.226005461000057],[77.13616324000003,26.234289211000032],[77.17160124000003,26.239125711000042],[77.20116599000005,26.23058621100006],[77.27386924000007,26.270739711000033],[77.31507949000007,26.30955121100004],[77.32502499000003,26.34091871100003],[77.37328249000007,26.36603296100003],[77.39292249000005,26.356922961000066],[77.40890899000004,26.363200461000076],[77.43953699000008,26.359496211000078],[77.44685974000004,26.37318046100006],[77.43487324000006,26.401396211000076],[77.48216924000008,26.40909171100003],[77.53013124000006,26.409359461000065],[77.55879749000007,26.43499096100004],[77.60646024000005,26.44863321100007],[77.63416449000005,26.477390211000056],[77.67853949000005,26.504117461000078],[77.70252624000005,26.495245461000025],[77.73455674000007,26.509720711000057],[77.74696549000004,26.53705171100006],[77.77466574000005,26.547822711000038],[77.82068999000006,26.549141211000062],[77.83241799000007,26.567068711000047],[77.82817899000008,26.59415571100004],[77.85024224000006,26.60948796100007],[77.88722949000004,26.614593961000026],[77.89876424000005,26.648795461000077],[77.91151149000007,26.660451961000035],[77.94783874100006,26.656990961000076],[77.97677974100003,26.67090871100004],[78.00023849100006,26.696899211000073],[78.05718424100007,26.684046211000066],[78.08345074100004,26.67244196100006],[78.09615499100005,26.680909961000054],[78.09730174100008,26.732328961000064],[78.11986599100004,26.74386996100003],[78.10388599100008,26.76602746100008],[78.10359874100004,26.783646711000074],[78.12727174100007,26.79676721100003],[78.15405599100006,26.78593071100005],[78.18439999100008,26.785696211000072],[78.18767324100008,26.795365711000045],[78.16927249100007,26.821233711000048],[78.22356916200005,26.83145987300003],[78.21398925800008,26.87121582000003],[78.23400878900003,26.87420654300007],[78.23840332000003,26.88879394500003],[78.25903320300006,26.89538574200003],[78.27301025400004,26.921020508000026],[78.26000976600005,26.933593750000057],[78.23962402300003,26.92663574200003],[78.17138671900005,26.947998047000056],[78.12579345700004,26.949218750000057],[78.12322998000008,26.922424316000047],[78.10760498000008,26.914428711000028],[78.09741210900006,26.89361572300004],[78.07299804700006,26.90618896500007],[78.05261230500008,26.901611328000058],[78.05139160200008,26.87921142600004],[78.03222656200006,26.850585937000062],[78.02343750000006,26.899230957000043],[78.00079345700004,26.901000977000024],[77.98858642600004,26.889221191000047],[77.96923828100006,26.903625488000046],[77.91021728500004,26.90618896500007],[77.90563964800003,26.883239746000072],[77.87878418000008,26.902221680000025],[77.82281494100005,26.91760253900003],[77.79943847700008,26.915832520000038],[77.77600097700008,26.932006836000028],[77.75439453100006,26.916809082000043],[77.73364257800006,26.919982910000044],[77.71899414100005,26.897033691000047],[77.72399902300003,26.87420654300007],[77.68762207000003,26.875],[77.67602539100005,26.857421875000057],[77.55883789100005,26.817382812000062],[77.51818847700008,26.825439453000058],[77.50201416000004,26.816589355000076],[77.48901367200006,26.78918457000003],[77.50402832000003,26.769226074000073],[77.48760986300005,26.748596191000047],[77.47161865200007,26.764587402000075],[77.43780517600004,26.783813477000024],[77.42181396500007,26.810424805000025],[77.39923095700004,26.83020019500003],[77.42138671900005,26.838989258000026],[77.46160888700007,26.884582520000038],[77.49139404300007,26.900390625000057],[77.55419921900005,26.919799805000025],[77.58441162100007,26.924011230000076],[77.65258789100005,26.963806152000075],[77.67498779300007,26.962219238000046],[77.72363281200006,26.987792969000054],[77.74481201200007,26.983032227000024],[77.76361084000007,27.000793457000043],[77.75079345700004,27.020996094000054],[77.73419189500004,27.023437500000057],[77.73138427700007,26.993835449000073],[77.71398925800008,26.99658203100006],[77.69122314500004,27.026184082000043],[77.66662597700008,27.017028809000067],[77.64318847700008,27.025390625000057],[77.60302734400005,27.022399902000075],[77.56939697300004,27.047241211000028],[77.56921386700003,27.072998047000056],[77.54278564500004,27.06243896500007],[77.52062988300008,27.066406250000057],[77.55139160200008,27.111022949000073],[77.60504150400004,27.123596191000047],[77.59899902300003,27.138183594000054],[77.61499023400006,27.150390625000057],[77.62298584000007,27.17199707000003],[77.63922119100005,27.16381835900006],[77.65979003900003,27.169982910000044],[77.68243408200004,27.19421386700003],[77.64642334000007,27.216796875000057],[77.65399169900007,27.234802246000072],[77.60699462900004,27.290405273000033],[77.62322998000008,27.31298828100006],[77.61383056600005,27.33178710900006],[77.57879638700007,27.327636719000054],[77.54919433600008,27.33679199200003],[77.51782226600005,27.36218261700003],[77.50842285200008,27.377014160000044],[77.44079589800003,27.390625],[77.43939209000007,27.408813477000024],[77.42242431600005,27.42199707000003],[77.43902587900004,27.45623779300007],[77.40319824200003,27.476623535000044],[77.40100097700008,27.49963378900003],[77.34118652300003,27.526611328000058],[77.33624267600004,27.59100341800007],[77.31823730500008,27.60662841800007],[77.34741210900006,27.639404297000056],[77.34222412100007,27.70343017600004],[77.30560302700007,27.70983886700003],[77.32061767600004,27.733398437000062],[77.30963134800004,27.753234863000046],[77.31280517600004,27.773986816000047],[77.30419921900005,27.79400634800004],[77.28503418000008,27.801025391000053],[77.27001953100006,27.814819336000028],[77.25360107400007,27.79058837900004],[77.21459960900006,27.80163574200003],[77.18463134800004,27.78759765600006],[77.10980224600007,27.78619384800004],[77.07580566400003,27.81439209000007],[77.04022216800007,27.81158447300004],[77.02783203100006,27.77923584000007],[77.07580566400003,27.767028809000067],[77.08679199200003,27.73803710900006],[77.06079101600005,27.726440430000025],[77.04620361300005,27.743408203000058],[77.02099609400005,27.745788574000073],[77.00140380900007,27.736999512000068],[76.98339843700006,27.679199219000054],[76.98022460900006,27.653625488000046],[76.94323730500008,27.673828125000057],[76.91662597700008,27.652587891000053],[76.89959716800007,27.677612305000025],[76.91998291000004,27.70983886700003],[76.89538574200003,27.71783447300004],[76.90179443400007,27.761413574000073],[76.91259765600006,27.796386719000054],[76.91619873000008,27.83483886700003],[76.93682861300005,27.829040527000075],[76.94421386700003,27.85382080100004],[76.93878173800005,27.89642334000007],[76.95281982400007,27.918212891000053],[76.93280029300007,27.922607422000056],[76.93200683600008,27.992797852000024],[76.94079589800003,28.043029785000044],[76.95501709000007,28.06262207000003],[76.97180175800008,28.13842773400006],[76.94921875000006,28.142395020000038],[76.89318847700008,28.184387207000043],[76.89202880900007,28.20501709000007],[76.87603759800004,28.21783447300004],[76.84960937500006,28.221618652000075],[76.83264160200008,28.209228516000053],[76.80621337900004,28.205627441000047],[76.79724121100008,28.19061279300007],[76.79602050800008,28.148437500000057],[76.76361084000007,28.142639160000044],[76.74481201200007,28.12103271500007],[76.71679687500006,28.12780761700003],[76.68640136700003,28.091796875000057],[76.65838623000008,28.089233398000033],[76.65283203100006,28.062011719000054],[76.66943359400005,28.014221191000047],[76.64178466800007,28.002197266000053],[76.60601806600005,28.003784180000025],[76.59002685500008,27.99798584000007],[76.58038330100004,27.97900390600006],[76.54583740200007,27.963623047000056],[76.54223632800006,27.984802246000072],[76.54498291000004,28.03424072300004],[76.51483154300007,28.030212402000075],[76.49859619100005,28.043212891000053],[76.45581054700006,28.042236328000058],[76.46258544900007,28.058593750000057],[76.49658203100006,28.05322265600006],[76.48004150400004,28.077636719000054],[76.45800781200006,28.083435059000067],[76.45898437500006,28.106201172000056],[76.50018310500008,28.100219727000024]]]},"properties":{"OBJECTID":83,"object_id":5,"name":"EAST RAJASTHAN","state_code":"RAJASTHAN","region_cod":"NORTH WEST INDIA","subdivisio":"EAST RAJASTHAN","uorder":18},"id": 9},
{"type":"Feature","geometry":{"type":"MultiPolygon","coordinates":[[[[88.29364013700007,21.592590332000043],[88.29003906200006,21.574401855000076],[88.26281738300008,21.557189941000047],[88.28363037100007,21.54058837900004],[88.30780029300007,21.549438477000024],[88.33020019500003,21.568786621000072],[88.29364013700007,21.592590332000043]]],[[[88.53320312500006,21.546203613000046],[88.53320312500006,21.578796387000068],[88.49462890600006,21.59564209000007],[88.48620605500008,21.57983398400006],[88.48522949200003,21.54522705100004],[88.49859619100005,21.533996582000043],[88.53222656200006,21.525207520000038],[88.53320312500006,21.546203613000046]]],[[[88.90460205100004,21.547424316000047],[88.89202880900007,21.577392578000058],[88.85919189500004,21.596984863000046],[88.82904052700007,21.60260009800004],[88.82482910200008,21.569641113000046],[88.83099365200007,21.54681396500007],[88.86199951200007,21.53240966800007],[88.88220214800003,21.53240966800007],[88.90460205100004,21.547424316000047]]],[[[88.58459472700008,21.59759521500007],[88.56738281200006,21.61999511700003],[88.51940918000008,21.645996094000054],[88.52038574200003,21.62298584000007],[88.51000976600005,21.597839355000076],[88.53961181600005,21.585815430000025],[88.54522705100004,21.56402587900004],[88.55780029300007,21.55822753900003],[88.57940673800005,21.578796387000068],[88.58459472700008,21.59759521500007]]],[[[88.77062988300008,21.633422852000024],[88.76440429700006,21.651794434000067],[88.71618652300003,21.633239746000072],[88.70898437500006,21.607421875000057],[88.70782470700004,21.57580566400003],[88.73004150400004,21.55963134800004],[88.75701904300007,21.557434082000043],[88.79821777300003,21.588806152000075],[88.77441406200006,21.618408203000058],[88.77062988300008,21.633422852000024]]],[[[88.97100830100004,21.644409180000025],[88.95379638700007,21.673217773000033],[88.93719482400007,21.645202637000068],[88.95062255900007,21.625793457000043],[88.98602294900007,21.613830566000047],[88.98980712900004,21.637634277000075],[88.97100830100004,21.644409180000025]]],[[[88.33343505900007,21.67663574200003],[88.31964111300005,21.67858886700003],[88.30700683600008,21.616210937000062],[88.31860351600005,21.598632812000062],[88.35144043000008,21.62603759800004],[88.35601806600005,21.653808594000054],[88.33343505900007,21.67663574200003]]],[[[88.43438720700004,21.655395508000026],[88.43719482400007,21.613830566000047],[88.44543457000003,21.593994141000053],[88.46539306600005,21.648986816000047],[88.43438720700004,21.655395508000026]]],[[[88.60278320300006,21.609802246000072],[88.60540771500007,21.62121582000003],[88.59161377000004,21.64819335900006],[88.57159423800005,21.66882324200003],[88.55480957000003,21.643798828000058],[88.59204101600005,21.611999512000068],[88.60278320300006,21.609802246000072]]],[[[88.46459960900006,21.699829102000024],[88.44421386700003,21.708435059000067],[88.41998291000004,21.689819336000028],[88.43542480500008,21.669982910000044],[88.43438720700004,21.656799316000047],[88.46563720700004,21.650207520000038],[88.47882080100004,21.678405762000068],[88.46459960900006,21.699829102000024]]],[[[89.00939941400009,21.658386230000076],[89.01739502000004,21.674621582000043],[89.00762939500004,21.713623047000056],[88.99218750000006,21.705627441000047],[88.99383544900007,21.65783691400003],[89.00939941400009,21.658386230000076]]],[[[88.92321777300003,21.64361572300004],[88.93762207000003,21.687011719000054],[88.93298339800003,21.698242187000062],[88.88562011700003,21.739624023000033],[88.87683105500008,21.740234375000057],[88.86761474600007,21.693420410000044],[88.88342285200008,21.65441894500003],[88.91400146500007,21.629638672000056],[88.92321777300003,21.64361572300004]]],[[[88.94683837900004,21.75561523400006],[88.92181396500007,21.760009766000053],[88.92858886700003,21.73803710900006],[88.91961669900007,21.718811035000044],[88.94299316400009,21.701416016000053],[88.96759033200004,21.647399902000075],[88.98840332000003,21.644226074000073],[89.00140380900007,21.611022949000073],[89.01422119100005,21.602233887000068],[89.03662109400005,21.62158203100006],[89.01361084000007,21.65441894500003],[88.98718261700003,21.658386230000076],[88.99023437500006,21.690002441000047],[88.96978759800004,21.718811035000044],[88.96203613300008,21.750793457000043],[88.94683837900004,21.75561523400006]]],[[[88.85321044900007,21.744384766000053],[88.83380127000004,21.76184082000003],[88.80981445300006,21.747192383000026],[88.78942871100008,21.74499511700003],[88.78240966800007,21.71459960900006],[88.80401611300005,21.713623047000056],[88.81701660200008,21.698608398000033],[88.81823730500008,21.655639648000033],[88.80780029300007,21.626831055000025],[88.83898925800008,21.616210937000062],[88.85601806600005,21.635437012000068],[88.83862304700006,21.68463134800004],[88.83642578100006,21.70501709000007],[88.85321044900007,21.744384766000053]]],[[[88.60302734400005,21.723999023000033],[88.61138916000004,21.73944091800007],[88.58459472700008,21.750793457000043],[88.57958984400005,21.723205566000047],[88.60302734400005,21.723999023000033]]],[[[88.60681152300003,21.781982422000056],[88.59063720700004,21.77960205100004],[88.58703613300008,21.75439453100006],[88.62042236300005,21.73858642600004],[88.62542724600007,21.760986328000058],[88.60681152300003,21.781982422000056]]],[[[88.55780029300007,21.767395020000038],[88.57061767600004,21.783996582000043],[88.54760742200006,21.805786133000026],[88.51843261700003,21.786621094000054],[88.50561523400006,21.752624512000068],[88.51843261700003,21.721984863000046],[88.52581787100007,21.68658447300004],[88.52661132800006,21.653991699000073],[88.54522705100004,21.636596680000025],[88.57781982400007,21.67980957000003],[88.58679199200003,21.655212402000075],[88.60662841800007,21.677612305000025],[88.57299804700006,21.716186523000033],[88.57080078100006,21.739624023000033],[88.55780029300007,21.767395020000038]]],[[[89.01879882800006,21.778015137000068],[89.01641845700004,21.809020996000072],[88.99560546900005,21.78881835900006],[88.95959472700008,21.765625],[88.97918701200007,21.72900390600006],[89.00842285200008,21.71783447300004],[89.02398681600005,21.68743896500007],[89.01922607400007,21.665832520000038],[89.03179931600005,21.63562011700003],[89.06219482400007,21.614624023000033],[89.09442138700007,21.639587402000075],[89.09564209000007,21.660583496000072],[89.07739257800006,21.686828613000046],[89.06140136700003,21.724426270000038],[89.02423095700004,21.760009766000053],[89.01879882800006,21.778015137000068]]],[[[88.80084228500004,21.74798584000007],[88.82818603500004,21.76519775400004],[88.82000732400007,21.785827637000068],[88.82763671900005,21.805786133000026],[88.81964111300005,21.81799316400003],[88.79583740200007,21.787841797000056],[88.78442382800006,21.759826660000044],[88.80084228500004,21.74798584000007]]],[[[88.60699462900004,21.794616699000073],[88.61383056600005,21.819824219000054],[88.60058593700006,21.84100341800007],[88.58239746100008,21.83941650400004],[88.57519531200006,21.811218262000068],[88.59039306600005,21.794799805000025],[88.60699462900004,21.794616699000073]]],[[[88.86102294900007,21.851013184000067],[88.83740234400005,21.84460449200003],[88.83978271500007,21.796203613000046],[88.83398437500006,21.781799316000047],[88.86163330100004,21.776184082000043],[88.87762451200007,21.74621582000003],[88.90722656200006,21.726989746000072],[88.91442871100008,21.745239258000026],[88.89160156200006,21.747436523000033],[88.89300537100007,21.778991699000073],[88.87762451200007,21.799438477000024],[88.87438964800003,21.848205566000047],[88.86102294900007,21.851013184000067]]],[[[88.17419433600008,21.796386719000054],[88.17059326200007,21.82843017600004],[88.14160156200006,21.87799072300004],[88.11041259800004,21.84759521500007],[88.07739257800006,21.778015137000068],[88.06799316400009,21.74658203100006],[88.05242919900007,21.725585937000062],[88.05438232400007,21.69439697300004],[88.03479003900009,21.668640137000068],[88.03918457000003,21.648803711000028],[88.05499267600004,21.636230469000054],[88.08581543000008,21.629638672000056],[88.12042236300005,21.61163330100004],[88.14898681600005,21.61218261700003],[88.14880371100008,21.693786621000072],[88.17199707000003,21.721984863000046],[88.17419433600008,21.796386719000054]]],[[[88.57580566400009,21.880187988000046],[88.55560302700007,21.875183105000076],[88.56121826200007,21.853210449000073],[88.57739257800006,21.856201172000056],[88.57580566400009,21.880187988000046]]],[[[88.97302246100008,21.890808105000076],[88.97644043000008,21.864196777000075],[88.94958496100008,21.839233398000033],[88.97180175800008,21.824218750000057],[88.97442627000004,21.804199219000054],[88.95123291000004,21.80181884800004],[88.94140625000006,21.787841797000056],[88.96978759800004,21.776184082000043],[88.99761962900004,21.815185547000056],[89.02618408200004,21.817810059000067],[89.03399658200004,21.86181640600006],[89,21.887390137000068],[88.97302246100008,21.890808105000076]]],[[[88.63482666000004,21.865600586000028],[88.61499023400006,21.891235352000024],[88.59600830100004,21.848388672000056],[88.61981201200007,21.820190430000025],[88.61962890600006,21.793640137000068],[88.64361572300004,21.78759765600006],[88.65203857400007,21.864013672000056],[88.63482666000004,21.865600586000028]]],[[[88.83020019500003,21.862609863000046],[88.82861328100006,21.892395020000038],[88.80523681600005,21.877624512000068],[88.83020019500003,21.862609863000046]]],[[[88.72882080100004,21.895202637000068],[88.71740722700008,21.899414062000062],[88.69824218700006,21.85559082000003],[88.69842529300007,21.82202148400006],[88.70941162100007,21.800598145000038],[88.70678710900006,21.773620605000076],[88.69183349600007,21.750610352000024],[88.71002197300004,21.682434082000043],[88.74401855500008,21.655029297000056],[88.77679443400007,21.66119384800004],[88.80419921900005,21.658813477000024],[88.80700683600008,21.698242187000062],[88.79803466800007,21.702819824000073],[88.76098632800006,21.689819336000028],[88.75543212900004,21.704040527000075],[88.78460693400007,21.733825684000067],[88.78118896500007,21.754821777000075],[88.79400634800004,21.789794922000056],[88.81042480500008,21.806823730000076],[88.82818603500004,21.859619141000053],[88.80181884800004,21.877197266000053],[88.75720214800003,21.876831055000025],[88.74499511700003,21.893981934000067],[88.72882080100004,21.895202637000068]]],[[[88.66180419900007,21.910827637000068],[88.63562011700003,21.915832520000038],[88.62322998000008,21.897399902000075],[88.63458252000004,21.869201660000044],[88.65020752000004,21.869201660000044],[88.66882324200003,21.903625488000046],[88.66180419900007,21.910827637000068]]],[[[88.11779785200008,21.89660644500003],[88.09503173800005,21.919982910000044],[88.08642578100006,21.913208008000026],[88.10058593700006,21.873413086000028],[88.12780761700003,21.88439941400003],[88.11779785200008,21.89660644500003]]],[[[88.73522949200003,21.91558837900004],[88.72039794900007,21.90002441400003],[88.74884033200004,21.892639160000044],[88.77563476600005,21.86822509800004],[88.79663085900006,21.875183105000076],[88.81140136700003,21.899414062000062],[88.79803466800007,21.915832520000038],[88.75439453100006,21.923217773000033],[88.73522949200003,21.91558837900004]]],[[[88.84478759800004,21.909423828000058],[88.85961914100005,21.85382080100004],[88.87640380900007,21.849426270000038],[88.88183593700006,21.805603027000075],[88.89819335900006,21.786987305000025],[88.89538574200003,21.75280761700003],[88.91662597700008,21.76361084000007],[88.94903564500004,21.765808105000076],[88.93524169900007,21.791198730000076],[88.94659423800005,21.80639648400006],[88.96978759800004,21.819030762000068],[88.94464111300005,21.834594727000024],[88.95141601600005,21.851806641000053],[88.97222900400004,21.86480712900004],[88.96960449200003,21.898437500000057],[88.93762207000003,21.908996582000043],[88.91558837900004,21.923217773000033],[88.88562011700003,21.908996582000043],[88.87322998000008,21.914428711000028],[88.84478759800004,21.909423828000058]]],[[[88.14843750000006,21.91400146500007],[88.15118408200004,21.921386719000054],[88.12683105500008,21.94738769500003],[88.09161377000004,21.925598145000038],[88.12719726600005,21.895996094000054],[88.14843750000006,21.91400146500007]]],[[[88.73999023400006,21.975402832000043],[88.72741699200003,21.971801758000026],[88.72338867200006,21.937011719000054],[88.74060058600008,21.92041015600006],[88.77239990200007,21.92541503900003],[88.78479003900009,21.91760253900003],[88.80059814500004,21.935791016000053],[88.77099609400005,21.93939209000007],[88.75122070300006,21.954040527000075],[88.73999023400006,21.975402832000043]]],[[[88.78222656200006,21.979431152000075],[88.76318359400005,21.97900390600006],[88.75738525400004,21.953002930000025],[88.77178955100004,21.941833496000072],[88.81701660200008,21.938415527000075],[88.83959960900006,21.92181396500007],[88.84179687500006,21.964233398000033],[88.83264160200008,21.973205566000047],[88.80700683600008,21.96441650400004],[88.78222656200006,21.979431152000075]]],[[[88.10363769500003,21.970214844000054],[88.125,21.976623535000044],[88.14044189500004,22.010437012000068],[88.11920166000004,22.015014648000033],[88.09881591800007,21.994201660000044],[88.10363769500003,21.970214844000054]]],[[[88.02703857400007,24.68762207000003],[87.96539306600005,24.752014160000044],[87.90942382800006,24.83801269500003],[87.89984130900007,24.859985352000024],[87.90222168000008,24.82202148400006],[87.87823486300005,24.821228027000075],[87.88421630900007,24.79840087900004],[87.87121582000003,24.773803711000028],[87.85583496100008,24.760986328000058],[87.83422851600005,24.777221680000025],[87.82019043000008,24.760437012000068],[87.86322021500007,24.733642578000058],[87.91040039100005,24.720214844000054],[87.89440918000008,24.67358398400006],[87.92102050800008,24.661804199000073],[87.90820312500006,24.614196777000075],[87.91601562500006,24.596618652000075],[87.89520263700007,24.580810547000056],[87.89440918000008,24.565185547000056],[87.83038330100004,24.557189941000047],[87.80523681600005,24.56158447300004],[87.80603027300003,24.515625],[87.80200195300006,24.49304199200003],[87.81921386700003,24.489196777000075],[87.82641601600005,24.457824707000043],[87.80603027300003,24.453796387000068],[87.79119873000008,24.415039062000062],[87.80401611300005,24.408996582000043],[87.78839111300005,24.361999512000068],[87.77020263700007,24.343627930000025],[87.77203369100005,24.327636719000054],[87.74902343700006,24.297790527000075],[87.71600341800007,24.282226562000062],[87.70861816400009,24.259826660000044],[87.68878173800005,24.247009277000075],[87.64941406200006,24.251403809000067],[87.64459228500004,24.21179199200003],[87.67700195300006,24.207031250000057],[87.67938232400007,24.194030762000068],[87.70098877000004,24.186828613000046],[87.70458984400005,24.174011230000076],[87.68701171900005,24.142395020000038],[87.65979003900009,24.158386230000076],[87.64843750000006,24.152404785000044],[87.61761474600007,24.165405273000033],[87.57983398400006,24.155639648000033],[87.61022949200003,24.134582520000038],[87.57739257800006,24.11218261700003],[87.57458496100008,24.088989258000026],[87.56140136700003,24.080993652000075],[87.53839111300005,24.093994141000053],[87.52380371100008,24.112426758000026],[87.50219726600005,24.11499023400006],[87.49560546900005,24.086608887000068],[87.51080322300004,24.084594727000024],[87.49578857400007,24.05358886700003],[87.51159668000008,24.031616211000028],[87.49322509800004,24.01721191400003],[87.46380615200007,24.012390137000068],[87.46343994100005,23.995422363000046],[87.44281005900007,23.981018066000047],[87.36303710900006,24.012390137000068],[87.35382080100004,23.99798584000007],[87.32623291000004,24],[87.33941650400004,24.033386230000076],[87.29058837900004,24.028015137000068],[87.24798584000007,24.044616699000073],[87.23760986300005,24.02124023400006],[87.25018310500008,23.998229980000076],[87.27038574200003,23.989196777000075],[87.26300048800005,23.970397949000073],[87.29418945300006,23.958007812000062],[87.28662109400005,23.935424805000025],[87.29321289100005,23.892822266000053],[87.26098632800006,23.88201904300007],[87.24981689500004,23.854614258000026],[87.25823974600007,23.843200684000067],[87.24322509800004,23.825195312000062],[87.22021484400005,23.828796387000068],[87.21679687500006,23.850219727000024],[87.17779541000004,23.85400390600006],[87.16741943400007,23.864624023000033],[87.13183593700006,23.868408203000058],[87.13238525400004,23.853027344000054],[87.16961669900007,23.82379150400004],[87.15203857400007,23.796203613000046],[87.11303710900006,23.799438477000024],[87.05780029300007,23.820983887000068],[87.04278564500004,23.83679199200003],[86.97741699200003,23.86804199200003],[86.94940185500008,23.845397949000073],[86.93322753900009,23.870605469000054],[86.90362548800005,23.879821777000075],[86.86718750000006,23.845031738000046],[86.85583496100008,23.825195312000062],[86.82598877000004,23.813598633000026],[86.81140136700003,23.79803466800007],[86.82861328100006,23.776000977000024],[86.83081054700006,23.75280761700003],[86.81579589800003,23.74603271500007],[86.80139160200008,23.704223633000026],[86.80102539100005,23.68780517600004],[86.74780273400006,23.679382324000073],[86.74102783200004,23.69439697300004],[86.72064209000007,23.698608398000033],[86.66223144500003,23.686218262000068],[86.60119628900009,23.66558837900004],[86.57678222700008,23.647033691000047],[86.52941894500003,23.62902832000003],[86.49304199200003,23.63720703100006],[86.46423339800003,23.62921142600004],[86.44842529300007,23.616027832000043],[86.45098877000004,23.600830078000058],[86.42321777300003,23.588989258000026],[86.41741943400007,23.576232910000044],[86.39099121100008,23.574035645000038],[86.36779785200008,23.530029297000056],[86.37780761700003,23.508605957000043],[86.36718750000006,23.48999023400006],[86.37963867200006,23.48059082000003],[86.35919189500004,23.460388184000067],[86.35321044900007,23.441589355000076],[86.33624267600004,23.446594238000046],[86.29101562500006,23.429016113000046],[86.23278808600008,23.42962646500007],[86.23120117200006,23.442810059000067],[86.18261718700006,23.460388184000067],[86.15240478500004,23.46478271500007],[86.16284179700006,23.507812500000057],[86.15081787100007,23.523986816000047],[86.16082763700007,23.559020996000072],[86.08038330100004,23.566223145000038],[86.07818603500004,23.57861328100006],[86.05419921900005,23.585815430000025],[86.02239990200007,23.560424805000025],[86.02301025400004,23.543640137000068],[86.04199218700006,23.514404297000056],[86.04119873000008,23.497192383000026],[86.02539062500006,23.485595703000058],[85.95361328100006,23.470397949000073],[85.91143798800005,23.483642578000058],[85.87420654300007,23.476013184000067],[85.86602783200004,23.431030273000033],[85.90063476600005,23.405212402000075],[85.87298584000007,23.389404297000056],[85.87841796900005,23.357421875000057],[85.87023925800008,23.328796387000068],[85.84002685500008,23.304382324000073],[85.82238769500003,23.268798828000058],[85.84039306600005,23.24639892600004],[85.83862304700006,23.22064209000007],[85.86663818400007,23.221435547000056],[85.88580322300004,23.19543457000003],[85.88421630900007,23.168029785000044],[85.91900634800004,23.145629883000026],[85.96038818400007,23.160400391000053],[85.99902343700006,23.14959716800007],[86.03979492200006,23.14660644500003],[86.05718994100005,23.123413086000028],[86.05139160200008,23.10540771500007],[86.10223388700007,23.08642578100006],[86.13500976600005,23.083435059000067],[86.14819335900006,23.074829102000024],[86.14398193400007,23.056640625000057],[86.16003418000008,23.047424316000047],[86.15838623000008,23.032226562000062],[86.18261718700006,23.018981934000067],[86.18798828100006,23.004638672000056],[86.21258544900007,23.007202148000033],[86.22680664100005,22.994018555000025],[86.26739502000004,22.99963378900003],[86.29559326200007,23.013183594000054],[86.34039306600005,22.98999023400006],[86.36883544900007,22.999816895000038],[86.38818359400005,22.995422363000046],[86.39624023400006,22.98040771500007],[86.42803955100004,22.99621582000003],[86.46679687500006,22.98803710900006],[86.5,22.992187500000057],[86.52642822300004,22.97619628900003],[86.55163574200003,22.977783203000058],[86.52783203100006,22.946594238000046],[86.50518798800005,22.95080566400003],[86.49359130900007,22.93798828100006],[86.47442627000004,22.949035645000038],[86.46520996100008,22.93640136700003],[86.43798828100006,22.922790527000075],[86.46679687500006,22.893798828000058],[86.45562744100005,22.885192871000072],[86.45318603500004,22.86181640600006],[86.43524169900007,22.85260009800004],[86.43762207000003,22.827636719000054],[86.42181396500007,22.790405273000033],[86.43719482400007,22.772583008000026],[86.47198486300005,22.753417969000054],[86.48419189500004,22.731201172000056],[86.50463867200006,22.717407227000024],[86.54559326200007,22.721618652000075],[86.58679199200003,22.69104003900003],[86.62200927700007,22.677612305000025],[86.64361572300004,22.658203125000057],[86.63562011700003,22.61041259800004],[86.66101074200003,22.575012207000043],[86.70941162100007,22.582397461000028],[86.75982666000004,22.577819824000073],[86.76922607400007,22.55780029300007],[86.79241943400007,22.540405273000033],[86.79559326200007,22.510009766000053],[86.80438232400007,22.50103759800004],[86.79779052700007,22.478393555000025],[86.75299072300004,22.481811523000033],[86.75421142600004,22.454223633000026],[86.76721191400009,22.426025391000053],[86.81542968700006,22.418395996000072],[86.84802246100008,22.399230957000043],[86.84539794900007,22.372436523000033],[86.83441162100007,22.347839355000076],[86.83563232400007,22.32379150400004],[86.890625,22.296386719000054],[86.88958740200007,22.25701904300007],[86.82641601600005,22.266235352000024],[86.80700683600008,22.223388672000056],[86.75244140600006,22.210815430000025],[86.72943115200007,22.216186523000033],[86.72021484400005,22.180419922000056],[86.72418212900004,22.145996094000054],[86.77099609400005,22.14819335900006],[86.79821777300003,22.15618896500007],[86.80761718700006,22.131835937000062],[86.84020996100008,22.096984863000046],[86.85443115200007,22.102233887000068],[86.90942382800006,22.09100341800007],[86.96258544900007,22.087219238000046],[86.99499511700003,22.054199219000054],[87.03039550800008,22.03601074200003],[87.02581787100007,22.01983642600004],[87.03442382800006,21.99499511700003],[87.00982666000004,21.940795898000033],[87.00439453100006,21.91241455100004],[87.04223632800006,21.86682128900003],[87.10021972700008,21.866027832000043],[87.09918212900004,21.91381835900006],[87.12640380900007,21.926025391000053],[87.13983154300007,21.922790527000075],[87.16558837900004,21.93920898400006],[87.16583252000004,21.96838378900003],[87.19860839800003,21.958801270000038],[87.21423339800003,21.965026855000076],[87.25762939500004,21.926025391000053],[87.24139404300007,21.899230957000043],[87.25421142600004,21.877197266000053],[87.25122070300006,21.853027344000054],[87.26782226600005,21.83819580100004],[87.27899169900007,21.804382324000073],[87.31842041000004,21.795593262000068],[87.34039306600005,21.783996582000043],[87.40600585900006,21.770629883000026],[87.44781494100005,21.767395020000038],[87.44738769500003,21.733215332000043],[87.46783447300004,21.730834961000028],[87.47619628900009,21.712219238000046],[87.47082519500003,21.663391113000046],[87.48779296900005,21.631591797000056],[87.48602294900007,21.618408203000058],[87.48883056600005,21.60900878900003],[87.63018798800005,21.642395020000038],[87.64581298800005,21.65423584000007],[87.66363525400004,21.643188477000024],[87.67742919900007,21.652404785000044],[87.74499511700003,21.679382324000073],[87.76483154300007,21.701232910000044],[87.79522705100004,21.704040527000075],[87.83062744100005,21.733825684000067],[87.86401367200006,21.752197266000053],[87.88922119100005,21.776184082000043],[87.88940429700006,21.78741455100004],[87.94122314500004,21.815795898000033],[87.97698974600007,21.85540771500007],[88.01879882800006,21.944641113000046],[88.05218505900007,22.002624512000068],[88.02423095700004,22.03881835900006],[87.99822998000008,22.09100341800007],[88.03479003900009,22.06280517600004],[88.03283691400009,22.048828125000057],[88.05859375000006,22.01843261700003],[88.08740234400005,22.022399902000075],[88.13043212900004,22.052001953000058],[88.17321777300003,22.075988770000038],[88.19262695300006,22.112609863000046],[88.13659668000008,22.182189941000047],[88.10540771500007,22.191223145000038],[88.07379150400004,22.182617187000062],[88.04742431600005,22.202636719000054],[88.02423095700004,22.197814941000047],[87.99719238300008,22.20819091800007],[87.99383544900007,22.226989746000072],[88.01159668000008,22.239624023000033],[88.02923584000007,22.22119140600006],[88.05163574200003,22.217224121000072],[88.07482910200008,22.24639892600004],[88.07904052700007,22.28723144500003],[88.09283447300004,22.303833008000026],[88.09399414100005,22.343627930000025],[88.10443115200007,22.351989746000072],[88.10742187500006,22.294799805000025],[88.08978271500007,22.267822266000053],[88.09002685500008,22.244384766000053],[88.07238769500003,22.21301269500003],[88.11383056600005,22.209228516000053],[88.13702392600004,22.200012207000043],[88.16699218700006,22.19720459000007],[88.19702148400006,22.182983398000033],[88.22680664100005,22.098632812000062],[88.22662353500004,22.075012207000043],[88.19439697300004,22.02124023400006],[88.16723632800006,21.998229980000076],[88.14398193400007,21.957641602000024],[88.16723632800006,21.92962646500007],[88.17199707000003,21.90618896500007],[88.16119384800004,21.884826660000044],[88.19824218700006,21.842041016000053],[88.20483398400006,21.795593262000068],[88.21740722700008,21.745605469000054],[88.21362304700006,21.720397949000073],[88.19982910200008,21.721618652000075],[88.18078613300008,21.701416016000053],[88.18359375000006,21.66223144500003],[88.20520019500003,21.60522460900006],[88.22222900400004,21.61181640600006],[88.24981689500004,21.58361816400003],[88.24359130900007,21.56604003900003],[88.25701904300007,21.555419922000056],[88.28741455100004,21.575195312000062],[88.29559326200007,21.600402832000043],[88.29339599600007,21.62280273400006],[88.30780029300007,21.67163085900006],[88.28338623000008,21.709411621000072],[88.29803466800007,21.726989746000072],[88.29162597700008,21.775390625000057],[88.30218505900007,21.783630371000072],[88.31158447300004,21.73541259800004],[88.30743408200004,21.719421387000068],[88.32501220700004,21.708801270000038],[88.34478759800004,21.71002197300004],[88.35101318400007,21.69439697300004],[88.38220214800003,21.66418457000003],[88.38983154300007,21.620422363000046],[88.41381835900006,21.60400390600006],[88.43420410200008,21.618591309000067],[88.41503906200006,21.65319824200003],[88.41619873000008,21.69061279300007],[88.44342041000004,21.709594727000024],[88.45782470700004,21.71179199200003],[88.45660400400004,21.750427246000072],[88.46881103500004,21.782592773000033],[88.50219726600005,21.805419922000056],[88.49322509800004,21.850402832000043],[88.48223877000004,21.87744140600006],[88.48162841800007,21.905029297000056],[88.52679443400007,21.930786133000026],[88.52282714800003,21.91400146500007],[88.49822998000008,21.88562011700003],[88.49798584000007,21.874389648000033],[88.52642822300004,21.853027344000054],[88.54119873000008,21.86022949200003],[88.54882812500006,21.880187988000046],[88.54498291000004,21.907592773000033],[88.58178710900006,21.884582520000038],[88.60803222700008,21.903991699000073],[88.60778808600008,21.932617187000062],[88.62139892600004,21.93902587900004],[88.60760498000008,21.960388184000067],[88.60699462900004,21.987792969000054],[88.62780761700003,21.99603271500007],[88.62420654300007,21.96478271500007],[88.65521240200007,21.944030762000068],[88.68798828100006,21.942016602000024],[88.70843505900007,21.950195312000062],[88.70220947300004,21.97259521500007],[88.71258544900007,21.994201660000044],[88.74121093700006,22.015808105000076],[88.73059082000003,22.043212891000053],[88.75018310500008,22.058593750000057],[88.76440429700006,22.02819824200003],[88.75579834000007,21.987792969000054],[88.78540039100005,21.98199462900004],[88.78363037100007,21.96923828100006],[88.81500244100005,21.967041016000053],[88.83959960900006,21.974792480000076],[88.83978271500007,21.94543457000003],[88.84698486300005,21.933837891000053],[88.87463378900009,21.919799805000025],[88.90179443400007,21.92340087900004],[88.90783691400009,21.96142578100006],[88.92639160200008,21.957214355000076],[88.93621826200007,21.930419922000056],[89.01220703100006,21.89538574200003],[89.02978515600006,21.925231934000067],[89.06604003900009,21.93139648400006],[89.07342529300007,21.947814941000047],[89.07342529300007,22.01080322300004],[89.07922363300008,22.015625],[89.04998779300007,22.054199219000054],[89.04241943400007,22.102783203000058],[89.09741210900006,22.143188477000024],[89.07360839800003,22.147827148000033],[89.06683349600007,22.16900634800004],[89.07379150400004,22.196594238000046],[89.04058837900004,22.234985352000024],[89.03741455100004,22.256835937000062],[89.00201416000004,22.281616211000028],[88.99884033200004,22.293640137000068],[89.02783203100006,22.297790527000075],[89.00244140600006,22.324035645000038],[88.98699951200007,22.33001709000007],[88.99438476600005,22.390441895000038],[88.97540283200004,22.410400391000053],[89.00158691400009,22.427429199000073],[88.99304199200003,22.441833496000072],[88.99841308600008,22.47119140600006],[88.97601318400007,22.500427246000072],[88.96838378900009,22.54022216800007],[88.95019531200006,22.55499267600004],[88.94122314500004,22.584228516000053],[88.96160888700007,22.614196777000075],[88.93481445300006,22.631591797000056],[88.92883300800008,22.648986816000047],[88.94720459000007,22.66241455100004],[88.96539306600005,22.692626953000058],[88.93078613300008,22.717041016000053],[88.91918945300006,22.733825684000067],[88.92742919900007,22.778991699000073],[88.96124267600004,22.79522705100004],[88.97180175800008,22.84423828100006],[88.95300293000008,22.871826172000056],[88.91223144500003,22.880004883000026],[88.90142822300004,22.897583008000026],[88.91003418000008,22.92163085900006],[88.89398193400007,22.927185059000067],[88.89703369100005,22.952392578000058],[88.86218261700003,22.94421386700003],[88.86102294900007,22.968627930000025],[88.87341308600008,22.975585937000062],[88.86663818400007,23.002197266000053],[88.88238525400004,23.02459716800007],[88.87200927700007,23.099609375000057],[88.89361572300004,23.10699462900004],[88.92163085900006,23.139221191000047],[88.93420410200008,23.14624023400006],[88.93743896500007,23.171020508000026],[88.96423339800003,23.191589355000076],[88.98718261700003,23.200622559000067],[88.97760009800004,23.222839355000076],[88.94482421900005,23.20501709000007],[88.91418457000003,23.232788086000028],[88.87780761700003,23.231201172000056],[88.81201171900005,23.25280761700003],[88.81298828100006,23.21960449200003],[88.78442382800006,23.220031738000046],[88.76983642600004,23.244812012000068],[88.75463867200006,23.239013672000056],[88.72119140600006,23.25421142600004],[88.72619628900009,23.26983642600004],[88.69879150400004,23.302429199000073],[88.74780273400006,23.307189941000047],[88.73522949200003,23.32702636700003],[88.74621582000003,23.35400390600006],[88.76239013700007,23.373413086000028],[88.75244140600006,23.400390625000057],[88.76818847700008,23.44738769500003],[88.79321289100005,23.446411133000026],[88.79003906200006,23.466186523000033],[88.80163574200003,23.481018066000047],[88.79583740200007,23.501403809000067],[88.77539062500006,23.497192383000026],[88.75579834000007,23.47741699200003],[88.71478271500007,23.509033203000058],[88.65838623000008,23.562194824000073],[88.64178466800007,23.59564209000007],[88.59600830100004,23.615783691000047],[88.59619140600006,23.639404297000056],[88.56500244100005,23.63580322300004],[88.56079101600005,23.64819335900006],[88.57720947300004,23.675842285000044],[88.57098388700007,23.688781738000046],[88.57519531200006,23.74639892600004],[88.58319091800007,23.759582520000038],[88.57501220700004,23.781799316000047],[88.60479736300005,23.81604003900003],[88.58978271500007,23.82861328100006],[88.59381103500004,23.84918212900004],[88.60778808600008,23.862609863000046],[88.63940429700006,23.870422363000046],[88.65600585900006,23.86639404300007],[88.66662597700008,23.881835937000062],[88.70379638700007,23.901794434000067],[88.70898437500006,23.91558837900004],[88.73822021500007,23.914611816000047],[88.74438476600005,23.930603027000075],[88.73840332000003,23.96319580100004],[88.74340820300006,23.983642578000058],[88.76818847700008,23.98059082000003],[88.76403808600008,24.004638672000056],[88.74798584000007,24.004821777000075],[88.73718261700003,24.02124023400006],[88.74542236300005,24.034606934000067],[88.72644043000008,24.067199707000043],[88.73022460900006,24.10119628900003],[88.70361328100006,24.093994141000053],[88.69982910200008,24.118591309000067],[88.71643066400009,24.122192383000026],[88.74920654300007,24.14660644500003],[88.73419189500004,24.173828125000057],[88.73760986300005,24.223388672000056],[88.74401855500008,24.253417969000054],[88.72882080100004,24.295837402000075],[88.68621826200007,24.32379150400004],[88.65441894500003,24.299011230000076],[88.65020752000004,24.310424805000025],[88.59039306600005,24.31420898400006],[88.56982421900005,24.32580566400003],[88.56182861300005,24.307617187000062],[88.53503418000008,24.31298828100006],[88.49859619100005,24.328186035000044],[88.47619628900009,24.354187012000068],[88.44360351600005,24.37121582000003],[88.42663574200003,24.373596191000047],[88.36663818400007,24.409423828000058],[88.34423828100006,24.43762207000003],[88.28039550800008,24.458984375000057],[88.24560546900005,24.460632324000073],[88.12683105500008,24.515991211000028],[88.10864257800006,24.55621337900004],[88.11260986300005,24.573242187000062],[88.08001709000007,24.63061523400006],[88.06158447300004,24.641235352000024],[88.05639648400006,24.661804199000073],[88.02703857400007,24.68762207000003]]]]},"properties":{"OBJECTID":85,"object_id":21,"name":"GANGETIC WEST BENGAL","state_code":"WEST BENGAL","region_cod":"EAST AND NORTH EAST INDIA","subdivisio":"GANGETIC WEST BENGAL","uorder":6},"id": 11},
{"type":"Feature","geometry":{"type":"Polygon","coordinates":[[[76.50018310500008,28.100219727000024],[76.45898437500006,28.106201172000056],[76.45800781200006,28.083435059000067],[76.48004150400004,28.077636719000054],[76.49658203100006,28.05322265600006],[76.46258544900007,28.058593750000057],[76.45581054700006,28.042236328000058],[76.49859619100005,28.043212891000053],[76.51483154300007,28.030212402000075],[76.54498291000004,28.03424072300004],[76.54223632800006,27.984802246000072],[76.54583740200007,27.963623047000056],[76.58038330100004,27.97900390600006],[76.59002685500008,27.99798584000007],[76.60601806600005,28.003784180000025],[76.64178466800007,28.002197266000053],[76.66943359400005,28.014221191000047],[76.65283203100006,28.062011719000054],[76.65838623000008,28.089233398000033],[76.68640136700003,28.091796875000057],[76.71679687500006,28.12780761700003],[76.74481201200007,28.12103271500007],[76.76361084000007,28.142639160000044],[76.79602050800008,28.148437500000057],[76.79724121100008,28.19061279300007],[76.80621337900004,28.205627441000047],[76.83264160200008,28.209228516000053],[76.84960937500006,28.221618652000075],[76.87603759800004,28.21783447300004],[76.89202880900007,28.20501709000007],[76.89318847700008,28.184387207000043],[76.94921875000006,28.142395020000038],[76.97180175800008,28.13842773400006],[76.95501709000007,28.06262207000003],[76.94079589800003,28.043029785000044],[76.93200683600008,27.992797852000024],[76.93280029300007,27.922607422000056],[76.95281982400007,27.918212891000053],[76.93878173800005,27.89642334000007],[76.94421386700003,27.85382080100004],[76.93682861300005,27.829040527000075],[76.91619873000008,27.83483886700003],[76.91259765600006,27.796386719000054],[76.90179443400007,27.761413574000073],[76.89538574200003,27.71783447300004],[76.91998291000004,27.70983886700003],[76.89959716800007,27.677612305000025],[76.91662597700008,27.652587891000053],[76.94323730500008,27.673828125000057],[76.98022460900006,27.653625488000046],[76.98339843700006,27.679199219000054],[77.00140380900007,27.736999512000068],[77.02099609400005,27.745788574000073],[77.04620361300005,27.743408203000058],[77.06079101600005,27.726440430000025],[77.08679199200003,27.73803710900006],[77.07580566400003,27.767028809000067],[77.02783203100006,27.77923584000007],[77.04022216800007,27.81158447300004],[77.07580566400003,27.81439209000007],[77.10980224600007,27.78619384800004],[77.18463134800004,27.78759765600006],[77.21459960900006,27.80163574200003],[77.25360107400007,27.79058837900004],[77.27001953100006,27.814819336000028],[77.28503418000008,27.801025391000053],[77.29980468700006,27.815185547000056],[77.33239746100008,27.830993652000075],[77.33642578100006,27.84741210900006],[77.38922119100005,27.857604980000076],[77.41442871100008,27.851623535000044],[77.41162109400005,27.879821777000075],[77.42260742200006,27.890808105000076],[77.45178222700008,27.87103271500007],[77.47363281200006,27.883605957000043],[77.48083496100008,27.897827148000033],[77.47662353500004,27.929199219000054],[77.49401855500008,27.938232422000056],[77.53063964800003,27.92541503900003],[77.54638671900005,27.95361328100006],[77.52020263700007,27.962402344000054],[77.54241943400007,27.98199462900004],[77.52722168000008,28],[77.51403808600008,28.031799316000047],[77.48962402300003,28.036621094000054],[77.50158691400003,28.06243896500007],[77.47900390600006,28.080993652000075],[77.51062011700003,28.119812012000068],[77.49499511700003,28.132812500000057],[77.52343750000006,28.16119384800004],[77.54998779300007,28.175842285000044],[77.51702880900007,28.19299316400003],[77.53662109400005,28.210205078000058],[77.52020263700007,28.242431641000053],[77.49401855500008,28.251831055000025],[77.49218750000006,28.27124023400006],[77.50738525400004,28.304016113000046],[77.47302246100008,28.335998535000044],[77.49761962900004,28.348999023000033],[77.50640869100005,28.362792969000054],[77.48120117200006,28.398437500000057],[77.47900390600006,28.41900634800004],[77.44262695300006,28.42858886700003],[77.43481445300006,28.454589844000054],[77.40142822300004,28.455627441000047],[77.38183593700006,28.470214844000054],[77.37322998000008,28.49798584000007],[77.34899902300003,28.50421142600004],[77.33520507800006,28.525390625000057],[77.30499267600004,28.552429199000073],[77.29840087900004,28.56561279300007],[77.31500244100005,28.596618652000075],[77.34301757800006,28.606018066000047],[77.34381103500004,28.622009277000075],[77.31738281200006,28.641235352000024],[77.32781982400007,28.710388184000067],[77.30603027300003,28.71301269500003],[77.23699951200007,28.770812988000046],[77.20538330100004,28.79058837900004],[77.22558593700006,28.826232910000044],[77.21862793000008,28.851440430000025],[77.19201660200008,28.86639404300007],[77.19683837900004,28.886413574000073],[77.22882080100004,28.893981934000067],[77.23559570300006,28.910400391000053],[77.22363281200006,28.92822265600006],[77.19659423800005,28.94061279300007],[77.19403076200007,28.958984375000057],[77.20361328100006,28.985839844000054],[77.19219970700004,29.006042480000076],[77.18920898400006,29.030029297000056],[77.17340087900004,29.04663085900006],[77.16638183600008,29.076599121000072],[77.13519287100007,29.095214844000054],[77.14941406200006,29.11303710900006],[77.13720703100006,29.142028809000067],[77.14843750000006,29.180603027000075],[77.13378906200006,29.22259521500007],[77.15118408200004,29.232788086000028],[77.14099121100008,29.26202392600004],[77.15960693400007,29.30303955100004],[77.16241455100004,29.332397461000028],[77.13598632800006,29.340026855000076],[77.12438964800003,29.370422363000046],[77.15563964800003,29.38439941400003],[77.13458252000004,29.400817871000072],[77.14581298800005,29.44543457000003],[77.12438964800003,29.45538330100004],[77.13458252000004,29.483215332000043],[77.09881591800007,29.527404785000044],[77.10961914100005,29.547790527000075],[77.10803222700008,29.571594238000046],[77.09100341800007,29.59478759800004],[77.11083984400005,29.59759521500007],[77.10742187500006,29.63238525400004],[77.12939453100006,29.639404297000056],[77.14221191400003,29.655029297000056],[77.14379882800006,29.680603027000075],[77.15722656200006,29.69842529300007],[77.13543701200007,29.718627930000025],[77.14123535200008,29.735595703000058],[77.12139892600004,29.755004883000026],[77.14739990200007,29.77160644500003],[77.18041992200006,29.81280517600004],[77.17938232400007,29.84600830100004],[77.20263671900005,29.864196777000075],[77.20141601600005,29.889587402000075],[77.19122314500004,29.913391113000046],[77.21923828100006,29.924011230000076],[77.24542236300005,29.96002197300004],[77.24798584000007,29.976623535000044],[77.27722168000008,29.99621582000003],[77.28363037100007,30.02960205100004],[77.29821777300003,30.053405762000068],[77.33502197300004,30.05358886700003],[77.34838867200006,30.06939697300004],[77.38378906200006,30.092590332000043],[77.40698242200006,30.08941650400004],[77.42480468700006,30.131042480000076],[77.43103027300003,30.16418457000003],[77.45080566400003,30.166015625000057],[77.47863769500003,30.182617187000062],[77.50579834000007,30.225402832000043],[77.53179931600005,30.252624512000068],[77.53820800800008,30.275817871000072],[77.58398437500006,30.30639648400006],[77.57958984400005,30.33001709000007],[77.60540771500007,30.369018555000025],[77.58675537100004,30.379821777000075],[77.56024169900007,30.388183594000054],[77.51983642600004,30.443420410000044],[77.49102783200004,30.410827637000068],[77.46881103500004,30.40002441400003],[77.42822265600006,30.402587891000053],[77.46020507800006,30.432983398000033],[77.45062255900007,30.446228027000075],[77.40881347700008,30.410583496000072],[77.40618896500007,30.42803955100004],[77.36523437500006,30.44061279300007],[77.35540771500007,30.458435059000067],[77.32403564500004,30.445983887000068],[77.28643798800005,30.465393066000047],[77.27178955100004,30.481384277000075],[77.20898437500006,30.474609375000057],[77.20819091800007,30.50561523400006],[77.19421386700003,30.525817871000072],[77.13659668000008,30.545593262000068],[77.12579345700004,30.565429687000062],[77.17358398400006,30.601440430000025],[77.17340087900004,30.631835937000062],[77.16418457000003,30.65423584000007],[77.16998291000004,30.669982910000044],[77.16241455100004,30.691223145000038],[77.13018798800005,30.710998535000044],[77.09863281200006,30.73840332000003],[77.06561279300007,30.742431641000053],[77.03100585900006,30.733825684000067],[77.02178955100004,30.740234375000057],[77.01983642600004,30.780212402000075],[77.01281738300008,30.80499267600004],[76.95019531200006,30.824584961000028],[76.95239257800006,30.850830078000058],[76.91619873000008,30.88983154300007],[76.87719726600005,30.881225586000028],[76.84222412100007,30.89178466800007],[76.82641601600005,30.92663574200003],[76.78802490200007,30.91363525400004],[76.77801513700007,30.90441894500003],[76.78558349600007,30.87799072300004],[76.83099365200007,30.839233398000033],[76.84783935500008,30.834228516000053],[76.84661865200007,30.807434082000043],[76.85821533200004,30.794982910000044],[76.84301757800006,30.77459716800007],[76.81622314500004,30.753234863000046],[76.79339599600007,30.769592285000044],[76.78399658200004,30.789428711000028],[76.76239013700007,30.791381836000028],[76.74523925800008,30.76983642600004],[76.71221923800005,30.761596680000025],[76.71539306600005,30.741210937000062],[76.75360107400007,30.684814453000058],[76.77783203100006,30.670593262000068],[76.80841064500004,30.667236328000058],[76.82202148400006,30.67498779300007],[76.85943603500004,30.660583496000072],[76.87243652300003,30.642395020000038],[76.88702392600004,30.644226074000073],[76.91040039100005,30.627014160000044],[76.92840576200007,30.60363769500003],[76.91162109400005,30.567626953000058],[76.90618896500007,30.543212891000053],[76.93322753900003,30.522399902000075],[76.93243408200004,30.50103759800004],[76.89819335900006,30.481201172000056],[76.91381835900006,30.468627930000025],[76.88763427700007,30.42980957000003],[76.91241455100004,30.419433594000054],[76.94061279300007,30.39501953100006],[76.91680908200004,30.365417480000076],[76.88378906200006,30.40924072300004],[76.85864257800006,30.416992187000062],[76.84802246100008,30.438232422000056],[76.82458496100008,30.411804199000073],[76.79162597700008,30.414794922000056],[76.77862548800005,30.42498779300007],[76.75,30.429382324000073],[76.71459960900006,30.388183594000054],[76.73382568400007,30.348388672000056],[76.71221923800005,30.325988770000038],[76.69018554700006,30.327636719000054],[76.65118408200004,30.290832520000038],[76.61499023400006,30.272399902000075],[76.55780029300007,30.262634277000075],[76.57360839800003,30.23681640600006],[76.59179687500006,30.253601074000073],[76.625,30.228027344000054],[76.62298584000007,30.20520019500003],[76.60144043000008,30.184020996000072],[76.62542724600007,30.166992187000062],[76.63940429700006,30.147827148000033],[76.60101318400007,30.11340332000003],[76.56823730500008,30.10662841800007],[76.54742431600005,30.075988770000038],[76.51800537100007,30.073242187000062],[76.50439453100006,30.09478759800004],[76.46362304700006,30.10119628900003],[76.46099853500004,30.129638672000056],[76.44238281200006,30.131042480000076],[76.42962646500007,30.151000977000024],[76.44158935500008,30.166381836000028],[76.42303466800007,30.192626953000058],[76.40759277300003,30.19061279300007],[76.38818359400005,30.170837402000075],[76.40881347700008,30.14538574200003],[76.39221191400003,30.135009766000053],[76.40002441400003,30.116027832000043],[76.35559082000003,30.117004395000038],[76.34222412100007,30.09918212900004],[76.31982421900005,30.09741210900006],[76.29779052700007,30.114624023000033],[76.25439453100006,30.122009277000075],[76.22863769500003,30.144592285000044],[76.20819091800007,30.144592285000044],[76.22979736300005,30.107421875000057],[76.25079345700004,30.087036133000026],[76.22741699200003,30.058837891000053],[76.20300293000008,29.984985352000024],[76.20678710900006,29.97418212900004],[76.17919921900005,29.942199707000043],[76.18939209000007,29.91760253900003],[76.18743896500007,29.890991211000028],[76.23419189500004,29.883789062000062],[76.24700927700007,29.876831055000025],[76.24499511700003,29.85260009800004],[76.19879150400004,29.84478759800004],[76.18603515600006,29.822998047000056],[76.14898681600005,29.820007324000073],[76.12103271500007,29.801025391000053],[76.10620117200006,29.812011719000054],[76.08599853500004,29.800842285000044],[76.08581543000008,29.784606934000067],[76.06860351600005,29.774414062000062],[76.04461669900007,29.742797852000024],[76.03198242200006,29.74780273400006],[75.99639892600004,29.739624023000033],[75.98559570300006,29.727233887000068],[75.92443847700008,29.73718261700003],[75.87121582000003,29.749389648000033],[75.83801269500003,29.794433594000054],[75.78979492200006,29.811218262000068],[75.77960205100004,29.82238769500003],[75.75799560500008,29.805236816000047],[75.72259521500007,29.813598633000026],[75.70562744100005,29.762634277000075],[75.67980957000003,29.776000977000024],[75.63623046900005,29.772399902000075],[75.63562011700003,29.75543212900004],[75.61901855500008,29.744384766000053],[75.60198974600007,29.74963378900003],[75.57324218700006,29.743408203000058],[75.56622314500004,29.76678466800007],[75.50421142600004,29.77783203100006],[75.46258544900007,29.80780029300007],[75.45721435500008,29.785400391000053],[75.40618896500007,29.758422852000024],[75.39440918000008,29.72119140600006],[75.37182617200006,29.704589844000054],[75.34680175800008,29.696228027000075],[75.34204101600005,29.67541503900003],[75.32324218700006,29.651794434000067],[75.31683349600007,29.630187988000046],[75.29681396500007,29.625183105000076],[75.29162597700008,29.60699462900004],[75.32080078100006,29.587585449000073],[75.31042480500008,29.560791016000053],[75.27038574200003,29.548828125000057],[75.24023437500006,29.55163574200003],[75.22778320300006,29.579223633000026],[75.23638916000004,29.602233887000068],[75.20782470700004,29.622009277000075],[75.18341064500004,29.62939453100006],[75.18859863300008,29.651794434000067],[75.16882324200003,29.66760253900003],[75.20782470700004,29.68762207000003],[75.19879150400004,29.70343017600004],[75.20983886700003,29.73822021500007],[75.22741699200003,29.72900390600006],[75.24261474600007,29.754821777000075],[75.21002197300004,29.793212891000053],[75.21160888700007,29.832824707000043],[75.19158935500008,29.841186523000033],[75.16558837900004,29.825195312000062],[75.16003418000008,29.801391602000024],[75.16778564500004,29.787841797000056],[75.15203857400007,29.775634766000053],[75.13781738300008,29.806030273000033],[75.10162353500004,29.807189941000047],[75.11962890600006,29.830993652000075],[75.09259033200004,29.851806641000053],[75.11560058600008,29.878784180000025],[75.11120605500008,29.90142822300004],[75.08978271500007,29.917419434000067],[75.07098388700007,29.877197266000053],[75.04742431600005,29.885192871000072],[75.02343750000006,29.86639404300007],[74.99182128900003,29.867797852000024],[74.97778320300006,29.889404297000056],[74.95458984400005,29.901611328000058],[74.92382812500006,29.95220947300004],[74.88922119100005,29.966613770000038],[74.85778808600008,29.95678710900006],[74.82501220700004,29.986389160000044],[74.78881835900006,30],[74.76660156200006,30.025817871000072],[74.73699951200007,30.02941894500003],[74.70941162100007,29.99920654300007],[74.73962402300003,29.982788086000028],[74.73242187500006,29.961608887000068],[74.70318603500004,29.971984863000046],[74.68298339800003,29.943420410000044],[74.65258789100005,29.92663574200003],[74.64782714800003,29.90441894500003],[74.59759521500007,29.91241455100004],[74.58343505900007,29.924438477000024],[74.52801513700007,29.94299316400003],[74.51098632800006,29.908386230000076],[74.54461669900007,29.901611328000058],[74.56201171900005,29.869812012000068],[74.54681396500007,29.84582519500003],[74.50878906200006,29.83319091800007],[74.48541259800004,29.81439209000007],[74.47460937500006,29.786804199000073],[74.47821044900007,29.745422363000046],[74.53601074200003,29.740783691000047],[74.54742431600005,29.753234863000046],[74.58221435500008,29.75244140600006],[74.60180664100005,29.765991211000028],[74.61700439500004,29.752197266000053],[74.60223388700007,29.691223145000038],[74.58642578100006,29.65460205100004],[74.57678222700008,29.560241699000073],[74.61279296900005,29.53863525400004],[74.62280273400006,29.522399902000075],[74.60198974600007,29.501220703000058],[74.58398437500006,29.459411621000072],[74.54779052700007,29.46838378900003],[74.53540039100005,29.447814941000047],[74.53759765600006,29.424621582000043],[74.56701660200008,29.420837402000075],[74.57879638700007,29.38861084000007],[74.60821533200004,29.356811523000033],[74.60101318400007,29.327392578000058],[74.65539550800008,29.333007812000062],[74.65899658200004,29.372009277000075],[74.69042968700006,29.366210937000062],[74.72039794900007,29.36999511700003],[74.73999023400006,29.354187012000068],[74.78222656200006,29.357788086000028],[74.82122802700007,29.397399902000075],[74.85162353500004,29.403625488000046],[74.87860107400007,29.383605957000043],[74.90301513700007,29.384033203000058],[74.93878173800005,29.362609863000046],[74.94079589800003,29.340209961000028],[74.96203613300008,29.318603516000053],[74.94940185500008,29.30163574200003],[74.96203613300008,29.280639648000033],[74.99963378900003,29.270812988000046],[75.01898193400007,29.285583496000072],[75.05120849600007,29.28619384800004],[75.06140136700003,29.276184082000043],[75.07702636700003,29.229797363000046],[75.12060546900005,29.223022461000028],[75.12542724600007,29.23999023400006],[75.16400146500007,29.244201660000044],[75.16961669900007,29.259033203000058],[75.19659423800005,29.26361084000007],[75.21099853500004,29.234802246000072],[75.23944091800007,29.23040771500007],[75.24603271500007,29.250427246000072],[75.28582763700007,29.249389648000033],[75.28698730500008,29.27038574200003],[75.34161377000004,29.28118896500007],[75.33221435500008,29.23199462900004],[75.35681152300003,29.223022461000028],[75.36578369100005,29.247192383000026],[75.39044189500004,29.261413574000073],[75.41284179700006,29.242431641000053],[75.39782714800003,29.217590332000043],[75.41101074200003,29.209411621000072],[75.41540527300003,29.184387207000043],[75.40783691400003,29.169799805000025],[75.38299560500008,29.167785645000038],[75.37622070300006,29.135192871000072],[75.40319824200003,29.12799072300004],[75.39343261700003,29.10382080100004],[75.39538574200003,29.072631836000028],[75.40881347700008,29.06262207000003],[75.44281005900007,29.057617187000062],[75.45281982400007,29.040405273000033],[75.44598388700007,29.024414062000062],[75.46099853500004,29.014404297000056],[75.50622558600008,29.01184082000003],[75.52160644500003,29.00439453100006],[75.52758789100005,28.970031738000046],[75.50659179700006,28.93603515600006],[75.47821044900007,28.934814453000058],[75.47442627000004,28.92340087900004],[75.49761962900004,28.89642334000007],[75.49938964800003,28.850219727000024],[75.52062988300008,28.834594727000024],[75.50579834000007,28.786987305000025],[75.52221679700006,28.768798828000058],[75.53839111300005,28.718017578000058],[75.54541015600006,28.681640625000057],[75.54223632800006,28.660400391000053],[75.56182861300005,28.635986328000058],[75.56298828100006,28.61303710900006],[75.58740234400005,28.61322021500007],[75.62322998000008,28.601806641000053],[75.63439941400003,28.544433594000054],[75.67059326200007,28.52978515600006],[75.67199707000003,28.517395020000038],[75.70019531200006,28.495422363000046],[75.73559570300006,28.484619141000053],[75.73681640600006,28.468811035000044],[75.78942871100008,28.45361328100006],[75.79321289100005,28.443786621000072],[75.77081298800005,28.422790527000075],[75.77740478500004,28.40423584000007],[75.79559326200007,28.39959716800007],[75.81658935500008,28.40979003900003],[75.84582519500003,28.39178466800007],[75.89282226600005,28.384216309000067],[75.93060302700007,28.359191895000038],[75.93420410200008,28.336608887000068],[75.95538330100004,28.333984375000057],[75.97338867200006,28.318603516000053],[75.98718261700003,28.293029785000044],[76.02740478500004,28.27502441400003],[76.01440429700006,28.244018555000025],[76.04119873000008,28.221984863000046],[76.05700683600008,28.220214844000054],[76.05261230500008,28.196228027000075],[76.07299804700006,28.19439697300004],[76.07519531200006,28.17358398400006],[76.09661865200007,28.150817871000072],[76.08538818400007,28.13684082000003],[76.06640625000006,28.141418457000043],[76.07183837900004,28.165039062000062],[76.02740478500004,28.164611816000047],[76.00518798800005,28.147827148000033],[75.99938964800003,28.12298584000007],[75.97778320300006,28.124816895000038],[75.94702148400006,28.107604980000076],[75.94000244100005,28.08782959000007],[75.98461914100005,28.081420898000033],[75.99420166000004,28.04663085900006],[76.02423095700004,28.085998535000044],[76.04199218700006,28.074035645000038],[76.01739502000004,28.030639648000033],[75.97802734400005,28.031433105000076],[75.96679687500006,27.983642578000058],[75.98760986300005,27.97863769500003],[75.98419189500004,27.950988770000038],[75.97381591800007,27.932617187000062],[75.95281982400007,27.947631836000028],[75.93383789100005,27.929382324000073],[75.93939209000007,27.91400146500007],[75.96923828100006,27.91418457000003],[75.98858642600004,27.903991699000073],[75.97241210900006,27.851989746000072],[76.04882812500006,27.83502197300004],[76.06182861300005,27.848205566000047],[76.08679199200003,27.84460449200003],[76.08898925800008,27.860595703000058],[76.12438964800003,27.851013184000067],[76.13342285200008,27.824401855000076],[76.15478515600006,27.819641113000046],[76.18218994100005,27.797424316000047],[76.20080566400003,27.821594238000046],[76.21820068400007,27.816589355000076],[76.22601318400007,27.833435059000067],[76.19482421900005,27.859802246000072],[76.20239257800006,27.892822266000053],[76.16918945300006,27.90319824200003],[76.18780517600004,27.965393066000047],[76.16479492200006,27.973388672000056],[76.16119384800004,27.99761962900004],[76.18218994100005,28.02142334000007],[76.17901611300005,28.045593262000068],[76.19042968700006,28.05621337900004],[76.22918701200007,28.04840087900004],[76.24401855500008,28.06439209000007],[76.26141357400007,28.067626953000058],[76.29461669900007,28.049194336000028],[76.29364013700007,28.025817871000072],[76.32183837900004,28.015991211000028],[76.34222412100007,28.028991699000073],[76.35760498000008,28.067382812000062],[76.33398437500006,28.076782227000024],[76.33782959000007,28.10260009800004],[76.36102294900007,28.124816895000038],[76.33422851600005,28.133605957000043],[76.32922363300008,28.14483642600004],[76.28381347700008,28.16418457000003],[76.30999755900007,28.178833008000026],[76.35559082000003,28.16381835900006],[76.35778808600008,28.14361572300004],[76.39160156200006,28.134582520000038],[76.40020752000004,28.144409180000025],[76.47698974600007,28.148437500000057],[76.49304199200003,28.129821777000075],[76.50018310500008,28.100219727000024]]]},"properties":{"OBJECTID":87,"object_id":23,"name":"HAR. CHD & DELHI","state_code":"HARYANA","region_cod":"NORTH WEST INDIA","subdivisio":"HAR. CHD & DELHI","uorder":13},"id": 13},
{"type":"Feature","geometry":{"type":"Polygon","coordinates":[[[78.40459502700008,32.52436665500005],[78.36480712900004,32.49981689500004],[78.36401367200006,32.483032227000024],[78.34838867200006,32.46459960900006],[78.32800293000008,32.46520996100003],[78.31121826200007,32.446594238000046],[78.28741455100004,32.465026855000076],[78.29241943400007,32.49981689500004],[78.30603027300003,32.513183594000054],[78.31420898400006,32.57403564500004],[78.34100341800007,32.57843017600004],[78.37860107400007,32.601623535000044],[78.39019775400004,32.61480712900004],[78.38104248000008,32.66864013700007],[78.39263916000004,32.70983886700003],[78.38482666000004,32.71960449200003],[78.38842773400006,32.75720214800003],[78.35778808600008,32.75781250000006],[78.31042480500008,32.73663330100004],[78.31359863300008,32.70941162100007],[78.25439453100006,32.69140625000006],[78.24682617200006,32.67181396500007],[78.20159912100007,32.66058349600007],[78.18823242200006,32.674011230000076],[78.15380859400005,32.66699218700006],[78.13378906200006,32.63922119100005],[78.11102294900007,32.65899658200004],[78.10040283200004,32.63641357400007],[78.08300781200006,32.62103271500007],[78.06158447300004,32.625610352000024],[78.05200195300006,32.612426758000026],[78.05340576200007,32.588623047000056],[78.03503418000008,32.58380127000004],[77.99420166000004,32.588806152000075],[77.93780517600004,32.676391602000024],[77.91979980500008,32.690185547000056],[77.93481445300006,32.726623535000044],[77.93524169900007,32.75622558600003],[77.92681884800004,32.76922607400007],[77.89880371100008,32.772399902000075],[77.88482666000004,32.78741455100004],[77.87921142600004,32.813415527000075],[77.84301757800006,32.837036133000026],[77.81701660200008,32.84320068400007],[77.77941894500003,32.86218261700003],[77.78521728500004,32.88262939500004],[77.80822753900003,32.90283203100006],[77.77758789100005,32.92480468700006],[77.73059082000003,32.96942138700007],[77.70898437500006,32.97698974600007],[77.68200683600008,32.971984863000046],[77.67138671900005,32.95703125000006],[77.64141845700004,32.94219970700004],[77.60119628900003,32.93640136700003],[77.58758544900007,32.91918945300006],[77.56298828100006,32.90960693400007],[77.53961181600005,32.88543701200007],[77.51379394500003,32.876831055000025],[77.50244140600006,32.88421630900007],[77.46899414100005,32.858032227000024],[77.44622802700007,32.87939453100006],[77.41479492200006,32.88360595700004],[77.39819335900006,32.87780761700003],[77.37542724600007,32.82421875000006],[77.33959960900006,32.816589355000076],[77.32159423800005,32.85198974600007],[77.30603027300003,32.84918212900004],[77.27539062500006,32.87341308600003],[77.26422119100005,32.86358642600004],[77.23919677700007,32.879638672000056],[77.24462890600006,32.89160156200006],[77.20483398400006,32.90582275400004],[77.18963623000008,32.92822265600006],[77.16583252000004,32.919982910000044],[77.16363525400004,32.95098877000004],[77.15039062500006,32.95562744100005],[77.15203857400007,32.97778320300006],[77.11761474600007,32.98419189500004],[77.09698486300005,32.97082519500003],[77.05023193400007,32.99798584000007],[77.01141357400007,32.98822021500007],[76.99102783200004,33.00219726600005],[76.97503662100007,32.99920654300007],[76.94378662100007,33.02758789100005],[76.90740966800007,33.079040527000075],[76.88739013700007,33.12078857400007],[76.85760498000008,33.114013672000056],[76.81921386700003,33.15979003900003],[76.82098388700007,33.19500732400007],[76.83703613300008,33.204223633000026],[76.82281494100005,33.23522949200003],[76.79479980500008,33.25622558600003],[76.77862548800005,33.220031738000046],[76.74780273400006,33.17938232400007],[76.72039794900007,33.18139648400006],[76.67260742200006,33.17242431600005],[76.64898681600005,33.16259765600006],[76.61962890600006,33.17480468700006],[76.60681152300003,33.204223633000026],[76.56860351600005,33.21063232400007],[76.55541992200006,33.199829102000024],[76.51739502000004,33.19683837900004],[76.48919677700007,33.17999267600004],[76.41162109400005,33.187011719000054],[76.37744140600006,33.15618896500007],[76.32202148400006,33.12622070300006],[76.29302978500004,33.10363769500003],[76.29638671900005,33.05780029300007],[76.27880859400005,33.03759765600006],[76.24963378900003,33.022216797000056],[76.21722412100007,33.01739502000004],[76.18859863300008,33.02160644500003],[76.16601562500006,33.00720214800003],[76.11340332000003,33.006591797000056],[76.11279296900005,32.98822021500007],[76.09838867200006,32.96459960900006],[76.04681396500007,32.938232422000056],[76.03320312500006,32.91699218700006],[75.95501709000007,32.87384033200004],[75.92559814500004,32.90661621100003],[75.87103271500007,32.92462158200004],[75.84338378900003,32.92962646500007],[75.82543945300006,32.90899658200004],[75.81243896500007,32.878234863000046],[75.81683349600007,32.86199951200007],[75.85961914100005,32.834594727000024],[75.89001464800003,32.80358886700003],[75.89178466800007,32.78320312500006],[75.92718505900007,32.74603271500007],[75.90222168000008,32.69903564500004],[75.90161132800006,32.670837402000075],[75.92022705100004,32.652404785000044],[75.91699218700006,32.61340332000003],[75.90319824200003,32.59320068400007],[75.88201904300007,32.58679199200003],[75.87719726600005,32.550842285000044],[75.83538818400007,32.51220703100006],[75.85864257800006,32.48419189500004],[75.90258789100005,32.45343017600004],[75.91943359400005,32.41400146500007],[75.93640136700003,32.395996094000054],[75.87518310500008,32.395996094000054],[75.84759521500007,32.37261962900004],[75.84600830100004,32.35681152300003],[75.81219482400007,32.34881591800007],[75.80340576200007,32.32843017600004],[75.77398681600005,32.29058837900004],[75.74139404300007,32.276000977000024],[75.71441650400004,32.27301025400004],[75.65820312500006,32.25158691400003],[75.64080810500008,32.25262451200007],[75.62762451200007,32.21582031200006],[75.62518310500008,32.19061279300007],[75.66418457000003,32.19183349600007],[75.67419433600008,32.15899658200004],[75.66241455100004,32.13720703100006],[75.63000488300008,32.12139892600004],[75.62139892600004,32.09820556600005],[75.60198974600007,32.09338378900003],[75.60321044900007,32.06622314500004],[75.65539550800008,32.078002930000025],[75.69940185500008,32.05841064500004],[75.72558593700006,32.033386230000076],[75.75158691400003,32.038208008000026],[75.78082275400004,32.005004883000026],[75.82281494100005,31.984191895000038],[75.89361572300004,31.962219238000046],[75.91259765600006,31.940185547000056],[75.96221923800005,31.85522460900006],[75.97039794900007,31.824218750000057],[75.94799804700006,31.813232422000056],[75.98419189500004,31.718994141000053],[76.00604248000008,31.674621582000043],[76.01861572300004,31.632995605000076],[76.03863525400004,31.609802246000072],[76.05603027300003,31.606201172000056],[76.05999755900007,31.58178710900006],[76.09960937500006,31.536804199000073],[76.11822509800004,31.483398437000062],[76.13220214800003,31.47064209000007],[76.14678955100004,31.434204102000024],[76.15783691400003,31.430786133000026],[76.17083740200007,31.39819335900006],[76.14843750000006,31.378601074000073],[76.15039062500006,31.35363769500003],[76.17999267600004,31.340820312000062],[76.18182373000008,31.310607910000044],[76.21502685500008,31.299621582000043],[76.26861572300004,31.310791016000053],[76.27679443400007,31.300842285000044],[76.30621337900004,31.31439209000007],[76.34179687500006,31.363830566000047],[76.33081054700006,31.378784180000025],[76.33221435500008,31.40142822300004],[76.35418701200007,31.398803711000028],[76.37341308600008,31.40924072300004],[76.37640380900007,31.437194824000073],[76.40441894500003,31.397216797000056],[76.39379882800006,31.38983154300007],[76.43280029300007,31.32702636700003],[76.45581054700006,31.312011719000054],[76.48059082000003,31.308410645000038],[76.49841308600008,31.28619384800004],[76.52301025400004,31.280639648000033],[76.55041503900003,31.25299072300004],[76.58459472700008,31.27642822300004],[76.61279296900005,31.25],[76.59960937500006,31.23999023400006],[76.59399414100005,31.212036133000026],[76.63580322300004,31.224792480000076],[76.64282226600005,31.20623779300007],[76.61981201200007,31.193786621000072],[76.60418701200007,31.16522216800007],[76.61340332000003,31.14819335900006],[76.60278320300006,31.128784180000025],[76.63903808600008,31.10400390600006],[76.61920166000004,31.07843017600004],[76.62463378900003,31.057617187000062],[76.61218261700003,31.046020508000026],[76.62799072300004,31.022827148000033],[76.62579345700004,30.999023437000062],[76.66699218700006,30.981018066000047],[76.67443847700008,30.968994141000053],[76.71081543000008,30.970031738000046],[76.74078369100005,30.936218262000068],[76.76739502000004,30.921020508000026],[76.77801513700007,30.90441894500003],[76.78802490200007,30.91363525400004],[76.82641601600005,30.92663574200003],[76.84222412100007,30.89178466800007],[76.87719726600005,30.881225586000028],[76.91619873000008,30.88983154300007],[76.95239257800006,30.850830078000058],[76.95019531200006,30.824584961000028],[77.01281738300008,30.80499267600004],[77.01983642600004,30.780212402000075],[77.02178955100004,30.740234375000057],[77.03100585900006,30.733825684000067],[77.06561279300007,30.742431641000053],[77.09863281200006,30.73840332000003],[77.13018798800005,30.710998535000044],[77.16241455100004,30.691223145000038],[77.16998291000004,30.669982910000044],[77.16418457000003,30.65423584000007],[77.17340087900004,30.631835937000062],[77.17358398400006,30.601440430000025],[77.12579345700004,30.565429687000062],[77.13659668000008,30.545593262000068],[77.19421386700003,30.525817871000072],[77.20819091800007,30.50561523400006],[77.20898437500006,30.474609375000057],[77.27178955100004,30.481384277000075],[77.28643798800005,30.465393066000047],[77.32403564500004,30.445983887000068],[77.35540771500007,30.458435059000067],[77.36523437500006,30.44061279300007],[77.40618896500007,30.42803955100004],[77.40881347700008,30.410583496000072],[77.45062255900007,30.446228027000075],[77.46020507800006,30.432983398000033],[77.42822265600006,30.402587891000053],[77.46881103500004,30.40002441400003],[77.49102783200004,30.410827637000068],[77.51983642600004,30.443420410000044],[77.56024169900007,30.388183594000054],[77.58675537100004,30.379821777000075],[77.57739257800006,30.397583008000026],[77.57440185500008,30.41259765600006],[77.60003662100007,30.428405762000068],[77.64739990200007,30.433593750000057],[77.65118408200004,30.44683837900004],[77.69158935500008,30.448242187000062],[77.72222900400004,30.473205566000047],[77.73559570300006,30.473999023000033],[77.78442382800006,30.500793457000043],[77.81964111300005,30.507629395000038],[77.82922363300008,30.53118896500007],[77.80780029300007,30.55462646500007],[77.77319335900006,30.559387207000043],[77.74420166000004,30.59582519500003],[77.78802490200007,30.61444091800007],[77.78759765600006,30.642395020000038],[77.77459716800007,30.66882324200003],[77.74859619100005,30.67999267600004],[77.75720214800003,30.707214355000076],[77.73883056600005,30.729797363000046],[77.70922851600005,30.740234375000057],[77.70538330100004,30.765808105000076],[77.72143554700006,30.77459716800007],[77.74981689500004,30.82202148400006],[77.74578857400007,30.84619140600006],[77.75860595700004,30.86022949200003],[77.80023193400007,30.86822509800004],[77.80303955100004,30.894409180000025],[77.81719970700004,30.910583496000072],[77.80541992200006,30.923828125000057],[77.76403808600008,30.919799805000025],[77.75,30.952392578000058],[77.77038574200003,30.974426270000038],[77.81140136700003,30.955810547000056],[77.83099365200007,30.993591309000067],[77.80841064500004,31.027038574000073],[77.81982421900005,31.033203125000057],[77.81878662100007,31.058837891000053],[77.85260009800004,31.073608398000033],[77.86499023400006,31.108642578000058],[77.89019775400004,31.119384766000053],[77.89001464800003,31.13079834000007],[77.91003418000008,31.15441894500003],[77.92620849600007,31.150634766000053],[77.96862793000008,31.17358398400006],[77.98602294900007,31.15740966800007],[78.00219726600005,31.16223144500003],[78.03179931600005,31.151184082000043],[78.03399658200004,31.16900634800004],[78.06719970700004,31.18743896500007],[78.10504150400004,31.185607910000044],[78.16162109400005,31.225830078000058],[78.21661377000004,31.22222900400004],[78.24462890600006,31.229614258000026],[78.28424072300004,31.266418457000043],[78.30700683600008,31.259582520000038],[78.31939697300004,31.27923584000007],[78.37182617200006,31.286621094000054],[78.38543701200007,31.28240966800007],[78.40881347700008,31.256042480000076],[78.41418457000003,31.23980712900004],[78.44500732400007,31.24462890600006],[78.46343994100005,31.235839844000054],[78.48522949200003,31.199218750000057],[78.55303955100004,31.200195312000062],[78.57958984400005,31.225585937000062],[78.61083984400005,31.229614258000026],[78.65063476600005,31.212036133000026],[78.66284179700006,31.18920898400006],[78.68920898400006,31.197814941000047],[78.70483398400006,31.18920898400006],[78.77099609400005,31.18658447300004],[78.79821777300003,31.196594238000046],[78.81781005900007,31.194641113000046],[78.81219482400007,31.17199707000003],[78.82641601600005,31.16363525400004],[78.83264160200008,31.140808105000076],[78.86560058600008,31.120788574000073],[78.89141845700004,31.09722900400004],[78.91418457000003,31.107788086000028],[78.95562744100005,31.098388672000056],[78.97442627000004,31.108398437000062],[79.00982666000004,31.113830566000047],[78.98901367200006,31.143981934000067],[78.99200439500004,31.161987305000025],[78.98101806600005,31.179016113000046],[78.95898437500006,31.186828613000046],[78.92340087900004,31.225830078000058],[78.91802978500004,31.248229980000076],[78.88623046900005,31.270996094000054],[78.88342285200008,31.286987305000025],[78.87744140600006,31.303405762000068],[78.85363769500003,31.29522705100004],[78.82879638700007,31.296386719000054],[78.81158447300004,31.30780029300007],[78.78179931600005,31.311218262000068],[78.77062988300008,31.350036621000072],[78.75201416000004,31.364196777000075],[78.75421142600004,31.38562011700003],[78.79919433600008,31.443603516000053],[78.78179931600005,31.450195312000062],[78.76019287100007,31.482788086000028],[78.72821044900007,31.482788086000028],[78.72198486300005,31.50738525400004],[78.73223877000004,31.53240966800007],[78.74499511700003,31.541198730000076],[78.77661132800006,31.54382324200003],[78.78118896500007,31.556030273000033],[78.81903076200007,31.57720947300004],[78.84838867200006,31.607788086000028],[78.84143066400003,31.623596191000047],[78.80303955100004,31.648437500000057],[78.79998779300007,31.682434082000043],[78.76660156200006,31.674804687000062],[78.73559570300006,31.72381591800007],[78.72698974600007,31.759033203000058],[78.70721435500008,31.774230957000043],[78.70422363300008,31.807617187000062],[78.74383544900007,31.835388184000067],[78.75140380900007,31.874023437000062],[78.74322509800004,31.901794434000067],[78.77282714800003,31.929199219000054],[78.76843261700003,31.95983886700003],[78.77703857400007,31.987792969000054],[78.76641845700004,32.00299072300004],[78.73498535200008,32.00543212900004],[78.72363281200006,32.03942871100003],[78.70721435500008,32.066589355000076],[78.68341064500004,32.08062744100005],[78.69519043000008,32.096618652000075],[78.68579101600005,32.115417480000076],[78.63439941400003,32.12603759800004],[78.62963867200006,32.138000488000046],[78.59881591800007,32.15942382800006],[78.59942627000004,32.19781494100005],[78.56298828100006,32.20343017600004],[78.52124023400006,32.26422119100005],[78.48858642600004,32.27758789100005],[78.51281738300008,32.30303955100004],[78.49761962900004,32.32519531200006],[78.48223877000004,32.32501220700004],[78.48101806600005,32.36700439500004],[78.46899414100005,32.36560058600003],[78.45483398400006,32.39019775400004],[78.47039794900007,32.39782714800003],[78.47241210900006,32.44403076200007],[78.45062255900007,32.462219238000046],[78.40459502700008,32.52436665500005]]]},"properties":{"OBJECTID":88,"object_id":24,"name":"HIMACHAL PRADESH","state_code":"HIMACHAL PRADESH","region_cod":"NORTH WEST INDIA","subdivisio":"HIMACHAL PRADESH","uorder":15},"id": 14},
{"type":"Feature","geometry":{"type":"Polygon","coordinates":[[[78.40459502700008,32.52436665500005],[78.43524169900007,32.531982422000056],[78.45098877000004,32.57000732400007],[78.47979736300005,32.58361816400003],[78.50323486300005,32.580993652000075],[78.54302978500004,32.60882568400007],[78.59539794900007,32.61602783200004],[78.62622070300006,32.59619140600006],[78.64624023400006,32.60980224600007],[78.66918945300006,32.653625488000046],[78.73040771500007,32.66119384800004],[78.75683593700006,32.68164062500006],[78.77642822300004,32.68640136700003],[78.77001953100006,32.655212402000075],[78.79980468700006,32.61859130900007],[78.80163574200003,32.58923339800003],[78.78363037100007,32.57324218700006],[78.81439209000007,32.48181152300003],[78.83441162100007,32.438781738000046],[78.86621093700006,32.44079589800003],[78.88262939500004,32.41741943400007],[78.91058349600007,32.39300537100007],[78.96740722700008,32.36700439500004],[78.98620605500008,32.33941650400004],[78.99639892600004,32.33978271500007],[79.02178955100004,32.37744140600006],[79.06781005900007,32.390625],[79.12243652300003,32.38439941400003],[79.13299560500008,32.41381835900006],[79.15039062500006,32.42059326200007],[79.15460205100004,32.43719482400007],[79.13922119100005,32.47100830100004],[79.15521240200007,32.481201172000056],[79.20941162100007,32.486206055000025],[79.24884033200004,32.51000976600005],[79.25823974600007,32.53424072300004],[79.28442382800006,32.53399658200004],[79.31842041000004,32.57183837900004],[79.32519531200006,32.59039306600005],[79.34680175800008,32.59204101600005],[79.40179443400007,32.57238769500003],[79.40661621100008,32.53723144500003],[79.43139648400006,32.527221680000025],[79.45538330100004,32.53259277300003],[79.47698974600007,32.57641601600005],[79.52301025400004,32.60821533200004],[79.57440185500008,32.67340087900004],[79.58563232400007,32.678833008000026],[79.63421630900007,32.737609863000046],[79.61059570300006,32.77703857400007],[79.59460449200003,32.77398681600005],[79.55999755900007,32.80462646500007],[79.52343750000006,32.85583496100003],[79.48883056600005,32.89099121100003],[79.47119140600006,32.92022705100004],[79.41662597700008,32.970214844000054],[79.39080810500008,32.97241210900006],[79.37561035200008,32.99102783200004],[79.34283447300004,33.01641845700004],[79.38958740200007,33.02783203100006],[79.40081787100007,33.054199219000054],[79.38458252000004,33.08483886700003],[79.40081787100007,33.12438964800003],[79.44561767600004,33.19000244100005],[79.45800781200006,33.217407227000024],[79.46221923800005,33.25860595700004],[79.45483398400006,33.26483154300007],[79.36560058600008,33.28161621100003],[79.33483886700003,33.272583008000026],[79.24200439500004,33.29803466800007],[79.21582031200006,33.29241943400007],[79.18420410200008,33.29461669900007],[79.13421630900007,33.29003906200006],[79.10461425800008,33.29461669900007],[79.03320312500006,33.329406738000046],[79.00079345700004,33.330810547000056],[78.97601318400007,33.375610352000024],[78.96099853500004,33.38122558600003],[78.95739746100008,33.408386230000076],[78.94061279300007,33.43280029300007],[78.93798828100006,33.46563720700004],[78.94921875000006,33.49963378900003],[78.94799804700006,33.52661132800006],[78.92260742200006,33.57598877000004],[78.92663574200003,33.63360595700004],[78.95703125000006,33.62078857400007],[78.99719238300008,33.611206055000025],[79.03741455100004,33.62622070300006],[79.07263183600008,33.627014160000044],[79.11279296900005,33.61383056600005],[79.09783935500008,33.65863037100007],[79.09942627000004,33.67962646500007],[79.06121826200007,33.67822265600006],[79.03619384800004,33.69183349600007],[79.02783203100006,33.705810547000056],[79.05023193400007,33.74981689500004],[79.07641601600005,33.757995605000076],[79.06121826200007,33.778442383000026],[79.02758789100005,33.77581787100007],[79.01184082000003,33.79858398400006],[78.96081543000008,33.889404297000056],[78.95678710900006,33.91680908200004],[78.92858886700003,33.95739746100003],[78.91241455100004,33.971984863000046],[78.94799804700006,34.02398681600005],[79.02221679700006,34.05041503900003],[79.07904052700007,34.02539062500006],[79.11999511700003,34.01983642600004],[79.15100097700008,34.035217285000044],[79.15899658200004,34.068237305000025],[79.18621826200007,34.07220459000007],[79.20538330100004,34.051391602000024],[79.25518798800005,34.051391602000024],[79.28179931600005,34.03942871100003],[79.31323242200006,34.04321289100005],[79.38299560500008,34.033386230000076],[79.42700195300006,34.014404297000056],[79.44519043000008,34.028625488000046],[79.42163085900006,34.055786133000026],[79.44000244100005,34.09283447300004],[79.46862793000008,34.10198974600007],[79.50219726600005,34.13598632800006],[79.49658203100006,34.14898681600005],[79.50219726600005,34.17999267600004],[79.51843261700003,34.21063232400007],[79.54443359400005,34.205810547000056],[79.57220459000007,34.21783447300004],[79.59320068400007,34.24438476600005],[79.59960937500006,34.28179931600005],[79.56701660200008,34.33239746100003],[79.56982421900005,34.35839843700006],[79.56140136700003,34.388000488000046],[79.56701660200008,34.41119384800004],[79.53540039100005,34.418029785000044],[79.53460693400007,34.44561767600004],[79.51580810500008,34.47442627000004],[79.58758544900007,34.48999023400006],[79.65979003900003,34.48840332000003],[79.66839599600007,34.48022460900006],[79.74078369100005,34.478393555000025],[79.80139160200008,34.484985352000024],[79.81982421900005,34.497009277000075],[79.81762695300006,34.531433105000076],[79.76580810500008,34.55480957000003],[79.77844238300008,34.582214355000076],[79.79998779300007,34.59259033200004],[79.77941894500003,34.62261962900004],[79.81158447300004,34.64300537100007],[79.86804199200003,34.688781738000046],[79.90759277300003,34.69140625000006],[79.95202636700003,34.68121337900004],[80.05181884800004,34.704406738000046],[80.07641601600005,34.71478271500007],[80.08020019500003,34.74621582000003],[80.07440185500008,34.79058837900004],[80.08062744100005,34.82843017600004],[80.09143066400003,34.84881591800007],[80.11804199200003,34.87298584000007],[80.13104248000008,34.89343261700003],[80.17822265600006,34.98883056600005],[80.19323730500008,35.063232422000056],[80.18524169900007,35.13684082000003],[80.19104003900003,35.16680908200004],[80.22241210900006,35.20379638700007],[80.23620605500008,35.22821044900007],[80.24304199200003,35.27661132800006],[80.27844238300008,35.34423828100006],[80.29101562500006,35.388000488000046],[80.28839111300005,35.44079589800003],[80.30499267600004,35.460815430000025],[80.33599853500004,35.47259521500007],[80.31878662100007,35.554199219000054],[80.30218505900007,35.60241699200003],[80.28338623000008,35.62158203100006],[80.24481201200007,35.64202880900007],[80.12280273400006,35.67700195300006],[80.11303710900006,35.68298339800003],[80.09600830100004,35.724792480000076],[80.06579589800003,35.75],[80.04559326200007,35.79980468700006],[80.00659179700006,35.83782959000007],[79.97961425800008,35.84082031200006],[79.92602539100005,35.82238769500003],[79.87640380900007,35.78283691400003],[79.79339599600007,35.79840087900004],[79.75360107400007,35.80041503900003],[79.72381591800007,35.81719970700004],[79.67303466800007,35.83538818400007],[79.56903076200007,35.861206055000025],[79.52581787100007,35.88360595700004],[79.43298339800003,35.89520263700007],[79.41058349600007,35.91882324200003],[79.39422607400007,35.99060058600003],[79.29760742200006,35.98980712900004],[79.22802734400005,35.98181152300003],[79.20538330100004,35.96160888700007],[79.19543457000003,35.930786133000026],[79.20520019500003,35.898620605000076],[79.18780517600004,35.870422363000046],[79.14703369100005,35.838623047000056],[79.125,35.83679199200003],[79.01599121100008,35.85418701200007],[78.96801757800006,35.892639160000044],[78.94738769500003,35.879638672000056],[78.87078857400007,35.86218261700003],[78.81201171900005,35.85583496100003],[78.77618408200004,35.86981201200007],[78.72619628900003,35.86840820300006],[78.69879150400004,35.856384277000075],[78.66558837900004,35.85400390600006],[78.64202880900007,35.828186035000044],[78.61840820300006,35.81402587900004],[78.58801269500003,35.80822753900003],[78.52880859400005,35.76379394500003],[78.51379394500003,35.772583008000026],[78.47222900400004,35.77441406200006],[78.43060302700007,35.78540039100005],[78.39361572300004,35.73559570300006],[78.34619140600006,35.72064209000007],[78.28082275400004,35.721984863000046],[78.27960205100004,35.66900634800004],[78.26239013700007,35.645812988000046],[78.23199462900004,35.65478515600006],[78.21038818400007,35.66918945300006],[78.19360351600005,35.62420654300007],[78.17401123000008,35.61340332000003],[78.15899658200004,35.578186035000044],[78.16418457000003,35.55218505900007],[78.14483642600004,35.53900146500007],[78.10040283200004,35.55639648400006],[78.08520507800006,35.54919433600003],[78.05383300800008,35.58538818400007],[77.99261474600007,35.58441162100007],[77.97479248000008,35.57519531200006],[77.94500732400007,35.53222656200006],[77.94104003900003,35.51239013700007],[77.97241210900006,35.49621582000003],[77.97918701200007,35.45819091800007],[77.92803955100004,35.49438476600005],[77.91339111300005,35.46942138700007],[77.88739013700007,35.48602294900007],[77.87640380900007,35.48022460900006],[77.83319091800007,35.51062011700003],[77.79919433600008,35.49743652300003],[77.76898193400007,35.5],[77.74481201200007,35.52319335900006],[77.73004150400004,35.50140380900007],[77.73278808600008,35.47723388700007],[77.67321777300003,35.472839355000076],[77.65820312500006,35.487426758000026],[77.62158203100006,35.46978759800004],[77.58941650400004,35.475219727000024],[77.56799316400003,35.486389160000044],[77.54742431600005,35.481384277000075],[77.52441406200006,35.48883056600005],[77.49981689500004,35.483032227000024],[77.45220947300004,35.46142578100006],[77.42260742200006,35.472839355000076],[77.38519287100007,35.478393555000025],[77.35119628900003,35.51019287100007],[77.32958984400005,35.536987305000025],[77.35821533200004,35.54821777300003],[77.38580322300004,35.55059814500004],[77.41418457000003,35.530029297000056],[77.44879150400004,35.51898193400007],[77.47979736300005,35.52124023400006],[77.49121093700006,35.536621094000054],[77.47082519500003,35.54541015600006],[77.47302246100008,35.57342529300007],[77.46423339800003,35.593811035000044],[77.43463134800004,35.61059570300006],[77.44543457000003,35.641235352000024],[77.42962646500007,35.66180419900007],[77.41162109400005,35.661437988000046],[77.390625,35.693237305000025],[77.36578369100005,35.71783447300004],[77.33502197300004,35.71923828100006],[77.32403564500004,35.70019531200006],[77.29278564500004,35.71124267600004],[77.23199462900004,35.71520996100003],[77.22961425800008,35.72723388700007],[77.17663574200003,35.73364257800006],[77.17340087900004,35.75878906200006],[77.13439941400003,35.78283691400003],[77.12701416000004,35.79663085900006],[77.08898925800008,35.79803466800007],[77.05023193400007,35.778808594000054],[77.01184082000003,35.77520752000004],[76.97521972700008,35.783386230000076],[76.94262695300006,35.78424072300004],[76.90240478500004,35.79998779300007],[76.87280273400006,35.82659912100007],[76.81121826200007,35.85058593700006],[76.79321289100005,35.89019775400004],[76.73022460900006,35.95361328100006],[76.76184082000003,35.98278808600003],[76.77563476600005,36.00823974600007],[76.81243896500007,36.01702880900007],[76.80822753900003,36.04919433600003],[76.72698974600007,36.08343505900007],[76.70800781200006,36.13323974600007],[76.67224121100008,36.15820312500006],[76.64379882800006,36.18463134800004],[76.60864257800006,36.16583252000004],[76.57043457000003,36.17321777300003],[76.55242919900007,36.19299316400003],[76.48919677700007,36.21160888700007],[76.46343994100005,36.24163818400007],[76.44000244100005,36.25219726600005],[76.45703125000006,36.27178955100004],[76.43939209000007,36.30841064500004],[76.41979980500008,36.315185547000056],[76.35998535200008,36.359985352000024],[76.33160400400004,36.36199951200007],[76.29962158200004,36.34918212900004],[76.26220703100006,36.34802246100003],[76.20599365200007,36.387634277000075],[76.18060302700007,36.39044189500004],[76.13262939500004,36.43762207000003],[76.07659912100007,36.47778320300006],[76.03338623000008,36.486206055000025],[76.00463867200006,36.48461914100005],[75.93078613300008,36.50262451200007],[75.85662841800007,36.54461669900007],[75.81359863300008,36.55462646500007],[75.75579834000007,36.588623047000056],[75.68280029300007,36.696228027000075],[75.63104248000008,36.75042724600007],[75.60083007800006,36.765625],[75.48638916000004,36.80700683600003],[75.47039794900007,36.82543945300006],[75.45562744100005,36.88061523400006],[75.42980957000003,36.88684082000003],[75.41619873000008,36.91699218700006],[75.43438720700004,36.93920898400006],[75.42102050800008,36.96783447300004],[75.38183593700006,36.96160888700007],[75.36218261700003,36.978027344000054],[75.35260009800004,37.003417969000054],[75.35144043000008,37.052795410000044],[75.34039306600005,37.055603027000075],[75.28680419900007,37.04724121100003],[75.27239990200007,37.05218505900007],[75.23321533200004,37.03759765600006],[75.20983886700003,37.02142334000007],[75.18078613300008,36.986389160000044],[75.14343261700003,36.957641602000024],[75.10339355500008,36.94299316400003],[75.04998779300007,36.96978759800004],[75.02618408200004,36.976623535000044],[74.94879150400004,36.93499755900007],[74.93542480500008,36.90899658200004],[74.92163085900006,36.90942382800006],[74.89538574200003,36.946228027000075],[74.85363769500003,36.99023437500006],[74.84143066400003,37.02520752000004],[74.78643798800005,37.030029297000056],[74.76000976600005,37.01184082000003],[74.73583984400005,37.02618408200004],[74.71618652300003,37.07781982400007],[74.69262695300006,37.07519531200006],[74.66680908200004,37.05798339800003],[74.58941650400004,37.04382324200003],[74.59698486300005,37.028808594000054],[74.58624267600004,36.94879150400004],[74.56201171900005,36.95379638700007],[74.54119873000008,36.986389160000044],[74.48498535200008,36.99243164100005],[74.43743896500007,36.990417480000076],[74.42663574200003,36.97540283200004],[74.37280273400006,36.95703125000006],[74.32043457000003,36.91601562500006],[74.25561523400006,36.88684082000003],[74.23303222700008,36.897399902000075],[74.18103027300003,36.90423584000007],[74.16601562500006,36.89282226600005],[74.15399169900007,36.84741210900006],[74.12841796900005,36.832641602000024],[74.10021972700008,36.838989258000026],[74.05963134800004,36.806823730000076],[74.03338623000008,36.82659912100007],[74.00738525400004,36.82458496100003],[73.97882080100004,36.84039306600005],[73.94519043000008,36.87420654300007],[73.92083740200007,36.87158203100006],[73.89221191400003,36.89239502000004],[73.84979248000008,36.89880371100003],[73.81719970700004,36.89678955100004],[73.76721191400003,36.90441894500003],[73.75659179700006,36.89703369100005],[73.71881103500004,36.913024902000075],[73.69781494100005,36.91241455100004],[73.68902587900004,36.88598632800006],[73.72662353500004,36.857604980000076],[73.73400878900003,36.83300781200006],[73.75158691400003,36.83380127000004],[73.77899169900007,36.818420410000044],[73.81561279300007,36.81481933600003],[73.84143066400003,36.788208008000026],[73.87121582000003,36.78863525400004],[73.90759277300003,36.75],[73.90838623000008,36.70703125000006],[73.87384033200004,36.70043945300006],[73.81658935500008,36.71704101600005],[73.79840087900004,36.70483398400006],[73.73260498000008,36.71038818400007],[73.70819091800007,36.68524169900007],[73.66241455100004,36.696411133000026],[73.64624023400006,36.69042968700006],[73.61883544900007,36.69598388700007],[73.61322021500007,36.71600341800007],[73.53741455100004,36.72100830100004],[73.51898193400007,36.71582031200006],[73.48663330100004,36.734436035000044],[73.47082519500003,36.73199462900004],[73.44378662100007,36.74481201200007],[73.42224121100008,36.734985352000024],[73.37658691400003,36.733032227000024],[73.36840820300006,36.71582031200006],[73.32562255900007,36.70782470700004],[73.26019287100007,36.70922851600005],[73.22241210900006,36.70019531200006],[73.20141601600005,36.72119140600006],[73.15301513700007,36.70043945300006],[73.13861084000007,36.688598633000026],[73.09240722700008,36.68261718700006],[73.10198974600007,36.66741943400007],[73.09838867200006,36.64343261700003],[73.11999511700003,36.61041259800004],[73.08142089800003,36.561828613000046],[73.06903076200007,36.538024902000075],[73.02941894500003,36.52520752000004],[73.00683593700006,36.50762939500004],[72.99798584000007,36.48999023400006],[73.01141357400007,36.476440430000025],[72.99963378900003,36.45843505900007],[72.97039794900007,36.46783447300004],[72.95098877000004,36.45880127000004],[72.92980957000003,36.46319580100004],[72.88500976600005,36.438415527000075],[72.89642334000007,36.429199219000054],[72.89422607400007,36.39141845700004],[72.87280273400006,36.37341308600003],[72.84442138700007,36.36639404300007],[72.82324218700006,36.338806152000075],[72.78601074200003,36.31024169900007],[72.75799560500008,36.305419922000056],[72.73120117200006,36.28442382800006],[72.69982910200008,36.276000977000024],[72.68939209000007,36.263183594000054],[72.64221191400003,36.27703857400007],[72.60461425800008,36.264587402000075],[72.59283447300004,36.23083496100003],[72.57098388700007,36.21679687500006],[72.55902099600007,36.18139648400006],[72.58123779300007,36.15142822300004],[72.55999755900007,36.13720703100006],[72.54400634800004,36.11499023400006],[72.53918457000003,36.07281494100005],[72.55743408200004,36.05718994100005],[72.59362793000008,36.050842285000044],[72.60339355500008,36.02758789100005],[72.58081054700006,35.996826172000056],[72.56359863300008,35.997009277000075],[72.55639648400006,35.963806152000075],[72.53863525400004,35.953186035000044],[72.54119873000008,35.91778564500004],[72.57641601600005,35.90783691400003],[72.60241699200003,35.87603759800004],[72.65319824200003,35.86663818400007],[72.66778564500004,35.84960937500006],[72.69860839800003,35.83319091800007],[72.73083496100008,35.85418701200007],[72.75720214800003,35.85681152300003],[72.78479003900003,35.84442138700007],[72.80639648400006,35.867797852000024],[72.85321044900007,35.88043212900004],[72.90899658200004,35.88201904300007],[72.91143798800005,35.85559082000003],[72.93682861300005,35.84582519500003],[72.96520996100008,35.84802246100003],[72.99542236300005,35.86163330100004],[73.04559326200007,35.85504150400004],[73.08660888700007,35.886596680000025],[73.10778808600008,35.87860107400007],[73.12701416000004,35.85900878900003],[73.16162109400005,35.84204101600005],[73.14239502000004,35.78582763700007],[73.14019775400004,35.73883056600005],[73.14678955100004,35.71899414100005],[73.19519043000008,35.68658447300004],[73.22302246100008,35.67541503900003],[73.28021240200007,35.630187988000046],[73.30743408200004,35.620422363000046],[73.37719726600005,35.604614258000026],[73.41418457000003,35.56439209000007],[73.48919677700007,35.577636719000054],[73.50958252000004,35.56683349600007],[73.53942871100008,35.571411133000026],[73.56518554700006,35.55603027300003],[73.61401367200006,35.56121826200007],[73.64678955100004,35.571228027000075],[73.68023681600005,35.55163574200003],[73.72821044900007,35.553833008000026],[73.74243164100005,35.536987305000025],[73.79339599600007,35.52459716800007],[73.80303955100004,35.462219238000046],[73.76220703100006,35.44238281200006],[73.74304199200003,35.42419433600003],[73.71704101600005,35.382995605000076],[73.70739746100008,35.354614258000026],[73.70739746100008,35.32360839800003],[73.73443603500004,35.278625488000046],[73.72259521500007,35.22882080100004],[73.73919677700007,35.21759033200004],[73.78503418000008,35.244201660000044],[73.80383300800008,35.24578857400007],[73.85418701200007,35.229797363000046],[73.87261962900004,35.210998535000044],[73.92462158200004,35.21258544900007],[73.96740722700008,35.174438477000024],[73.99938964800003,35.18499755900007],[74.04003906200006,35.15039062500006],[74.08782959000007,35.155029297000056],[74.14160156200006,35.112792969000054],[74.10260009800004,35.097839355000076],[74.07379150400004,35.04882812500006],[74.10522460900006,35.03442382800006],[74.11560058600008,35.01983642600004],[74.07263183600008,34.99902343700006],[74.07159423800005,34.96520996100003],[74.08020019500003,34.946594238000046],[74.07324218700006,34.930419922000056],[74.05139160200008,34.92224121100003],[74.04620361300005,34.893188477000024],[74.03320312500006,34.87579345700004],[73.98022460900006,34.864013672000056],[73.96398925800008,34.83642578100006],[73.94299316400003,34.83380127000004],[73.92559814500004,34.81481933600003],[73.90979003900003,34.82202148400006],[73.87481689500004,34.811828613000046],[73.85119628900003,34.81622314500004],[73.82861328100006,34.796203613000046],[73.78118896500007,34.79724121100003],[73.73883056600005,34.77178955100004],[73.71398925800008,34.72558593700006],[73.67779541000004,34.69000244100005],[73.67419433600008,34.66638183600003],[73.70159912100007,34.65802002000004],[73.69763183600008,34.64379882800006],[73.66760253900003,34.610839844000054],[73.66821289100005,34.58941650400004],[73.64562988300008,34.56738281200006],[73.62341308600008,34.587036133000026],[73.56079101600005,34.59338378900003],[73.53039550800008,34.57501220700004],[73.50463867200006,34.580810547000056],[73.45019531200006,34.56561279300007],[73.44860839800003,34.53881835900006],[73.43823242200006,34.52642822300004],[73.44482421900005,34.504821777000075],[73.42962646500007,34.47100830100004],[73.43280029300007,34.44262695300006],[73.41662597700008,34.38720703100006],[73.40118408200004,34.38140869100005],[73.40759277300003,34.35980224600007],[73.43359375000006,34.349792480000076],[73.45178222700008,34.30963134800004],[73.47778320300006,34.26483154300007],[73.48522949200003,34.234985352000024],[73.49981689500004,34.22320556600005],[73.49621582000003,34.176391602000024],[73.52221679700006,34.00701904300007],[73.54443359400005,33.95239257800006],[73.55700683600008,33.931823730000076],[73.59338378900003,33.89984130900007],[73.59301757800006,33.86499023400006],[73.58020019500003,33.84619140600006],[73.56579589800003,33.78399658200004],[73.59521484400005,33.75878906200006],[73.60504150400004,33.71661377000004],[73.59918212900004,33.70043945300006],[73.57043457000003,33.67620849600007],[73.57562255900007,33.63684082000003],[73.58563232400007,33.61639404300007],[73.62683105500008,33.578002930000025],[73.62561035200008,33.546386719000054],[73.63818359400005,33.538208008000026],[73.61279296900005,33.51483154300007],[73.60321044900007,33.492797852000024],[73.62158203100006,33.47900390600006],[73.63220214800003,33.45782470700004],[73.59698486300005,33.44439697300004],[73.58959960900006,33.41503906200006],[73.57360839800003,33.39703369100005],[73.56622314500004,33.37402343700006],[73.57861328100006,33.35662841800007],[73.57299804700006,33.34283447300004],[73.59039306600005,33.329589844000054],[73.61279296900005,33.252014160000044],[73.63262939500004,33.23718261700003],[73.63281250000006,33.223388672000056],[73.66540527300003,33.20538330100004],[73.66381835900006,33.16961669900007],[73.63781738300008,33.128417969000054],[73.63281250000006,33.10040283200004],[73.63903808600008,33.08679199200003],[73.69580078100006,33.088806152000075],[73.74261474600007,33.067016602000024],[73.75604248000008,33.03320312500006],[73.78820800800008,33.00823974600007],[73.79760742200006,32.99383544900007],[73.79382324200003,32.96600341800007],[73.82098388700007,32.979431152000075],[73.83679199200003,33.00781250000006],[73.90002441400003,33.00299072300004],[73.93280029300007,32.986389160000044],[73.96563720700004,32.98718261700003],[73.97961425800008,32.96783447300004],[74.00402832000003,32.960998535000044],[73.99560546900005,32.93603515600006],[74.02160644500003,32.93023681600005],[74.05963134800004,32.93103027300003],[74.06262207000003,32.911987305000025],[74.18542480500008,32.88323974600007],[74.20959472700008,32.87103271500007],[74.22338867200006,32.846435547000056],[74.25158691400003,32.84259033200004],[74.27178955100004,32.83038330100004],[74.30718994100005,32.82458496100003],[74.31658935500008,32.79278564500004],[74.36181640600006,32.76361084000007],[74.39099121100008,32.75823974600007],[74.41040039100005,32.780212402000075],[74.46179199200003,32.78479003900003],[74.49023437500006,32.76239013700007],[74.50860595700004,32.76062011700003],[74.51458740200007,32.744201660000044],[74.55120849600007,32.74359130900007],[74.62384033200004,32.75561523400006],[74.64141845700004,32.77758789100005],[74.64044189500004,32.80780029300007],[74.65618896500007,32.82562255900007],[74.67163085900006,32.82183837900004],[74.70861816400003,32.83538818400007],[74.70739746100008,32.81079101600005],[74.68939209000007,32.78222656200006],[74.65759277300003,32.69860839800003],[74.66943359400005,32.67303466800007],[74.70001220700004,32.655029297000056],[74.65942382800006,32.630004883000026],[74.65521240200007,32.59259033200004],[74.65942382800006,32.55963134800004],[74.67779541000004,32.55303955100004],[74.67041015600006,32.53619384800004],[74.69543457000003,32.526000977000024],[74.68823242200006,32.48681640600006],[74.71600341800007,32.48199462900004],[74.72320556600005,32.47082519500003],[74.77563476600005,32.47503662100007],[74.80279541000004,32.46978759800004],[74.82342529300007,32.48858642600004],[74.88378906200006,32.48278808600003],[74.90283203100006,32.46179199200003],[74.94342041000004,32.46282959000007],[74.95379638700007,32.44360351600005],[74.99884033200004,32.44763183600003],[75.02502441400003,32.46600341800007],[75.04058837900004,32.49304199200003],[75.06201171900005,32.47619628900003],[75.09460449200003,32.46520996100003],[75.11523437500006,32.473388672000056],[75.12683105500008,32.45159912100007],[75.13958740200007,32.40301513700007],[75.17443847700008,32.41918945300006],[75.19702148400006,32.42022705100004],[75.22039794900007,32.395629883000026],[75.26623535200008,32.36499023400006],[75.29260253900003,32.36718750000006],[75.29638671900005,32.35198974600007],[75.32519531200006,32.33483886700003],[75.33953093000008,32.34210961600007],[75.36444091800007,32.33380127000004],[75.41198730500008,32.329223633000026],[75.44219970700004,32.31878662100007],[75.48120117200006,32.33380127000004],[75.48382568400007,32.32043457000003],[75.51318359400005,32.30822753900003],[75.50439453100006,32.29199218700006],[75.53442382800006,32.27801513700007],[75.54364013700007,32.30603027300003],[75.54058837900004,32.33660888700007],[75.56079101600005,32.35742187500006],[75.59564209000007,32.37719726600005],[75.62542724600007,32.37860107400007],[75.67523193400007,32.39398193400007],[75.68798828100006,32.390808105000076],[75.73303222700008,32.42321777300003],[75.72961425800008,32.453002930000025],[75.77880859400005,32.46600341800007],[75.82061767600004,32.49182128900003],[75.83538818400007,32.51220703100006],[75.87719726600005,32.550842285000044],[75.88201904300007,32.58679199200003],[75.90319824200003,32.59320068400007],[75.91699218700006,32.61340332000003],[75.92022705100004,32.652404785000044],[75.90161132800006,32.670837402000075],[75.90222168000008,32.69903564500004],[75.92718505900007,32.74603271500007],[75.89178466800007,32.78320312500006],[75.89001464800003,32.80358886700003],[75.85961914100005,32.834594727000024],[75.81683349600007,32.86199951200007],[75.81243896500007,32.878234863000046],[75.82543945300006,32.90899658200004],[75.84338378900003,32.92962646500007],[75.87103271500007,32.92462158200004],[75.92559814500004,32.90661621100003],[75.95501709000007,32.87384033200004],[76.03320312500006,32.91699218700006],[76.04681396500007,32.938232422000056],[76.09838867200006,32.96459960900006],[76.11279296900005,32.98822021500007],[76.11340332000003,33.006591797000056],[76.16601562500006,33.00720214800003],[76.18859863300008,33.02160644500003],[76.21722412100007,33.01739502000004],[76.24963378900003,33.022216797000056],[76.27880859400005,33.03759765600006],[76.29638671900005,33.05780029300007],[76.29302978500004,33.10363769500003],[76.32202148400006,33.12622070300006],[76.37744140600006,33.15618896500007],[76.41162109400005,33.187011719000054],[76.48919677700007,33.17999267600004],[76.51739502000004,33.19683837900004],[76.55541992200006,33.199829102000024],[76.56860351600005,33.21063232400007],[76.60681152300003,33.204223633000026],[76.61962890600006,33.17480468700006],[76.64898681600005,33.16259765600006],[76.67260742200006,33.17242431600005],[76.72039794900007,33.18139648400006],[76.74780273400006,33.17938232400007],[76.77862548800005,33.220031738000046],[76.79479980500008,33.25622558600003],[76.82281494100005,33.23522949200003],[76.83703613300008,33.204223633000026],[76.82098388700007,33.19500732400007],[76.81921386700003,33.15979003900003],[76.85760498000008,33.114013672000056],[76.88739013700007,33.12078857400007],[76.90740966800007,33.079040527000075],[76.94378662100007,33.02758789100005],[76.97503662100007,32.99920654300007],[76.99102783200004,33.00219726600005],[77.01141357400007,32.98822021500007],[77.05023193400007,32.99798584000007],[77.09698486300005,32.97082519500003],[77.11761474600007,32.98419189500004],[77.15203857400007,32.97778320300006],[77.15039062500006,32.95562744100005],[77.16363525400004,32.95098877000004],[77.16583252000004,32.919982910000044],[77.18963623000008,32.92822265600006],[77.20483398400006,32.90582275400004],[77.24462890600006,32.89160156200006],[77.23919677700007,32.879638672000056],[77.26422119100005,32.86358642600004],[77.27539062500006,32.87341308600003],[77.30603027300003,32.84918212900004],[77.32159423800005,32.85198974600007],[77.33959960900006,32.816589355000076],[77.37542724600007,32.82421875000006],[77.39819335900006,32.87780761700003],[77.41479492200006,32.88360595700004],[77.44622802700007,32.87939453100006],[77.46899414100005,32.858032227000024],[77.50244140600006,32.88421630900007],[77.51379394500003,32.876831055000025],[77.53961181600005,32.88543701200007],[77.56298828100006,32.90960693400007],[77.58758544900007,32.91918945300006],[77.60119628900003,32.93640136700003],[77.64141845700004,32.94219970700004],[77.67138671900005,32.95703125000006],[77.68200683600008,32.971984863000046],[77.70898437500006,32.97698974600007],[77.73059082000003,32.96942138700007],[77.77758789100005,32.92480468700006],[77.80822753900003,32.90283203100006],[77.78521728500004,32.88262939500004],[77.77941894500003,32.86218261700003],[77.81701660200008,32.84320068400007],[77.84301757800006,32.837036133000026],[77.87921142600004,32.813415527000075],[77.88482666000004,32.78741455100004],[77.89880371100008,32.772399902000075],[77.92681884800004,32.76922607400007],[77.93524169900007,32.75622558600003],[77.93481445300006,32.726623535000044],[77.91979980500008,32.690185547000056],[77.93780517600004,32.676391602000024],[77.99420166000004,32.588806152000075],[78.03503418000008,32.58380127000004],[78.05340576200007,32.588623047000056],[78.05200195300006,32.612426758000026],[78.06158447300004,32.625610352000024],[78.08300781200006,32.62103271500007],[78.10040283200004,32.63641357400007],[78.11102294900007,32.65899658200004],[78.13378906200006,32.63922119100005],[78.15380859400005,32.66699218700006],[78.18823242200006,32.674011230000076],[78.20159912100007,32.66058349600007],[78.24682617200006,32.67181396500007],[78.25439453100006,32.69140625000006],[78.31359863300008,32.70941162100007],[78.31042480500008,32.73663330100004],[78.35778808600008,32.75781250000006],[78.38842773400006,32.75720214800003],[78.38482666000004,32.71960449200003],[78.39263916000004,32.70983886700003],[78.38104248000008,32.66864013700007],[78.39019775400004,32.61480712900004],[78.37860107400007,32.601623535000044],[78.34100341800007,32.57843017600004],[78.31420898400006,32.57403564500004],[78.30603027300003,32.513183594000054],[78.29241943400007,32.49981689500004],[78.28741455100004,32.465026855000076],[78.31121826200007,32.446594238000046],[78.32800293000008,32.46520996100003],[78.34838867200006,32.46459960900006],[78.36401367200006,32.483032227000024],[78.36480712900004,32.49981689500004],[78.40459502700008,32.52436665500005]]]},"properties":{"OBJECTID":89,"object_id":34,"name":"JAMMU & KASHMIR AND LADAKH","state_code":"JAMMU & KASHMIR AND LADAKH","region_cod":"NORTH WEST INDIA","subdivisio":"JAMMU & KASHMIR AND LADAKH","uorder":16},"id": 15},
{"type":"Feature","geometry":{"type":"Polygon","coordinates":[[[91.82543945300006,23.497436523000033],[91.84899902300003,23.457641602000024],[91.86822509800004,23.446228027000075],[91.85961914100005,23.431640625000057],[91.86682128900009,23.407592773000033],[91.89739990200007,23.419433594000054],[91.90863037100007,23.432006836000028],[91.93218994100005,23.427795410000044],[91.95098877000004,23.434814453000058],[91.94958496100008,23.467407227000024],[91.97680664100005,23.48059082000003],[91.95898437500006,23.611999512000068],[91.94622802700007,23.634033203000058],[91.95080566400009,23.647033691000047],[91.94018554700006,23.689819336000028],[91.96179199200003,23.701416016000053],[91.96160888700007,23.73803710900006],[91.98663330100004,23.72760009800004],[92.00823974600007,23.666625977000024],[92.03442382800006,23.65319824200003],[92.07220459000007,23.643981934000067],[92.08062744100005,23.667236328000058],[92.11138916000004,23.695190430000025],[92.12060546900005,23.723999023000033],[92.13140869100005,23.734985352000024],[92.15478515600006,23.726989746000072],[92.17340087900004,23.70520019500003],[92.20922851600005,23.704223633000026],[92.22003173800005,23.681640625000057],[92.21258544900007,23.669189453000058],[92.22283935500008,23.651000977000024],[92.23901367200006,23.667785645000038],[92.24841308600008,23.696411133000026],[92.24743652300003,23.721435547000056],[92.26861572300004,23.724426270000038],[92.28240966800007,23.715026855000076],[92.29602050800008,23.68743896500007],[92.27941894500003,23.64361572300004],[92.29858398400006,23.625610352000024],[92.29498291000004,23.596618652000075],[92.30999755900007,23.590393066000047],[92.31323242200006,23.534423828000058],[92.33483886700003,23.464233398000033],[92.33264160200008,23.42962646500007],[92.34802246100008,23.434814453000058],[92.36138916000004,23.40979003900003],[92.35998535200008,23.386413574000073],[92.37902832000003,23.372192383000026],[92.38482666000004,23.34100341800007],[92.37322998000008,23.32861328100006],[92.39178466800007,23.307189941000047],[92.39318847700008,23.26361084000007],[92.40600585900006,23.23822021500007],[92.35742187500006,23.234191895000038],[92.36804199200003,23.148986816000047],[92.37384033200004,23.126220703000058],[92.36663818400007,23.10522460900006],[92.38623046900005,23.08819580100004],[92.39678955100004,23.051391602000024],[92.38519287100007,23.02178955100004],[92.39123535200008,23.00561523400006],[92.37841796900005,22.962585449000073],[92.37542724600007,22.933837891000053],[92.41583252000004,22.918212891000053],[92.43658447300004,22.88842773400006],[92.45861816400009,22.873413086000028],[92.45660400400004,22.817199707000043],[92.46520996100008,22.808837891000053],[92.48059082000003,22.750793457000043],[92.51043701200007,22.73522949200003],[92.52740478500004,22.666198730000076],[92.52679443400007,22.621826172000056],[92.53503418000008,22.61022949200003],[92.53918457000003,22.57720947300004],[92.53021240200007,22.56262207000003],[92.54742431600005,22.523620605000076],[92.54998779300007,22.469421387000068],[92.55700683600008,22.416198730000076],[92.58343505900007,22.313232422000056],[92.57983398400006,22.278808594000054],[92.59259033200004,22.254638672000056],[92.59301757800006,22.218017578000058],[92.60198974600007,22.200012207000043],[92.59979248000008,22.180786133000026],[92.61444091800007,22.169189453000058],[92.60864257800006,22.12658691400003],[92.59240722700008,22.13983154300007],[92.56420898400006,22.132812500000057],[92.59478759800004,22.079040527000075],[92.60522460900006,22.02642822300004],[92.60003662100007,22.010986328000058],[92.61541748000008,21.992614746000072],[92.63580322300004,21.987426758000026],[92.65698242200006,22.01342773400006],[92.67858886700003,22.012817383000026],[92.69482421900005,22.079406738000046],[92.70123291000004,22.152221680000025],[92.73059082000003,22.14801025400004],[92.73559570300006,22.137390137000068],[92.76342773400006,22.12463378900003],[92.77142334000007,22.109191895000038],[92.81481933600008,22.093811035000044],[92.82324218700006,22.077819824000073],[92.84661865200007,22.060424805000025],[92.86779785200008,22.058837891000053],[92.87219238300008,22.02819824200003],[92.89178466800007,22.010009766000053],[92.91320800800008,21.96301269500003],[92.93963623000008,22.016235352000024],[92.96398925800008,22.02502441400003],[92.98541259800004,21.98059082000003],[93.00659179700006,21.98162841800007],[93.00781250000006,22.008789062000062],[92.99719238300008,22.03723144500003],[93.01184082000003,22.082824707000043],[93.01342773400006,22.103027344000054],[93.06298828100006,22.099609375000057],[93.05664062500006,22.125],[93.04418945300006,22.136230469000054],[93.05218505900007,22.162841797000056],[93.04199218700006,22.191223145000038],[93.07440185500008,22.207397461000028],[93.09960937500006,22.196228027000075],[93.11444091800007,22.198608398000033],[93.12799072300004,22.176391602000024],[93.16021728500004,22.179382324000073],[93.14880371100008,22.245239258000026],[93.18762207000003,22.246826172000056],[93.20581054700006,22.257995605000076],[93.19921875000006,22.27783203100006],[93.19683837900004,22.334228516000053],[93.19000244100005,22.367797852000024],[93.19464111300005,22.377014160000044],[93.18823242200006,22.424194336000028],[93.17279052700007,22.448242187000062],[93.14318847700008,22.455627441000047],[93.13201904300007,22.471984863000046],[93.13519287100007,22.492187500000057],[93.12841796900005,22.52319335900006],[93.10919189500004,22.528991699000073],[93.11303710900006,22.55181884800004],[93.14318847700008,22.58319091800007],[93.13378906200006,22.61999511700003],[93.11242675800008,22.636230469000054],[93.11602783200004,22.648620605000076],[93.10119628900009,22.671203613000046],[93.10180664100005,22.693237305000025],[93.08941650400004,22.706420898000033],[93.11041259800004,22.741210937000062],[93.09698486300005,22.807434082000043],[93.11383056600005,22.813232422000056],[93.11938476600005,22.859619141000053],[93.13323974600007,22.87939453100006],[93.13659668000008,22.910034180000025],[93.16040039100005,22.910400391000053],[93.14019775400004,22.96124267600004],[93.14538574200003,22.97741699200003],[93.12701416000004,22.99761962900004],[93.13360595700004,23.009826660000044],[93.13079834000007,23.044433594000054],[93.14520263700007,23.058593750000057],[93.16558837900004,23.045837402000075],[93.19219970700004,23.057006836000028],[93.21801757800006,23.041809082000043],[93.23181152300003,23.01843261700003],[93.25079345700004,23.00299072300004],[93.26580810500008,23.008789062000062],[93.29962158200004,23.004821777000075],[93.33020019500003,23.031982422000056],[93.34283447300004,23.06103515600006],[93.35583496100008,23.074218750000057],[93.36260986300005,23.112792969000054],[93.39123535200008,23.134826660000044],[93.37158203100006,23.14660644500003],[93.39239502000004,23.215637207000043],[93.37622070300006,23.252197266000053],[93.37719726600005,23.328796387000068],[93.36358642600004,23.350585937000062],[93.39422607400007,23.36999511700003],[93.40759277300003,23.388000488000046],[93.39599609400005,23.40740966800007],[93.39501953100006,23.429382324000073],[93.40478515600006,23.471435547000056],[93.40539550800008,23.50439453100006],[93.42559814500004,23.530395508000026],[93.42181396500007,23.565429687000062],[93.43103027300003,23.57843017600004],[93.42620849600007,23.64959716800007],[93.44262695300006,23.678405762000068],[93.41503906200006,23.70819091800007],[93.41583252000004,23.72863769500003],[93.40258789100005,23.770996094000054],[93.40802002000004,23.80963134800004],[93.39739990200007,23.820190430000025],[93.39361572300004,23.87280273400006],[93.39703369100005,23.926391602000024],[93.36322021500007,23.942016602000024],[93.35003662100007,23.973999023000033],[93.33581543000008,23.97900390600006],[93.33538818400007,24.02001953100006],[93.34039306600005,24.063598633000026],[93.33239746100008,24.08624267600004],[93.35223388700007,24.093811035000044],[93.41381835900006,24.075195312000062],[93.43121337900004,24.057617187000062],[93.44219970700004,24.023620605000076],[93.46520996100008,23.99499511700003],[93.47039794900007,23.966613770000038],[93.51318359400005,23.94299316400003],[93.52862548800005,23.956420898000033],[93.60742187500006,23.968994141000053],[93.61901855500008,23.98663330100004],[93.61859130900007,24.009826660000044],[93.67559814500004,24.006408691000047],[93.73779296900005,23.994384766000053],[93.76019287100007,23.99920654300007],[93.77142334000007,23.97760009800004],[93.79138183600008,23.962585449000073],[93.81378173800005,23.924804687000062],[93.86401367200006,23.93280029300007],[93.89379882800006,23.949584961000028],[93.91864013700007,23.951599121000072],[93.95141601600005,23.944824219000054],[93.96704101600005,23.92858886700003],[94.01519775400004,23.928405762000068],[94.04058837900004,23.91241455100004],[94.04858398400006,23.89483642600004],[94.09338378900009,23.887817383000026],[94.11999511700009,23.83679199200003],[94.13659668000008,23.850036621000072],[94.15881347700008,23.846801758000026],[94.16558837900004,23.883239746000072],[94.16680908200004,23.922790527000075],[94.19323730500008,23.931640625000057],[94.19183349600007,23.958984375000057],[94.24261474600007,24.038024902000075],[94.25701904300007,24.083435059000067],[94.25543212900004,24.13684082000003],[94.26019287100007,24.161621094000054],[94.28118896500007,24.17358398400006],[94.29260253900009,24.233642578000058],[94.31079101600005,24.24780273400006],[94.32543945300006,24.28619384800004],[94.32379150400004,24.332641602000024],[94.34918212900004,24.335632324000073],[94.38360595700004,24.378234863000046],[94.36279296900005,24.393188477000024],[94.39678955100004,24.406616211000028],[94.40502929700006,24.424804687000062],[94.40899658200004,24.46319580100004],[94.40100097700008,24.481384277000075],[94.42718505900007,24.48681640600006],[94.46319580100004,24.569030762000068],[94.48303222700008,24.575622559000067],[94.51843261700009,24.609985352000024],[94.54840087900004,24.668212891000053],[94.54858398400006,24.70983886700003],[94.58862304700006,24.704040527000075],[94.60839843700006,24.715209961000028],[94.61523437500006,24.73718261700003],[94.63104248000008,24.757995605000076],[94.62298584000007,24.778015137000068],[94.63903808600008,24.841796875000057],[94.65460205100004,24.866638184000067],[94.68981933600008,24.892822266000053],[94.70361328100006,24.927185059000067],[94.71679687500006,24.935424805000025],[94.69958496100008,24.96142578100006],[94.71099853500004,24.98681640600006],[94.73999023400006,25.018188477000024],[94.74859619100005,25.05639648400006],[94.74359130900007,25.129638672000056],[94.70159912100007,25.153015137000068],[94.64160156200006,25.169799805000025],[94.62902832000003,25.183837891000053],[94.59979248000008,25.188598633000026],[94.58361816400009,25.209228516000053],[94.59759521500007,25.260437012000068],[94.59698486300005,25.282592773000033],[94.61138916000004,25.31561279300007],[94.63439941400009,25.35260009800004],[94.63562011700009,25.374023437000062],[94.64758300800008,25.399841309000067],[94.66943359400005,25.40600585900006],[94.68719482400007,25.458984375000057],[94.74499511700009,25.47241210900006],[94.77099609400005,25.474609375000057],[94.81079101600005,25.48858642600004],[94.83520507800006,25.543640137000068],[94.85144043000008,25.55639648400006],[94.90344238300008,25.559997559000067],[94.88598632800006,25.580627441000047],[94.91918945300006,25.607788086000028],[94.93359375000006,25.657592773000033],[94.94140625000006,25.668395996000072],[94.98742675800008,25.70202636700003],[95.00781250000006,25.731384277000075],[95.03222656200006,25.734191895000038],[95.05102539100005,25.75543212900004],[95.04400634800004,25.775634766000053],[95.04779052700007,25.80303955100004],[95.03601074200009,25.813232422000056],[95.03179931600005,25.83959960900006],[95.01403808600008,25.86499023400006],[95.02679443400007,25.913024902000075],[95.05621337900004,25.940002441000047],[95.07763671900005,25.943786621000072],[95.10522460900006,25.960998535000044],[95.11621093700006,25.98059082000003],[95.13940429700006,25.999389648000033],[95.16339111300005,26.02783203100006],[95.16442871100008,26.046203613000046],[95.18420410200008,26.077636719000054],[95.16479492200006,26.092041016000053],[95.12561035200008,26.093994141000053],[95.11981201200007,26.11499023400006],[95.12683105500008,26.130004883000026],[95.11578369100005,26.15618896500007],[95.12744140600006,26.196411133000026],[95.14160156200006,26.207397461000028],[95.12042236300005,26.23199462900004],[95.12878418000008,26.249389648000033],[95.11981201200007,26.268188477000024],[95.13079834000007,26.295837402000075],[95.12762451200007,26.348022461000028],[95.13500976600005,26.381225586000028],[95.10418701200007,26.39483642600004],[95.10803222700008,26.417236328000058],[95.06842041000004,26.460388184000067],[95.10302734400005,26.506591797000056],[95.12042236300005,26.523437500000057],[95.11444091800007,26.541625977000024],[95.13818359400005,26.554199219000054],[95.15399169900007,26.574401855000076],[95.15441894500003,26.61322021500007],[95.18182373000008,26.63702392600004],[95.20581054700006,26.642822266000053],[95.23742675800008,26.67999267600004],[95.23583984400005,26.705810547000056],[95.21600341800007,26.72900390600006],[95.21899414100005,26.749389648000033],[95.24243164100005,26.77819824200003],[95.21502685500008,26.792236328000058],[95.18463134800004,26.858825684000067],[95.21301269500003,26.879638672000056],[95.23004150400004,26.879638672000056],[95.23419189500004,26.914611816000047],[95.21459960900006,26.931030273000033],[95.19543457000003,26.984191895000038],[95.20019531200006,26.993591309000067],[95.19598388700007,27.03479003900003],[95.15362548800005,26.998840332000043],[95.11181640600006,26.976623535000044],[95.08843994100005,26.951232910000044],[95.03881835900006,26.935791016000053],[95.01843261700009,26.921386719000054],[94.97161865200007,26.922241211000028],[94.96441650400004,26.937011719000054],[94.93420410200008,26.932189941000047],[94.91864013700007,26.937011719000054],[94.89282226600005,26.92858886700003],[94.86938476600005,26.908386230000076],[94.85363769500003,26.87420654300007],[94.82098388700007,26.84741210900006],[94.81781005900007,26.81921386700003],[94.80499267600004,26.799804687000062],[94.77099609400005,26.785583496000072],[94.76159668000008,26.765625],[94.74023437500006,26.76342773400006],[94.69720459000007,26.732421875000057],[94.66082763700007,26.71978759800004],[94.62799072300004,26.715026855000076],[94.59680175800008,26.730834961000028],[94.59320068400007,26.696228027000075],[94.54260253900009,26.705810547000056],[94.52142334000007,26.682434082000043],[94.46539306600005,26.66223144500003],[94.46319580100004,26.636413574000073],[94.43902587900004,26.62158203100006],[94.40679931600005,26.610839844000054],[94.40539550800008,26.593017578000058],[94.41638183600008,26.575988770000038],[94.39843750000006,26.532592773000033],[94.36083984400005,26.504821777000075],[94.35040283200004,26.485595703000058],[94.32983398400006,26.475036621000072],[94.31878662100007,26.457824707000043],[94.29699707000003,26.470397949000073],[94.28662109400005,26.504638672000056],[94.28942871100008,26.517822266000053],[94.27398681600005,26.548828125000057],[94.25958252000004,26.540832520000038],[94.23999023400006,26.50579834000007],[94.21002197300004,26.484985352000024],[94.20599365200007,26.468627930000025],[94.18920898400006,26.45861816400003],[94.17523193400007,26.415405273000033],[94.18103027300003,26.382995605000076],[94.17498779300007,26.337585449000073],[94.14123535200008,26.335815430000025],[94.10839843700006,26.319641113000046],[94.10101318400007,26.30163574200003],[94.07800293000008,26.283203125000057],[94.07800293000008,26.264038086000028],[94.05181884800004,26.25],[94.03979492200006,26.225585937000062],[94.03540039100005,26.19720459000007],[94.01098632800006,26.182006836000028],[94.00701904300007,26.15979003900003],[93.99218750000006,26.132812500000057],[94.00042724600007,26.106384277000075],[93.98498535200008,26.08178710900006],[93.98901367200006,26.065429687000062],[93.96582031200006,26.03619384800004],[93.95739746100008,25.968811035000044],[93.97198486300005,25.95678710900006],[93.98199462900004,25.916198730000076],[93.97003173800005,25.905395508000026],[93.91918945300006,25.883239746000072],[93.89941406200006,25.857421875000057],[93.87939453100006,25.842041016000053],[93.85559082000003,25.857788086000028],[93.82440185500008,25.83819580100004],[93.81964111300005,25.82220459000007],[93.79339599600007,25.810791016000053],[93.78100585900006,25.842041016000053],[93.78741455100004,25.883789062000062],[93.79901123000008,25.90600585900006],[93.79058837900004,25.946228027000075],[93.77844238300008,25.960815430000025],[93.74859619100005,25.93939209000007],[93.73980712900004,25.922607422000056],[93.71038818400007,25.918640137000068],[93.68499755900007,25.902404785000044],[93.70520019500003,25.85119628900003],[93.67181396500007,25.82220459000007],[93.64984130900007,25.81939697300004],[93.62023925800008,25.775207520000038],[93.56939697300004,25.75299072300004],[93.53442382800006,25.692199707000043],[93.49981689500004,25.653991699000073],[93.45861816400009,25.633239746000072],[93.44763183600008,25.639221191000047],[93.42480468700006,25.617797852000024],[93.40502929700006,25.610839844000054],[93.38281250000006,25.575988770000038],[93.36663818400007,25.559997559000067],[93.34564209000007,25.559387207000043],[93.33782959000007,25.53424072300004],[93.38519287100007,25.490417480000076],[93.39160156200006,25.46282959000007],[93.41882324200003,25.44439697300004],[93.44018554700006,25.44738769500003],[93.45861816400009,25.434020996000072],[93.46502685500008,25.397033691000047],[93.47619628900009,25.38562011700003],[93.46704101600005,25.359191895000038],[93.45458984400005,25.353210449000073],[93.45660400400004,25.320983887000068],[93.47381591800007,25.30462646500007],[93.42419433600008,25.277404785000044],[93.38421630900007,25.238830566000047],[93.38781738300008,25.232421875000057],[93.35723877000004,25.187011719000054],[93.34722900400004,25.158386230000076],[93.35003662100007,25.137390137000068],[93.33483886700003,25.092590332000043],[93.31799316400009,25.084228516000053],[93.30242919900007,25.051208496000072],[93.26782226600005,25.049011230000076],[93.24719238300008,25.015441895000038],[93.25323486300005,24.954589844000054],[93.23522949200003,24.898620605000076],[93.19323730500008,24.818237305000025],[93.15740966800007,24.788208008000026],[93.13763427700007,24.809814453000058],[93.11462402300003,24.79998779300007],[93.09362793000008,24.72418212900004],[93.08300781200006,24.70361328100006],[93.10723877000004,24.673217773000033],[93.08178710900006,24.628417969000054],[93.08703613300008,24.612426758000026],[93.07440185500008,24.598999023000033],[93.09240722700008,24.572814941000047],[93.05242919900007,24.542419434000067],[93.05303955100004,24.518188477000024],[93.03558349600007,24.494018555000025],[93.04919433600008,24.474792480000076],[93.03918457000003,24.46002197300004],[93.03601074200003,24.42822265600006],[93.00219726600005,24.39959716800007],[92.97619628900009,24.407226562000062],[92.90423584000007,24.390014648000033],[92.88720703100006,24.401794434000067],[92.86499023400006,24.39801025400004],[92.84838867200006,24.37921142600004],[92.82922363300008,24.375793457000043],[92.83123779300007,24.40142822300004],[92.81604003900009,24.408386230000076],[92.79980468700006,24.432189941000047],[92.76702880900007,24.52038574200003],[92.75518798800005,24.50579834000007],[92.74359130900007,24.468017578000058],[92.71459960900006,24.406799316000047],[92.71038818400007,24.385986328000058],[92.69238281200006,24.35260009800004],[92.66241455100004,24.341796875000057],[92.65301513700007,24.328186035000044],[92.62542724600007,24.330627441000047],[92.61541748000008,24.25299072300004],[92.55438232400007,24.246826172000056],[92.55084228500004,24.222839355000076],[92.52801513700007,24.171203613000046],[92.51861572300004,24.178405762000068],[92.48059082000003,24.141418457000043],[92.43963623000008,24.152221680000025],[92.43878173800005,24.178405762000068],[92.42199707000003,24.192199707000043],[92.42559814500004,24.25439453100006],[92.21600341800007,24.249389648000033],[92.26678466800007,24.359985352000024],[92.27722168000008,24.387817383000026],[92.25762939500004,24.419616699000073],[92.26239013700007,24.438781738000046],[92.23339843700006,24.460815430000025],[92.23962402300003,24.48822021500007],[92.21478271500007,24.503784180000025],[92.16943359400005,24.527038574000073],[92.15759277300003,24.515991211000028],[92.15301513700007,24.48999023400006],[92.16918945300006,24.445190430000025],[92.17138671900005,24.424194336000028],[92.14263916000004,24.424804687000062],[92.13659668000008,24.408203125000057],[92.11523437500006,24.384033203000058],[92.08520507800006,24.37420654300007],[92.03784179700006,24.37939453100006],[92.00640869100005,24.392822266000053],[91.99340820300006,24.38061523400006],[91.97479248000008,24.38238525400004],[91.98858642600004,24.364013672000056],[91.99700927700007,24.328186035000044],[91.97943115200007,24.332641602000024],[91.96282959000007,24.358215332000043],[91.92523193400007,24.336608887000068],[91.94543457000003,24.264587402000075],[91.92919921900005,24.212585449000073],[91.91418457000003,24.130187988000046],[91.88739013700007,24.140441895000038],[91.86999511700003,24.160827637000068],[91.86279296900005,24.182006836000028],[91.83862304700006,24.200622559000067],[91.85003662100007,24.21600341800007],[91.83660888700007,24.226806641000053],[91.82360839800003,24.209594727000024],[91.78759765600006,24.22259521500007],[91.75,24.24462890600006],[91.74884033200004,24.21600341800007],[91.76019287100007,24.142395020000038],[91.72900390600006,24.140991211000028],[91.68560791000004,24.161804199000073],[91.68023681600005,24.188232422000056],[91.66619873000008,24.212402344000054],[91.65039062500006,24.202636719000054],[91.64343261700003,24.155395508000026],[91.63220214800003,24.137634277000075],[91.63800048800005,24.123596191000047],[91.63140869100005,24.100402832000043],[91.57440185500008,24.078796387000068],[91.54278564500004,24.072631836000028],[91.49884033200004,24.084228516000053],[91.49322509800004,24.09600830100004],[91.45861816400009,24.09423828100006],[91.41778564500004,24.107604980000076],[91.37921142600004,24.10522460900006],[91.38122558600008,24.07861328100006],[91.40002441400009,24.047790527000075],[91.39263916000004,24.022583008000026],[91.36279296900005,23.984985352000024],[91.33819580100004,23.983215332000043],[91.32501220700004,23.994018555000025],[91.28363037100007,23.98162841800007],[91.26080322300004,23.941589355000076],[91.27178955100004,23.924621582000043],[91.24621582000003,23.90283203100006],[91.22399902300003,23.892028809000067],[91.22241210900006,23.878601074000073],[91.25079345700004,23.829223633000026],[91.23083496100008,23.791198730000076],[91.23382568400007,23.76379394500003],[91.21258544900007,23.751220703000058],[91.16864013700007,23.749023437000062],[91.15258789100005,23.712585449000073],[91.15618896500007,23.691223145000038],[91.20123291000004,23.693420410000044],[91.20843505900007,23.687194824000073],[91.20422363300008,23.653808594000054],[91.16339111300005,23.652038574000073],[91.16381835900006,23.593811035000044],[91.18902587900004,23.574584961000028],[91.19622802700007,23.544982910000044],[91.21099853500004,23.542236328000058],[91.20343017600004,23.517028809000067],[91.22381591800007,23.49658203100006],[91.25781250000006,23.486206055000025],[91.26080322300004,23.461608887000068],[91.28619384800004,23.418640137000068],[91.29101562500006,23.367614746000072],[91.29919433600008,23.338439941000047],[91.29138183600008,23.313781738000046],[91.31701660200008,23.29998779300007],[91.31298828100006,23.27502441400003],[91.32659912100007,23.236999512000068],[91.32623291000004,23.157592773000033],[91.33599853500004,23.152404785000044],[91.34979248000008,23.101623535000044],[91.37280273400006,23.069824219000054],[91.39880371100008,23.055603027000075],[91.41339111300005,23.060241699000073],[91.41918945300006,23.080627441000047],[91.40301513700007,23.09582519500003],[91.40618896500007,23.11303710900006],[91.38781738300008,23.155639648000033],[91.38842773400006,23.191223145000038],[91.39501953100006,23.219421387000068],[91.41162109400005,23.247009277000075],[91.41979980500008,23.275390625000057],[91.41839599600007,23.26202392600004],[91.45721435500008,23.259826660000044],[91.46081543000008,23.245422363000046],[91.48742675800008,23.208801270000038],[91.48699951200007,23.188232422000056],[91.50122070300006,23.171020508000026],[91.50183105500008,23.14221191400003],[91.51721191400009,23.122009277000075],[91.51422119100005,23.10363769500003],[91.53698730500008,23.065185547000056],[91.53338623000008,23.03759765600006],[91.55340576200007,23.037841797000056],[91.54541015600006,22.999023437000062],[91.56042480500008,22.977783203000058],[91.60260009800004,22.95538330100004],[91.62341308600008,22.938598633000026],[91.64483642600004,22.974609375000057],[91.69622802700007,22.986999512000068],[91.71502685500008,22.982604980000076],[91.74700927700007,23.006225586000028],[91.76440429700006,23.028625488000046],[91.78723144500003,23.037841797000056],[91.77722168000008,23.068603516000053],[91.80700683600008,23.06262207000003],[91.82501220700004,23.085205078000058],[91.81439209000007,23.12103271500007],[91.81701660200008,23.145996094000054],[91.80859375000006,23.17980957000003],[91.79241943400007,23.203002930000025],[91.79443359400005,23.226013184000067],[91.77941894500003,23.267028809000067],[91.76318359400005,23.281433105000076],[91.76739502000004,23.309204102000024],[91.80700683600008,23.331420898000033],[91.84082031200006,23.370788574000073],[91.84619140600006,23.424194336000028],[91.82800293000008,23.466186523000033],[91.80084228500004,23.488830566000047],[91.80718994100005,23.511596680000025],[91.82543945300006,23.497436523000033]]]},"properties":{"OBJECTID":96,"object_id":4,"name":"N M M T","state_code":"MANIPUR","region_cod":"EAST AND NORTH EAST INDIA","subdivisio":"N M M T","uorder":4},"id": 23},
{"type":"Feature","geometry":{"type":"Polygon","coordinates":[[[76.77801513700007,30.90441894500003],[76.76739502000004,30.921020508000026],[76.74078369100005,30.936218262000068],[76.71081543000008,30.970031738000046],[76.67443847700008,30.968994141000053],[76.66699218700006,30.981018066000047],[76.62579345700004,30.999023437000062],[76.62799072300004,31.022827148000033],[76.61218261700003,31.046020508000026],[76.62463378900003,31.057617187000062],[76.61920166000004,31.07843017600004],[76.63903808600008,31.10400390600006],[76.60278320300006,31.128784180000025],[76.61340332000003,31.14819335900006],[76.60418701200007,31.16522216800007],[76.61981201200007,31.193786621000072],[76.64282226600005,31.20623779300007],[76.63580322300004,31.224792480000076],[76.59399414100005,31.212036133000026],[76.59960937500006,31.23999023400006],[76.61279296900005,31.25],[76.58459472700008,31.27642822300004],[76.55041503900003,31.25299072300004],[76.52301025400004,31.280639648000033],[76.49841308600008,31.28619384800004],[76.48059082000003,31.308410645000038],[76.45581054700006,31.312011719000054],[76.43280029300007,31.32702636700003],[76.39379882800006,31.38983154300007],[76.40441894500003,31.397216797000056],[76.37640380900007,31.437194824000073],[76.37341308600008,31.40924072300004],[76.35418701200007,31.398803711000028],[76.33221435500008,31.40142822300004],[76.33081054700006,31.378784180000025],[76.34179687500006,31.363830566000047],[76.30621337900004,31.31439209000007],[76.27679443400007,31.300842285000044],[76.26861572300004,31.310791016000053],[76.21502685500008,31.299621582000043],[76.18182373000008,31.310607910000044],[76.17999267600004,31.340820312000062],[76.15039062500006,31.35363769500003],[76.14843750000006,31.378601074000073],[76.17083740200007,31.39819335900006],[76.15783691400003,31.430786133000026],[76.14678955100004,31.434204102000024],[76.13220214800003,31.47064209000007],[76.11822509800004,31.483398437000062],[76.09960937500006,31.536804199000073],[76.05999755900007,31.58178710900006],[76.05603027300003,31.606201172000056],[76.03863525400004,31.609802246000072],[76.01861572300004,31.632995605000076],[76.00604248000008,31.674621582000043],[75.98419189500004,31.718994141000053],[75.94799804700006,31.813232422000056],[75.97039794900007,31.824218750000057],[75.96221923800005,31.85522460900006],[75.91259765600006,31.940185547000056],[75.89361572300004,31.962219238000046],[75.82281494100005,31.984191895000038],[75.78082275400004,32.005004883000026],[75.75158691400003,32.038208008000026],[75.72558593700006,32.033386230000076],[75.69940185500008,32.05841064500004],[75.65539550800008,32.078002930000025],[75.60321044900007,32.06622314500004],[75.60198974600007,32.09338378900003],[75.62139892600004,32.09820556600005],[75.63000488300008,32.12139892600004],[75.66241455100004,32.13720703100006],[75.67419433600008,32.15899658200004],[75.66418457000003,32.19183349600007],[75.62518310500008,32.19061279300007],[75.62762451200007,32.21582031200006],[75.64080810500008,32.25262451200007],[75.65820312500006,32.25158691400003],[75.71441650400004,32.27301025400004],[75.74139404300007,32.276000977000024],[75.77398681600005,32.29058837900004],[75.80340576200007,32.32843017600004],[75.81219482400007,32.34881591800007],[75.84600830100004,32.35681152300003],[75.84759521500007,32.37261962900004],[75.87518310500008,32.395996094000054],[75.93640136700003,32.395996094000054],[75.91943359400005,32.41400146500007],[75.90258789100005,32.45343017600004],[75.85864257800006,32.48419189500004],[75.83538818400007,32.51220703100006],[75.82061767600004,32.49182128900003],[75.77880859400005,32.46600341800007],[75.72961425800008,32.453002930000025],[75.73303222700008,32.42321777300003],[75.68798828100006,32.390808105000076],[75.67523193400007,32.39398193400007],[75.62542724600007,32.37860107400007],[75.59564209000007,32.37719726600005],[75.56079101600005,32.35742187500006],[75.54058837900004,32.33660888700007],[75.54364013700007,32.30603027300003],[75.53442382800006,32.27801513700007],[75.50439453100006,32.29199218700006],[75.51318359400005,32.30822753900003],[75.48382568400007,32.32043457000003],[75.48120117200006,32.33380127000004],[75.44219970700004,32.31878662100007],[75.41198730500008,32.329223633000026],[75.36444091800007,32.33380127000004],[75.33953093000008,32.34210961600007],[75.33398437500006,32.31103515600006],[75.35119628900003,32.29040527300003],[75.38238525400004,32.26922607400007],[75.37139892600004,32.258422852000024],[75.37420654300007,32.22863769500003],[75.36663818400007,32.220214844000054],[75.33239746100008,32.220031738000046],[75.31121826200007,32.196411133000026],[75.32342529300007,32.17999267600004],[75.28643798800005,32.15203857400007],[75.28039550800008,32.11840820300006],[75.26220703100006,32.10198974600007],[75.22064209000007,32.10839843700006],[75.19683837900004,32.08398437500006],[75.18023681600005,32.07659912100007],[75.12384033200004,32.08178710900006],[75.08483886700003,32.060424805000025],[75.06982421900005,32.06402587900004],[75.04162597700008,32.043029785000044],[75.01318359400005,32.03601074200003],[74.97479248000008,32.053833008000026],[74.92663574200003,32.06683349600007],[74.90563964800003,32.05059814500004],[74.87622070300006,32.05120849600007],[74.87719726600005,32.03442382800006],[74.82958984400005,31.998596191000047],[74.83142089800003,31.98004150400004],[74.82000732400007,31.958984375000057],[74.78259277300003,31.955993652000075],[74.74401855500008,31.940002441000047],[74.72064209000007,31.941833496000072],[74.70861816400003,31.92340087900004],[74.67803955100004,31.92663574200003],[74.63763427700007,31.88439941400003],[74.60882568400007,31.89019775400004],[74.59802246100008,31.867797852000024],[74.57159423800005,31.837402344000054],[74.57403564500004,31.816406250000057],[74.55883789100005,31.80499267600004],[74.55218505900007,31.778991699000073],[74.56262207000003,31.76342773400006],[74.54821777300003,31.74963378900003],[74.51483154300007,31.740234375000057],[74.48742675800008,31.715393066000047],[74.50262451200007,31.696594238000046],[74.53601074200003,31.677001953000058],[74.55743408200004,31.61163330100004],[74.57623291000004,31.604187012000068],[74.59301757800006,31.574401855000076],[74.61779785200008,31.55639648400006],[74.61059570300006,31.527221680000025],[74.58502197300004,31.520996094000054],[74.58343505900007,31.507995605000076],[74.61059570300006,31.5],[74.61962890600006,31.48541259800004],[74.64898681600005,31.465393066000047],[74.63940429700006,31.44561767600004],[74.65478515600006,31.42803955100004],[74.64440918000008,31.416381836000028],[74.62322998000008,31.430419922000056],[74.59741210900006,31.416625977000024],[74.58343505900007,31.378784180000025],[74.55383300800008,31.366210937000062],[74.53759765600006,31.33038330100004],[74.53521728500004,31.305236816000047],[74.52142334000007,31.269226074000073],[74.53363037100007,31.250793457000043],[74.52539062500006,31.220397949000073],[74.51123046900005,31.132202148000033],[74.54943847700008,31.122436523000033],[74.55218505900007,31.08679199200003],[74.60162353500004,31.08819580100004],[74.61083984400005,31.111999512000068],[74.59741210900006,31.127624512000068],[74.63183593700006,31.132995605000076],[74.64178466800007,31.120422363000046],[74.69000244100005,31.128234863000046],[74.70343017600004,31.091796875000057],[74.69659423800005,31.074584961000028],[74.67199707000003,31.053833008000026],[74.59783935500008,31.037841797000056],[74.57519531200006,31.057006836000028],[74.54882812500006,31.031982422000056],[74.54058837900004,31.009033203000058],[74.54724121100008,30.992614746000072],[74.51702880900007,30.979614258000026],[74.50958252000004,30.967590332000043],[74.48059082000003,30.974426270000038],[74.45782470700004,30.96441650400004],[74.42462158200004,30.92980957000003],[74.42358398400006,30.908020020000038],[74.39819335900006,30.909606934000067],[74.36682128900003,30.893188477000024],[74.36181640600006,30.873840332000043],[74.38299560500008,30.860595703000058],[74.32122802700007,30.846801758000026],[74.32061767600004,30.827636719000054],[74.30023193400007,30.80480957000003],[74.29821777300003,30.777221680000025],[74.26080322300004,30.772583008000026],[74.27563476600005,30.737426758000026],[74.26080322300004,30.723205566000047],[74.23339843700006,30.724792480000076],[74.22003173800005,30.693786621000072],[74.19421386700003,30.665405273000033],[74.16400146500007,30.648620605000076],[74.15002441400003,30.631835937000062],[74.12939453100006,30.632629395000038],[74.11883544900007,30.608032227000024],[74.09619140600006,30.60119628900003],[74.10278320300006,30.579406738000046],[74.07440185500008,30.55480957000003],[74.09179687500006,30.549621582000043],[74.07379150400004,30.523986816000047],[74.05102539100005,30.53741455100004],[73.99359130900007,30.514404297000056],[73.96459960900006,30.484985352000024],[73.96502685500008,30.45660400400004],[73.92883300800008,30.46600341800007],[73.93780517600004,30.43658447300004],[73.96899414100005,30.440429687000062],[73.96520996100008,30.424438477000024],[73.88061523400006,30.359985352000024],[73.90344238300008,30.34918212900004],[73.93261718700006,30.318786621000072],[73.96362304700006,30.26220703100006],[73.97338867200006,30.198242187000062],[73.96899414100005,30.168640137000068],[73.97161865200007,30.125183105000076],[73.93078613300008,30.068786621000072],[73.90478515600006,30.050231934000067],[73.88702392600004,30.01220703100006],[73.88702392600004,29.99621582000003],[73.90142822300004,29.973999023000033],[74.09899902300003,29.967407227000024],[74.26422119100005,29.957214355000076],[74.52801513700007,29.94299316400003],[74.58343505900007,29.924438477000024],[74.59759521500007,29.91241455100004],[74.64782714800003,29.90441894500003],[74.65258789100005,29.92663574200003],[74.68298339800003,29.943420410000044],[74.70318603500004,29.971984863000046],[74.73242187500006,29.961608887000068],[74.73962402300003,29.982788086000028],[74.70941162100007,29.99920654300007],[74.73699951200007,30.02941894500003],[74.76660156200006,30.025817871000072],[74.78881835900006,30],[74.82501220700004,29.986389160000044],[74.85778808600008,29.95678710900006],[74.88922119100005,29.966613770000038],[74.92382812500006,29.95220947300004],[74.95458984400005,29.901611328000058],[74.97778320300006,29.889404297000056],[74.99182128900003,29.867797852000024],[75.02343750000006,29.86639404300007],[75.04742431600005,29.885192871000072],[75.07098388700007,29.877197266000053],[75.08978271500007,29.917419434000067],[75.11120605500008,29.90142822300004],[75.11560058600008,29.878784180000025],[75.09259033200004,29.851806641000053],[75.11962890600006,29.830993652000075],[75.10162353500004,29.807189941000047],[75.13781738300008,29.806030273000033],[75.15203857400007,29.775634766000053],[75.16778564500004,29.787841797000056],[75.16003418000008,29.801391602000024],[75.16558837900004,29.825195312000062],[75.19158935500008,29.841186523000033],[75.21160888700007,29.832824707000043],[75.21002197300004,29.793212891000053],[75.24261474600007,29.754821777000075],[75.22741699200003,29.72900390600006],[75.20983886700003,29.73822021500007],[75.19879150400004,29.70343017600004],[75.20782470700004,29.68762207000003],[75.16882324200003,29.66760253900003],[75.18859863300008,29.651794434000067],[75.18341064500004,29.62939453100006],[75.20782470700004,29.622009277000075],[75.23638916000004,29.602233887000068],[75.22778320300006,29.579223633000026],[75.24023437500006,29.55163574200003],[75.27038574200003,29.548828125000057],[75.31042480500008,29.560791016000053],[75.32080078100006,29.587585449000073],[75.29162597700008,29.60699462900004],[75.29681396500007,29.625183105000076],[75.31683349600007,29.630187988000046],[75.32324218700006,29.651794434000067],[75.34204101600005,29.67541503900003],[75.34680175800008,29.696228027000075],[75.37182617200006,29.704589844000054],[75.39440918000008,29.72119140600006],[75.40618896500007,29.758422852000024],[75.45721435500008,29.785400391000053],[75.46258544900007,29.80780029300007],[75.50421142600004,29.77783203100006],[75.56622314500004,29.76678466800007],[75.57324218700006,29.743408203000058],[75.60198974600007,29.74963378900003],[75.61901855500008,29.744384766000053],[75.63562011700003,29.75543212900004],[75.63623046900005,29.772399902000075],[75.67980957000003,29.776000977000024],[75.70562744100005,29.762634277000075],[75.72259521500007,29.813598633000026],[75.75799560500008,29.805236816000047],[75.77960205100004,29.82238769500003],[75.78979492200006,29.811218262000068],[75.83801269500003,29.794433594000054],[75.87121582000003,29.749389648000033],[75.92443847700008,29.73718261700003],[75.98559570300006,29.727233887000068],[75.99639892600004,29.739624023000033],[76.03198242200006,29.74780273400006],[76.04461669900007,29.742797852000024],[76.06860351600005,29.774414062000062],[76.08581543000008,29.784606934000067],[76.08599853500004,29.800842285000044],[76.10620117200006,29.812011719000054],[76.12103271500007,29.801025391000053],[76.14898681600005,29.820007324000073],[76.18603515600006,29.822998047000056],[76.19879150400004,29.84478759800004],[76.24499511700003,29.85260009800004],[76.24700927700007,29.876831055000025],[76.23419189500004,29.883789062000062],[76.18743896500007,29.890991211000028],[76.18939209000007,29.91760253900003],[76.17919921900005,29.942199707000043],[76.20678710900006,29.97418212900004],[76.20300293000008,29.984985352000024],[76.22741699200003,30.058837891000053],[76.25079345700004,30.087036133000026],[76.22979736300005,30.107421875000057],[76.20819091800007,30.144592285000044],[76.22863769500003,30.144592285000044],[76.25439453100006,30.122009277000075],[76.29779052700007,30.114624023000033],[76.31982421900005,30.09741210900006],[76.34222412100007,30.09918212900004],[76.35559082000003,30.117004395000038],[76.40002441400003,30.116027832000043],[76.39221191400003,30.135009766000053],[76.40881347700008,30.14538574200003],[76.38818359400005,30.170837402000075],[76.40759277300003,30.19061279300007],[76.42303466800007,30.192626953000058],[76.44158935500008,30.166381836000028],[76.42962646500007,30.151000977000024],[76.44238281200006,30.131042480000076],[76.46099853500004,30.129638672000056],[76.46362304700006,30.10119628900003],[76.50439453100006,30.09478759800004],[76.51800537100007,30.073242187000062],[76.54742431600005,30.075988770000038],[76.56823730500008,30.10662841800007],[76.60101318400007,30.11340332000003],[76.63940429700006,30.147827148000033],[76.62542724600007,30.166992187000062],[76.60144043000008,30.184020996000072],[76.62298584000007,30.20520019500003],[76.625,30.228027344000054],[76.59179687500006,30.253601074000073],[76.57360839800003,30.23681640600006],[76.55780029300007,30.262634277000075],[76.61499023400006,30.272399902000075],[76.65118408200004,30.290832520000038],[76.69018554700006,30.327636719000054],[76.71221923800005,30.325988770000038],[76.73382568400007,30.348388672000056],[76.71459960900006,30.388183594000054],[76.75,30.429382324000073],[76.77862548800005,30.42498779300007],[76.79162597700008,30.414794922000056],[76.82458496100008,30.411804199000073],[76.84802246100008,30.438232422000056],[76.85864257800006,30.416992187000062],[76.88378906200006,30.40924072300004],[76.91680908200004,30.365417480000076],[76.94061279300007,30.39501953100006],[76.91241455100004,30.419433594000054],[76.88763427700007,30.42980957000003],[76.91381835900006,30.468627930000025],[76.89819335900006,30.481201172000056],[76.93243408200004,30.50103759800004],[76.93322753900003,30.522399902000075],[76.90618896500007,30.543212891000053],[76.91162109400005,30.567626953000058],[76.92840576200007,30.60363769500003],[76.91040039100005,30.627014160000044],[76.88702392600004,30.644226074000073],[76.87243652300003,30.642395020000038],[76.85943603500004,30.660583496000072],[76.82202148400006,30.67498779300007],[76.80841064500004,30.667236328000058],[76.77783203100006,30.670593262000068],[76.75360107400007,30.684814453000058],[76.71539306600005,30.741210937000062],[76.71221923800005,30.761596680000025],[76.74523925800008,30.76983642600004],[76.76239013700007,30.791381836000028],[76.78399658200004,30.789428711000028],[76.79339599600007,30.769592285000044],[76.81622314500004,30.753234863000046],[76.84301757800006,30.77459716800007],[76.85821533200004,30.794982910000044],[76.84661865200007,30.807434082000043],[76.84783935500008,30.834228516000053],[76.83099365200007,30.839233398000033],[76.78558349600007,30.87799072300004],[76.77801513700007,30.90441894500003]]]},"properties":{"OBJECTID":99,"object_id":11,"name":"PUNJAB","state_code":"PUNJAB","region_cod":"NORTH WEST INDIA","subdivisio":"PUNJAB","uorder":14},"id": 26},
{"type":"Feature","geometry":{"type":"MultiPolygon","coordinates":[[[[80.50226824300006,25.041247460000022],[80.49292199300004,25.029804710000064],[80.45435449300004,25.04118871000003],[80.43364399300003,25.026555210000026],[80.48478949300005,24.989472960000057],[80.50673924300008,25.005181960000073],[80.55030449300006,25.00265096000004],[80.54964499300007,25.029730710000024],[80.50226824300006,25.041247460000022]]],[[[80.50226824300006,25.041247460000022],[80.51040224300004,25.05877221000003],[80.49539624300007,25.087681210000028],[80.51762349300003,25.096908710000037],[80.52711449300006,25.077832210000054],[80.55153624300004,25.063590710000028],[80.58679674300004,25.08419721000007],[80.59594099300006,25.105022460000043],[80.60278024300004,25.151132460000042],[80.63046474300006,25.117962460000058],[80.61663024300003,25.094548210000028],[80.64961699300005,25.089122210000028],[80.66188224300004,25.072455710000042],[80.68743174300005,25.077828960000033],[80.68170999300008,25.050199460000044],[80.73536549300007,25.067873210000073],[80.74175499300003,25.05850546000005],[80.78411199300007,25.057785710000076],[80.78417924300004,25.08036996000004],[80.75396924300009,25.095438210000054],[80.72720349300005,25.100035710000043],[80.72551949300004,25.12491521000004],[80.75909224300005,25.137708960000055],[80.79038499300003,25.133112960000062],[80.80612774300005,25.142267210000057],[80.82688399300008,25.126609460000054],[80.84035699300006,25.137473210000053],[80.85016049300003,25.16398496000005],[80.84457749300003,25.188697710000042],[80.87783949300007,25.184699460000047],[80.91384874300007,25.16057046000003],[80.87322849300006,25.119745210000076],[80.88122924300006,25.098694210000076],[80.87246924300007,25.08428846000004],[80.87886499300004,25.06720271000006],[80.84933524300004,25.047422710000035],[80.83730874300005,25.026139210000053],[80.85842524300006,24.999339210000073],[80.82678099300006,24.96983496000007],[80.80693199300003,24.97107471000004],[80.81031324300005,24.940682460000062],[80.82893599300007,24.932831960000044],[80.86474699300004,24.932216710000034],[80.94499374300005,24.968791710000062],[80.96102574300005,24.93577496000006],[81.00817499300007,24.936572210000065],[81.03486349300005,24.95133371000003],[81.08462049300005,24.948663210000063],[81.09768099300004,24.920925710000063],[81.13634274300006,24.890120960000047],[81.14826599300005,24.912927960000047],[81.16051324400007,24.912774210000066],[81.16964824400003,24.954970960000026],[81.21422099400007,24.935751210000035],[81.20995599400004,24.99218196000004],[81.22849524400004,25.00370046000006],[81.25586824400006,25.03793546000003],[81.26989174400006,25.064891960000068],[81.25403049400006,25.101935710000078],[81.26630024400004,25.113235210000028],[81.27702899400003,25.16153096000005],[81.33834024400005,25.16887496000004],[81.35781024400006,25.16375721000003],[81.37482624400008,25.138170960000025],[81.39739974400004,25.120732960000055],[81.43615949400004,25.130101960000047],[81.44694149400004,25.110523710000052],[81.44476374400006,25.092693460000078],[81.49208149400005,25.071534710000037],[81.50299174400004,25.078695210000035],[81.50153574400008,25.107220960000063],[81.48609499400004,25.117628210000078],[81.48583324400005,25.134951960000024],[81.50041649400004,25.14528996000007],[81.52714524400005,25.14837496000007],[81.54097349400007,25.181943210000043],[81.57485149400003,25.19228596000005],[81.59645999400004,25.18035021000003],[81.59021449400007,25.164840210000023],[81.62809349400004,25.152250710000033],[81.60053249400005,25.13299821000004],[81.59942024400004,25.119619210000053],[81.64034899400008,25.099945210000044],[81.60283949400008,25.073607710000033],[81.63026899400006,25.05363521000004],[81.65519449400006,25.071755960000075],[81.68617124400004,25.061427710000032],[81.69025499400004,25.04054621000006],[81.71372224400005,25.03469971000004],[81.72476574400008,25.049753960000032],[81.80000324400004,25.00690471000007],[81.83773549400007,25.016238460000068],[81.85465374400007,25.00404696000004],[81.88187374400007,24.999109710000027],[81.90997174400007,24.979830960000072],[81.91860774400004,24.91757346000003],[81.90675399400004,24.90226571000005],[81.91095924400008,24.88124171000004],[81.93665124400007,24.87019721000007],[81.93498299400005,24.857942210000033],[81.96313224400006,24.83643470900006],[82.01314874400003,24.847910210000066],[82.07344124400004,24.820743709000055],[82.09012799400006,24.819427459000053],[82.12042399400008,24.789631959000076],[82.14047899400003,24.80185945900007],[82.16762699400005,24.789669209000067],[82.18158874400007,24.798371959000065],[82.21695774400007,24.795215959000075],[82.20388149400003,24.761222959000065],[82.23594799500006,24.763054459000045],[82.24656974500004,24.751926209000032],[82.25123624500003,24.69933645900005],[82.23700499500006,24.67218770900007],[82.27766774500003,24.67948620900006],[82.30004999500005,24.662438209000072],[82.30655199500006,24.625716209000075],[82.31753424500005,24.610667959000068],[82.33789724500008,24.62148920900006],[82.36895899500007,24.599779209000076],[82.41729024500006,24.59566070900007],[82.41165099500006,24.633942459000025],[82.41993224500004,24.655611959000055],[82.40976624500007,24.681530209000073],[82.42832274500006,24.70296895900003],[82.49490974500003,24.67330620900003],[82.52657124500007,24.676167959000054],[82.53740599500009,24.649832459000038],[82.58211074500008,24.660895959000072],[82.59577024500004,24.67162520900007],[82.67369049500007,24.697793709000052],[82.70407624500007,24.673709709000036],[82.69981999500004,24.646649959000058],[82.77389924500005,24.639712459000066],[82.77633024500005,24.595678459000055],[82.80446149500006,24.597908709000023],[82.80882999500005,24.550891209000042],[82.75409174500004,24.53969545900003],[82.72417099500007,24.555271209000068],[82.72367324500004,24.51147995900004],[82.74458999500007,24.497984959000064],[82.73178424500009,24.474564959000077],[82.73371249500008,24.42455695900003],[82.72295749500006,24.414460459000054],[82.71512424500008,24.383502209000028],[82.72647474500008,24.36957170900007],[82.76854899500006,24.37142895900007],[82.77245649500009,24.34596920900003],[82.76776499500005,24.317527959000074],[82.77204774500007,24.290912209000055],[82.75850099500008,24.266634209000074],[82.75782349500008,24.234673459000078],[82.73490049500003,24.221792959000027],[82.74401524500007,24.166958709000028],[82.72821199500004,24.137629209000067],[82.69621774500007,24.142834209000057],[82.67872099500005,24.157038709000062],[82.66526899500008,24.133386209000037],[82.67137749500006,24.122529459000077],[82.70919724500004,24.095727709000073],[82.71624024500005,24.079459709000048],[82.73410624500008,24.081272459000047],[82.76273599500007,24.07197970900006],[82.76357349500006,24.042378459000076],[82.74773099500004,24.029830709000066],[82.75367274500007,24.011917959000073],[82.80925874500008,23.99993070900007],[82.81219482400007,23.962402344000054],[82.829502,23.96167],[82.86301,23.938418],[82.868556,23.924238],[82.90706505500003,23.897373987000037],[82.9276,23.892673],[82.956195,23.870306],[82.99787,23.872004],[83.020634,23.878949],[83.05617699500004,23.878779989000066],[83.076977,23.869599],[83.14342,23.884401],[83.156155,23.903525],[83.209865,23.920878],[83.228475,23.976436],[83.244539,24.011076],[83.26558999600007,24.008729008000046],[83.281068,24.017765],[83.284072,24.049227],[83.324741,24.105774],[83.33183,24.101173],[83.35681152300003,24.126403809000067],[83.36358642600004,24.155212402000075],[83.38421630900007,24.194824219000054],[83.38079834000007,24.229797363000046],[83.39959716800007,24.243408203000058],[83.41119384800004,24.265808105000076],[83.40924072300004,24.288391113000046],[83.38879394500003,24.297790527000075],[83.38238525400004,24.313415527000075],[83.41339111300005,24.33941650400004],[83.43560791000004,24.338623047000056],[83.44982910200008,24.370788574000073],[83.43762207000003,24.39819335900006],[83.40698242200006,24.40441894500003],[83.40679931600005,24.435607910000044],[83.38739013700007,24.45660400400004],[83.40319824200003,24.50280761700003],[83.50518798800005,24.52502441400003],[83.5,24.539428711000028],[83.52441406200006,24.547241211000028],[83.53222656200006,24.566833496000072],[83.52459716800007,24.598205566000047],[83.54620361300005,24.62780761700003],[83.52862548800005,24.62921142600004],[83.50244140600006,24.651184082000043],[83.52203369100005,24.676391602000024],[83.50061035200008,24.703002930000025],[83.48699951200007,24.70361328100006],[83.49182128900009,24.733215332000043],[83.46258544900007,24.731018066000047],[83.42999267600004,24.767822266000053],[83.39898681600005,24.778442383000026],[83.40344238300008,24.819030762000068],[83.37902832000003,24.859619141000053],[83.36480712900004,24.908996582000043],[83.36322021500007,24.954589844000054],[83.34539794900007,24.98040771500007],[83.35241699200003,25.008605957000043],[83.32220459000007,25.01678466800007],[83.32641601600005,25.036987305000025],[83.34539794900007,25.050598145000038],[83.34338378900009,25.08123779300007],[83.35241699200003,25.11322021500007],[83.36541748000008,25.110839844000054],[83.36541748000008,25.15319824200003],[83.35339355500008,25.156616211000028],[83.35919189500004,25.199401855000076],[83.37042236300005,25.19561767600004],[83.39801025400004,25.207214355000076],[83.41839599600007,25.25],[83.45361328100006,25.259582520000038],[83.47003173800005,25.252014160000044],[83.47882080100004,25.27142334000007],[83.49938964800003,25.285034180000025],[83.51702880900007,25.284423828000058],[83.54040527300003,25.304016113000046],[83.58264160200008,25.316833496000072],[83.61022949200003,25.33123779300007],[83.63061523400006,25.328186035000044],[83.65478515600006,25.34741210900006],[83.66119384800004,25.364196777000075],[83.69659423800005,25.36999511700003],[83.71862793000008,25.39660644500003],[83.75903320300006,25.403991699000073],[83.79180908200004,25.39642334000007],[83.81042480500008,25.409423828000058],[83.82519531200006,25.43463134800004],[83.81420898400006,25.45080566400003],[83.85821533200004,25.467590332000043],[83.88000488300008,25.498840332000043],[83.87841796900005,25.517639160000044],[83.90661621100008,25.526184082000043],[83.92663574200003,25.554016113000046],[83.95959472700008,25.569824219000054],[84.01959228500004,25.61444091800007],[84.08343505900007,25.635986328000058],[84.08721923800005,25.651611328000058],[84.07702636700003,25.695007324000073],[84.10662841800007,25.72064209000007],[84.15661621100008,25.726989746000072],[84.20098877000004,25.701782227000024],[84.20800781200006,25.669433594000054],[84.22540283200004,25.661987305000025],[84.29620361300005,25.65979003900003],[84.32598877000004,25.669982910000044],[84.33062744100005,25.730834961000028],[84.33880615200007,25.74322509800004],[84.38720703100006,25.74639892600004],[84.40863037100007,25.715209961000028],[84.46423339800003,25.70861816400003],[84.47283935500008,25.68658447300004],[84.49560546900005,25.690185547000056],[84.52239990200007,25.674621582000043],[84.53759765600006,25.690185547000056],[84.56500244100005,25.691589355000076],[84.56243896500007,25.73663330100004],[84.60260009800004,25.73803710900006],[84.62579345700004,25.770629883000026],[84.62701416000004,25.791625977000024],[84.58563232400007,25.82342529300007],[84.55303955100004,25.840393066000047],[84.53259277300003,25.83123779300007],[84.53619384800004,25.875793457000043],[84.51300048800005,25.87103271500007],[84.49304199200003,25.88702392600004],[84.47460937500006,25.881408691000047],[84.43878173800005,25.891235352000024],[84.41400146500007,25.930419922000056],[84.38958740200007,25.937011719000054],[84.35620117200006,25.958435059000067],[84.31402587900004,25.943420410000044],[84.24700927700007,25.975585937000062],[84.24139404300007,25.984802246000072],[84.20861816400009,25.998596191000047],[84.17224121100008,25.987426758000026],[84.17462158200004,26.024230957000043],[84.13922119100005,26.052612305000025],[84.12438964800003,26.075012207000043],[84.09082031200006,26.100036621000072],[84.05798339800003,26.099792480000076],[84.04840087900004,26.132629395000038],[84.02960205100004,26.14221191400003],[84.03582763700007,26.160034180000025],[84.01300048800005,26.173217773000033],[84.01019287100007,26.18762207000003],[84.02844238300008,26.203002930000025],[84.04040527300003,26.236389160000044],[84.06201171900005,26.223205566000047],[84.11962890600006,26.23999023400006],[84.12219238300008,26.257995605000076],[84.14959716800007,26.254821777000075],[84.17822265600006,26.263183594000054],[84.17663574200003,26.29058837900004],[84.18762207000003,26.315185547000056],[84.17498779300007,26.332824707000043],[84.17761230500008,26.37298584000007],[84.12243652300003,26.385009766000053],[84.07043457000003,26.388000488000046],[84.03942871100008,26.413024902000075],[84.02038574200003,26.44702148400006],[83.99920654300007,26.445190430000025],[83.99359130900007,26.432006836000028],[83.94842529300007,26.438415527000075],[83.91284179700006,26.449401855000076],[83.91741943400007,26.502624512000068],[83.90820312500006,26.51220703100006],[83.94219970700004,26.52502441400003],[83.95343017600004,26.508605957000043],[83.97064209000007,26.50701904300007],[83.97900390600006,26.53118896500007],[84.00903320300006,26.525207520000038],[84.04998779300007,26.53601074200003],[84.06799316400009,26.576416016000053],[84.08520507800006,26.592041016000053],[84.09204101600005,26.63842773400006],[84.11059570300006,26.63238525400004],[84.16101074200003,26.635986328000058],[84.17083740200007,26.62261962900004],[84.20501709000007,26.62420654300007],[84.24139404300007,26.609985352000024],[84.28680419900007,26.59918212900004],[84.35662841800007,26.61962890600006],[84.42181396500007,26.625793457000043],[84.41198730500008,26.64660644500003],[84.41284179700006,26.669799805000025],[84.33239746100008,26.683593750000057],[84.32818603500004,26.713989258000026],[84.30822753900009,26.74920654300007],[84.28784179700006,26.74963378900003],[84.25122070300006,26.729431152000075],[84.23480224600007,26.753417969000054],[84.25061035200008,26.770629883000026],[84.26239013700007,26.80621337900004],[84.25604248000008,26.825195312000062],[84.25683593700006,26.855834961000028],[84.22143554700006,26.87139892600004],[84.19219970700004,26.858215332000043],[84.18402099600007,26.83319091800007],[84.15039062500006,26.843017578000058],[84.14923095700004,26.871826172000056],[84.13159179700006,26.893005371000072],[84.08178710900006,26.877624512000068],[84.05523681600005,26.909423828000058],[84.05621337900004,26.929016113000046],[84.03662109400005,26.93798828100006],[84.05499267600004,26.95483398400006],[84.05902099600007,26.989013672000056],[84.04803466800007,27.004821777000075],[84.05181884800004,27.04260253900003],[84.00781250000006,27.059997559000067],[84.03100585900006,27.087036133000026],[84.01861572300004,27.10522460900006],[83.96643066400009,27.083801270000038],[83.94879150400004,27.090026855000076],[83.94958496100008,27.11163330100004],[83.98162841800007,27.165405273000033],[83.99542236300005,27.17303466800007],[83.98919677700007,27.19738769500003],[83.96063232400007,27.233215332000043],[83.91400146500007,27.245788574000073],[83.90679931600005,27.272216797000056],[83.93139648400006,27.291381836000028],[83.92718505900007,27.32202148400006],[83.90643310500008,27.326416016000053],[83.87359619100005,27.307006836000028],[83.85363769500003,27.317199707000043],[83.86560058600008,27.343811035000044],[83.83282470700004,27.36962890600006],[83.61700439500004,27.468994141000053],[83.52899169900007,27.473632812000062],[83.39440918000008,27.47741699200003],[83.40179443400007,27.449218750000057],[83.38702392600004,27.435791016000053],[83.41180419900007,27.41241455100004],[83.38739013700007,27.38983154300007],[83.39019775400004,27.375427246000072],[83.37658691400009,27.35900878900003],[83.34039306600005,27.333435059000067],[83.29663085900006,27.33502197300004],[83.26782226600005,27.365783691000047],[83.27441406200006,27.383239746000072],[83.21380615200007,27.422424316000047],[83.19061279300007,27.45343017600004],[83.16882324200003,27.457214355000076],[83.03784179700006,27.448608398000033],[82.97082519500003,27.463439941000047],[82.94659423800005,27.476440430000025],[82.93200683600008,27.500610352000024],[82.80401611300005,27.49621582000003],[82.73699951200007,27.50244140600006],[82.75122070300006,27.522827148000033],[82.73980712900004,27.546386719000054],[82.75579834000007,27.584594727000024],[82.73779296900005,27.608398437000062],[82.74182128900009,27.623840332000043],[82.71618652300003,27.674438477000024],[82.72021484400005,27.690185547000056],[82.69738769500003,27.717590332000043],[82.66821289100005,27.715637207000043],[82.62078857400007,27.70202636700003],[82.60699462900004,27.705627441000047],[82.54278564500004,27.685607910000044],[82.51861572300004,27.69104003900003],[82.47540283200004,27.677001953000058],[82.45123291000004,27.679382324000073],[82.40441894500003,27.703796387000068],[82.36962890600006,27.74322509800004],[82.30560302700007,27.773437500000057],[82.25439453100006,27.81103515600006],[82.23101806600005,27.822631836000028],[82.20898437500006,27.84338378900003],[82.15502929700006,27.86639404300007],[82.12280273400006,27.865600586000028],[82.09301757800006,27.893798828000058],[82.07183837900004,27.923217773000033],[81.96978759800004,27.92858886700003],[81.92779541000004,27.876220703000058],[81.92718505900007,27.859802246000072],[81.90100097700008,27.853393555000025],[81.82263183600008,27.90319824200003],[81.80639648400006,27.903625488000046],[81.70062255900007,27.987609863000046],[81.64538574200003,27.99304199200003],[81.54638671900005,28.05041503900003],[81.47979736300005,28.082397461000028],[81.48559570300006,28.118591309000067],[81.45178222700008,28.140441895000038],[81.44519043000008,28.16223144500003],[81.41760253900003,28.174194336000028],[81.39239502000004,28.17340087900004],[81.375,28.16223144500003],[81.36560058600008,28.141235352000024],[81.32238769500003,28.133789062000062],[81.31378173800005,28.155639648000033],[81.32299804700006,28.168395996000072],[81.32238769500003,28.19702148400006],[81.29278564500004,28.22259521500007],[81.23461914100005,28.28881835900006],[81.23583984400005,28.325195312000062],[81.21240234400005,28.360595703000058],[81.11822509800004,28.377197266000053],[81.08203125000006,28.38879394500003],[81.05963134800004,28.41381835900006],[80.99963378900003,28.45202636700003],[80.98040771500007,28.433837891000053],[80.94580078100006,28.454589844000054],[80.90679931600005,28.466186523000033],[80.91021728500004,28.49780273400006],[80.87719726600005,28.51080322300004],[80.85723877000004,28.497436523000033],[80.81719970700004,28.520629883000026],[80.78601074200003,28.52923584000007],[80.77099609400005,28.54998779300007],[80.77038574200003,28.565795898000033],[80.73999023400006,28.575012207000043],[80.71618652300003,28.568603516000053],[80.67883300800008,28.604187012000068],[80.68121337900004,28.62103271500007],[80.66900634800004,28.642395020000038],[80.65319824200003,28.634216309000067],[80.61279296900005,28.63861084000007],[80.60803222700008,28.651794434000067],[80.58160400400004,28.660583496000072],[80.59222412100007,28.67980957000003],[80.55718994100005,28.691223145000038],[80.54138183600008,28.690185547000056],[80.50518798800005,28.664428711000028],[80.52539062500006,28.555786133000026],[80.46820068400007,28.599792480000076],[80.45599365200007,28.623596191000047],[80.41699218700006,28.639404297000056],[80.37860107400007,28.628784180000025],[80.32720947300004,28.666381836000028],[80.31878662100007,28.632812500000057],[80.34503173800005,28.631408691000047],[80.37042236300005,28.603210449000073],[80.39123535200008,28.608215332000043],[80.43218994100005,28.530212402000075],[80.45159912100007,28.51483154300007],[80.43218994100005,28.48944091800007],[80.40319824200003,28.485595703000058],[80.39178466800007,28.46960449200003],[80.33642578100006,28.49182128900003],[80.31060791000004,28.463989258000026],[80.35900878900003,28.41400146500007],[80.38018798800005,28.343200684000067],[80.36041259800004,28.328796387000068],[80.32360839800003,28.28479003900003],[80.31243896500007,28.27783203100006],[80.31121826200007,28.231201172000056],[80.29840087900004,28.218994141000053],[80.30242919900007,28.195007324000073],[80.29779052700007,28.161804199000073],[80.24780273400006,28.160034180000025],[80.23980712900004,28.144409180000025],[80.24261474600007,28.10363769500003],[80.25561523400006,28.090026855000076],[80.23944091800007,28.05963134800004],[80.22479248000008,28.065185547000056],[80.17840576200007,28.025390625000057],[80.16259765600006,28.023620605000076],[80.12438964800003,27.99920654300007],[80.11419677700007,27.970031738000046],[80.09539794900007,27.959228516000053],[80.09478759800004,27.935241699000073],[80.08020019500003,27.92822265600006],[80.05523681600005,27.938598633000026],[80.03460693400007,27.922607422000056],[80.03759765600006,27.894592285000044],[80.05523681600005,27.873229980000076],[80.05798339800003,27.84759521500007],[80.03619384800004,27.835998535000044],[80.05261230500008,27.805786133000026],[80.06140136700003,27.75561523400006],[80.01239013700007,27.732788086000028],[79.96221923800005,27.73059082000003],[79.94921875000006,27.713439941000047],[79.93243408200004,27.71282959000007],[79.90838623000008,27.693603516000053],[79.89080810500008,27.704040527000075],[79.87658691400003,27.69439697300004],[79.88458252000004,27.67199707000003],[79.86804199200003,27.66760253900003],[79.86401367200006,27.648803711000028],[79.80822753900003,27.658386230000076],[79.78503418000008,27.684020996000072],[79.76861572300004,27.711608887000068],[79.75439453100006,27.721984863000046],[79.73321533200004,27.71282959000007],[79.73260498000008,27.674438477000024],[79.70739746100008,27.666809082000043],[79.69281005900007,27.652404785000044],[79.68603515600006,27.625],[79.69799804700006,27.601989746000072],[79.71520996100008,27.588623047000056],[79.71820068400007,27.570190430000025],[79.70599365200007,27.552001953000058],[79.73382568400007,27.53619384800004],[79.72943115200007,27.498413086000028],[79.73400878900003,27.48822021500007],[79.71002197300004,27.467407227000024],[79.69622802700007,27.47064209000007],[79.70300293000008,27.497009277000075],[79.66699218700006,27.497436523000033],[79.65722656200006,27.558837891000053],[79.64300537100007,27.579223633000026],[79.66119384800004,27.613830566000047],[79.62762451200007,27.63702392600004],[79.58758544900007,27.592224121000072],[79.55383300800008,27.59918212900004],[79.53521728500004,27.592041016000053],[79.51898193400007,27.601806641000053],[79.50482177700007,27.588989258000026],[79.47619628900003,27.598999023000033],[79.48419189500004,27.61181640600006],[79.46783447300004,27.632629395000038],[79.44561767600004,27.642395020000038],[79.42639160200008,27.627014160000044],[79.39398193400007,27.64642334000007],[79.37603759800004,27.641418457000043],[79.34838867200006,27.649841309000067],[79.34741210900006,27.66101074200003],[79.31060791000004,27.670837402000075],[79.29418945300006,27.685607910000044],[79.25762939500004,27.687194824000073],[79.23663330100004,27.708435059000067],[79.22064209000007,27.70080566400003],[79.18280029300007,27.715209961000028],[79.14923095700004,27.701782227000024],[79.12200927700007,27.684387207000043],[79.13684082000003,27.667785645000038],[79.13458252000004,27.629821777000075],[79.18438720700004,27.610595703000058],[79.18121337900004,27.579040527000075],[79.21722412100007,27.578796387000068],[79.23181152300003,27.555603027000075],[79.22198486300005,27.53619384800004],[79.25299072300004,27.517639160000044],[79.27484130900007,27.514587402000075],[79.27124023400006,27.492187500000057],[79.25061035200008,27.482421875000057],[79.26141357400007,27.428833008000026],[79.24658203100006,27.414794922000056],[79.25701904300007,27.393188477000024],[79.25579834000007,27.370605469000054],[79.27880859400005,27.350402832000043],[79.26019287100007,27.33038330100004],[79.26959228500004,27.303833008000026],[79.28918457000003,27.286987305000025],[79.31579589800003,27.28479003900003],[79.32598877000004,27.265441895000038],[79.31622314500004,27.24462890600006],[79.33843994100005,27.232421875000057],[79.33721923800005,27.215393066000047],[79.37280273400006,27.20623779300007],[79.39984130900007,27.190795898000033],[79.39123535200008,27.15618896500007],[79.41400146500007,27.140991211000028],[79.39562988300008,27.122009277000075],[79.39801025400004,27.09478759800004],[79.43841552700007,27.09423828100006],[79.42199707000003,27.058593750000057],[79.40258789100005,27.055419922000056],[79.40362548800005,27.038208008000026],[79.38220214800003,27.003784180000025],[79.38299560500008,26.987792969000054],[79.35638427700007,26.96478271500007],[79.32458496100008,26.958984375000057],[79.31842041000004,26.943603516000053],[79.34118652300003,26.932189941000047],[79.35998535200008,26.94720459000007],[79.39178466800007,26.930786133000026],[79.42639160200008,26.93603515600006],[79.44921875000006,26.930419922000056],[79.46038818400007,26.902587891000053],[79.48962402300003,26.89178466800007],[79.51440429700006,26.874816895000038],[79.53918457000003,26.875610352000024],[79.56121826200007,26.859802246000072],[79.60144043000008,26.892395020000038],[79.62518310500008,26.884582520000038],[79.64941406200006,26.894592285000044],[79.66699218700006,26.88684082000003],[79.66339111300005,26.867614746000072],[79.70721435500008,26.837036133000026],[79.70263671900005,26.823242187000062],[79.72723388700007,26.803833008000026],[79.74121093700006,26.81262207000003],[79.75842285200008,26.78240966800007],[79.74603271500007,26.764404297000056],[79.72442627000004,26.75158691400003],[79.67559814500004,26.73858642600004],[79.69519043000008,26.727783203000058],[79.72180175800008,26.688232422000056],[79.72021484400005,26.664794922000056],[79.70843505900007,26.64343261700003],[79.66259765600006,26.61499023400006],[79.64141845700004,26.606811523000033],[79.63403320300006,26.591796875000057],[79.64739990200007,26.571228027000075],[79.63641357400007,26.541015625000057],[79.63903808600008,26.52038574200003],[79.61163330100004,26.503784180000025],[79.60144043000008,26.470031738000046],[79.57739257800006,26.44702148400006],[79.57843017600004,26.43322753900003],[79.55541992200006,26.40441894500003],[79.50738525400004,26.364013672000056],[79.52539062500006,26.342590332000043],[79.55383300800008,26.36163330100004],[79.56604003900003,26.340026855000076],[79.52722168000008,26.31439209000007],[79.53021240200007,26.29541015600006],[79.55541992200006,26.268798828000058],[79.60363769500003,26.25103759800004],[79.64318847700008,26.249389648000033],[79.65399169900007,26.234619141000053],[79.64538574200003,26.21923828100006],[79.71539306600005,26.185791016000053],[79.76342773400006,26.183593750000057],[79.74719238300008,26.134582520000038],[79.79223632800006,26.107421875000057],[79.84204101600005,26.101989746000072],[79.86138916000004,26.11499023400006],[79.89178466800007,26.096801758000026],[79.92401123000008,26.093627930000025],[79.94122314500004,26.160400391000053],[79.96661377000004,26.15002441400003],[79.96740722700008,26.13079834000007],[79.95678710900006,26.093811035000044],[79.96258544900007,26.072814941000047],[79.99243164100005,26.065185547000056],[80.04663085900006,26.07238769500003],[80.09320068400007,26.06280517600004],[80.11138916000004,26.051391602000024],[80.10778808600008,26.028625488000046],[80.08740234400005,26.009033203000058],[80.08679199200003,25.996826172000056],[80.12042236300005,25.985839844000054],[80.15539550800008,25.960205078000058],[80.19561767600004,25.945190430000025],[80.20703125000006,25.92498779300007],[80.22180175800008,25.919433594000054],[80.26300048800005,25.933593750000057],[80.28338623000008,25.92022705100004],[80.29779052700007,25.895812988000046],[80.31243896500007,25.888183594000054],[80.34741210900006,25.899841309000067],[80.35003662100007,25.86639404300007],[80.33020019500003,25.84338378900003],[80.29919433600008,25.84619140600006],[80.29840087900004,25.822998047000056],[80.27783203100006,25.82043457000003],[80.26098632800006,25.807189941000047],[80.27239990200007,25.77142334000007],[80.30578613300008,25.762634277000075],[80.32781982400007,25.74304199200003],[80.32519531200006,25.712036133000026],[80.30700683600008,25.69683837900004],[80.30718994100005,25.67962646500007],[80.32159423800005,25.65441894500003],[80.30358886700003,25.63238525400004],[80.28100585900006,25.583801270000038],[80.25543212900004,25.590026855000076],[80.24279785200008,25.566406250000057],[80.22222900400004,25.557983398000033],[80.20959472700008,25.528991699000073],[80.22601318400007,25.52642822300004],[80.22283935500008,25.494201660000044],[80.19598388700007,25.46600341800007],[80.19464111300005,25.443237305000025],[80.14538574200003,25.459228516000053],[80.12744140600006,25.417419434000067],[80.13458252000004,25.397827148000033],[80.12042236300005,25.362792969000054],[80.10558946700007,25.346076251000056],[80.13520549300006,25.336076460000072],[80.16735499300006,25.373088710000047],[80.19608799300005,25.37911371000007],[80.19705249300006,25.401870210000027],[80.25342549300007,25.400361710000027],[80.26412824300007,25.424166710000065],[80.28198724300006,25.420508710000036],[80.31729349300008,25.387362710000048],[80.32148999300006,25.367792460000032],[80.31085349300008,25.35382321000003],[80.31996399300004,25.329776210000034],[80.31084149300005,25.292552210000053],[80.32019074300007,25.277759460000027],[80.34915199300008,25.27422221000006],[80.36588449300007,25.246791710000025],[80.38619849300005,25.23319721000007],[80.40723449300003,25.23866171000003],[80.40982574300006,25.216659210000046],[80.43182249300008,25.169905460000052],[80.42360424300006,25.161058710000077],[80.39487524300006,25.158635210000057],[80.35670049300006,25.136443710000037],[80.35560399300005,25.125772210000036],[80.33088999300008,25.10240796000005],[80.31281474300005,25.071288460000062],[80.28995049300005,25.058994960000064],[80.27489874300005,25.026035210000032],[80.32208499300003,24.999356960000057],[80.33391149300007,24.998968210000044],[80.37582849300009,25.021281960000067],[80.38728749300003,25.05179221000003],[80.40218699300004,25.067855460000033],[80.43079174300004,25.06717296000005],[80.44878599300006,25.077922710000053],[80.46806074300008,25.065575710000076],[80.47824199300004,25.040589460000035],[80.50226824300006,25.041247460000022]]]]},"properties":{"OBJECTID":152,"object_id":9,"name":"EAST UTTAR PRADESH","state_code":"UTTAR PRADESH","region_cod":"NORTH WEST INDIA","subdivisio":"EAST UTTAR PRADESH","uorder":10},"id": 10},
{"type":"Feature","geometry":{"type":"Polygon","coordinates":[[[89.85461425800008,26.69683837900004],[89.80218505900007,26.708007812000062],[89.76660156200006,26.69842529300007],[89.74639892600004,26.732238770000038],[89.71783447300004,26.71978759800004],[89.69378662100007,26.733398437000062],[89.67083740200007,26.736206055000025],[89.65582275400004,26.717407227000024],[89.61138916000004,26.726989746000072],[89.63922119100005,26.750183105000076],[89.64282226600005,26.776794434000067],[89.56079101600005,26.79699707000003],[89.54138183600008,26.80780029300007],[89.50482177700007,26.810241699000073],[89.48999023400006,26.798828125000057],[89.45721435500008,26.797607422000056],[89.43139648400006,26.83483886700003],[89.41638183600008,26.83001709000007],[89.38500976600005,26.835998535000044],[89.37243652300003,26.85699462900004],[89.32763671900005,26.837036133000026],[89.31860351600005,26.843200684000067],[89.27301025400004,26.82202148400006],[89.25878906200006,26.807434082000043],[89.22778320300006,26.813232422000056],[89.19018554700006,26.80639648400006],[89.17462158200004,26.81420898400006],[89.13159179700006,26.80621337900004],[89.09661865200007,26.838989258000026],[89.10083007800006,26.857788086000028],[89.08782959000007,26.868408203000058],[89.09222412100007,26.889038086000028],[89.05780029300007,26.902587891000053],[89.02484130900007,26.922424316000047],[89.02062988300008,26.93658447300004],[88.97821044900007,26.91241455100004],[88.94403076200007,26.930603027000075],[88.95098877000004,26.966613770000038],[88.91998291000004,26.99780273400006],[88.89880371100008,26.968811035000044],[88.87359619100005,26.963623047000056],[88.86962890600006,26.992797852000024],[88.87823486300005,27.064636230000076],[88.86663818400007,27.109985352000024],[88.84881591800007,27.108032227000024],[88.81201171900005,27.125610352000024],[88.80218505900007,27.13861084000007],[88.78100585900006,27.134216309000067],[88.76678466800007,27.15478515600006],[88.76544189500004,27.17181396500007],[88.79180908200004,27.181823730000076],[88.80780029300007,27.220397949000073],[88.80822753900009,27.247436523000033],[88.84240722700008,27.263000488000046],[88.88641357400007,27.265991211000028],[88.91442871100008,27.283386230000076],[88.91662597700008,27.305786133000026],[88.92962646500007,27.326232910000044],[88.89703369100005,27.33624267600004],[88.88641357400007,27.364196777000075],[88.86383056600005,27.386596680000025],[88.84564209000007,27.378601074000073],[88.81658935500008,27.405029297000056],[88.80218505900007,27.44683837900004],[88.79083252000004,27.45538330100004],[88.79083252000004,27.49621582000003],[88.79620361300005,27.528442383000026],[88.78259277300003,27.53741455100004],[88.77581787100007,27.567626953000058],[88.81323242200006,27.603027344000054],[88.81762695300006,27.64178466800007],[88.84002685500008,27.650207520000038],[88.85443115200007,27.668640137000068],[88.85339355500008,27.700195312000062],[88.87023925800008,27.738830566000047],[88.86022949200003,27.77819824200003],[88.86340332000003,27.817810059000067],[88.88903808600008,27.838806152000075],[88.88940429700006,27.892395020000038],[88.86718750000006,27.92498779300007],[88.84442138700007,27.931823730000076],[88.84918212900004,27.990783691000047],[88.83740234400005,28.015014648000033],[88.81402587900004,28.026000977000024],[88.79058837900004,28.050598145000038],[88.75958252000004,28.072998047000056],[88.69439697300004,28.078796387000068],[88.67541503900009,28.07379150400004],[88.64624023400006,28.104187012000068],[88.63000488300008,28.13079834000007],[88.61621093700006,28.127197266000053],[88.625,28.103393555000025],[88.58343505900007,28.085388184000067],[88.56298828100006,28.084594727000024],[88.56079101600005,28.065185547000056],[88.54199218700006,28.03619384800004],[88.50982666000004,28.04858398400006],[88.49041748000008,28.044799805000025],[88.47021484400005,28.019592285000044],[88.43524169900007,28.007812500000057],[88.39843750000006,27.97760009800004],[88.35382080100004,27.989196777000075],[88.31341552700007,27.96960449200003],[88.28900146500007,27.967407227000024],[88.25262451200007,27.947998047000056],[88.24139404300007,27.965393066000047],[88.21221923800005,27.966186523000033],[88.20343017600004,27.94580078100006],[88.18218994100005,27.94421386700003],[88.14782714800003,27.96301269500003],[88.12261962900004,27.911804199000073],[88.13500976600005,27.894592285000044],[88.13403320300006,27.87298584000007],[88.17901611300005,27.866027832000043],[88.20239257800006,27.850402832000043],[88.19781494100005,27.834228516000053],[88.17742919900007,27.82061767600004],[88.19879150400004,27.788208008000026],[88.18078613300008,27.749389648000033],[88.16040039100005,27.735595703000058],[88.15203857400007,27.704040527000075],[88.15100097700008,27.668640137000068],[88.13159179700006,27.65319824200003],[88.11639404300007,27.614013672000056],[88.08599853500004,27.590026855000076],[88.08361816400009,27.56158447300004],[88.06719970700004,27.549194336000028],[88.07019043000008,27.533996582000043],[88.04742431600005,27.493408203000058],[88.05358886700003,27.467590332000043],[88.06878662100007,27.45080566400003],[88.07080078100006,27.425598145000038],[88.04901123000008,27.406982422000056],[88.04559326200007,27.367431641000053],[88.06140136700003,27.353393555000025],[88.06243896500007,27.329040527000075],[88.04882812500006,27.311828613000046],[88.03259277300003,27.268798828000058],[88.03320312500006,27.24761962900004],[88.01763916000004,27.221435547000056],[88.01159668000008,27.140808105000076],[87.99743652300003,27.131225586000028],[87.99438476600005,27.108032227000024],[88.00982666000004,27.10119628900003],[88.04241943400007,27.035034180000025],[88.08239746100008,27.033996582000043],[88.09283447300004,27.006591797000056],[88.13519287100007,26.98162841800007],[88.12359619100005,26.950195312000062],[88.14642334000007,26.920837402000075],[88.14099121100008,26.897033691000047],[88.17419433600008,26.86639404300007],[88.16900634800004,26.849609375000057],[88.18981933600008,26.770996094000054],[88.18402099600007,26.71960449200003],[88.16961669900007,26.699035645000038],[88.16540527300003,26.645996094000054],[88.13378906200006,26.601989746000072],[88.13342285200008,26.575012207000043],[88.10803222700008,26.550598145000038],[88.13763427700007,26.52319335900006],[88.16918945300006,26.535217285000044],[88.19183349600007,26.559204102000024],[88.22302246100008,26.556030273000033],[88.23803710900006,26.544433594000054],[88.18499755900007,26.507995605000076],[88.20098877000004,26.484436035000044],[88.22839355500008,26.479614258000026],[88.25323486300005,26.432983398000033],[88.26702880900007,26.423217773000033],[88.23681640600006,26.392395020000038],[88.24822998000008,26.375183105000076],[88.28021240200007,26.378417969000054],[88.29003906200006,26.357604980000076],[88.28320312500006,26.326232910000044],[88.25579834000007,26.333984375000057],[88.25219726600005,26.314636230000076],[88.23339843700006,26.30041503900003],[88.23040771500007,26.284423828000058],[88.17919921900005,26.253601074000073],[88.14703369100005,26.248229980000076],[88.14459228500004,26.226013184000067],[88.12542724600007,26.226013184000067],[88.07580566400009,26.174804687000062],[88.03741455100004,26.178833008000026],[88.01678466800007,26.150634766000053],[87.98242187500006,26.139587402000075],[87.97918701200007,26.117614746000072],[87.98699951200007,26.101440430000025],[87.98498535200008,26.07238769500003],[87.96240234400005,26.075439453000058],[87.93762207000003,26.063781738000046],[87.93359375000006,26.08178710900006],[87.90899658200004,26.074035645000038],[87.88220214800003,26.03900146500007],[87.85919189500004,26.023437500000057],[87.84820556600005,25.981811523000033],[87.85058593700006,25.96923828100006],[87.83721923800005,25.94580078100006],[87.81341552700007,25.927612305000025],[87.83203125000006,25.87139892600004],[87.89501953100006,25.865417480000076],[87.91619873000008,25.851440430000025],[87.89202880900007,25.83020019500003],[87.90881347700008,25.820007324000073],[87.91119384800004,25.773986816000047],[87.94763183600008,25.769409180000025],[87.95404052700007,25.74639892600004],[87.98638916000004,25.720397949000073],[88.05139160200008,25.702392578000058],[88.05780029300007,25.69104003900003],[88.03784179700006,25.625183105000076],[88.04638671900005,25.609985352000024],[88.02423095700004,25.59564209000007],[88.03399658200004,25.55358886700003],[88.05480957000003,25.548828125000057],[88.07403564500004,25.515441895000038],[88.07598877000004,25.484436035000044],[88.03363037100007,25.48999023400006],[88.01959228500004,25.511230469000054],[87.99658203100006,25.51379394500003],[87.96881103500004,25.535827637000068],[87.91802978500004,25.533203125000057],[87.90539550800008,25.50439453100006],[87.88800048800005,25.508789062000062],[87.86859130900007,25.49639892600004],[87.87103271500007,25.467590332000043],[87.84179687500006,25.467590332000043],[87.82659912100007,25.43603515600006],[87.78961181600005,25.44879150400004],[87.76940918000008,25.409606934000067],[87.76678466800007,25.38562011700003],[87.79199218700006,25.376403809000067],[87.78680419900007,25.33959960900006],[87.81103515600006,25.32720947300004],[87.85504150400004,25.294799805000025],[87.84783935500008,25.263000488000046],[87.82098388700007,25.24139404300007],[87.79119873000008,25.257995605000076],[87.76544189500004,25.26519775400004],[87.71398925800008,25.257202148000033],[87.77722168000008,25.251220703000058],[87.77539062500006,25.20520019500003],[87.78399658200004,25.179382324000073],[87.78179931600005,25.14343261700003],[87.80401611300005,25.11480712900004],[87.79724121100008,25.089233398000033],[87.83782959000007,25.058410645000038],[87.87921142600004,25.033813477000024],[87.91339111300005,25.001220703000058],[87.94219970700004,24.991027832000043],[87.96063232400007,24.969421387000068],[87.96380615200007,24.922241211000028],[87.95581054700006,24.908630371000072],[87.91778564500004,24.88238525400004],[87.89984130900007,24.859985352000024],[87.90942382800006,24.83801269500003],[87.96539306600005,24.752014160000044],[88.02703857400007,24.68762207000003],[88.06378173800005,24.72064209000007],[88.06738281200006,24.750183105000076],[88.09063720700004,24.782592773000033],[88.10742187500006,24.77941894500003],[88.11383056600005,24.813781738000046],[88.13659668000008,24.828186035000044],[88.14703369100005,24.843994141000053],[88.16601562500006,24.850036621000072],[88.16558837900004,24.876831055000025],[88.14160156200006,24.916625977000024],[88.17303466800007,24.949584961000028],[88.22479248000008,24.959594727000024],[88.25219726600005,24.935241699000073],[88.27020263700007,24.88842773400006],[88.29943847700008,24.88842773400006],[88.32940673800005,24.870788574000073],[88.34838867200006,24.893981934000067],[88.32958984400005,24.90478515600006],[88.34259033200004,24.940185547000056],[88.36242675800008,24.948608398000033],[88.38299560500008,24.93920898400006],[88.40362548800005,24.950195312000062],[88.39721679700006,24.969421387000068],[88.42523193400007,25.006591797000056],[88.43823242200006,25.006591797000056],[88.44702148400006,25.030029297000056],[88.43939209000007,25.055603027000075],[88.45019531200006,25.082641602000024],[88.44500732400007,25.11499023400006],[88.46282959000007,25.139587402000075],[88.46203613300008,25.15924072300004],[88.44421386700003,25.17358398400006],[88.44580078100006,25.19738769500003],[88.47241210900006,25.197814941000047],[88.47662353500004,25.208801270000038],[88.56201171900005,25.19061279300007],[88.58099365200007,25.176391602000024],[88.62182617200006,25.204589844000054],[88.64642334000007,25.205810547000056],[88.67419433600008,25.197998047000056],[88.68280029300007,25.208007812000062],[88.71820068400007,25.205810547000056],[88.76159668000008,25.184814453000058],[88.80902099600007,25.169189453000058],[88.84082031200006,25.209411621000072],[88.86804199200003,25.19879150400004],[88.87902832000003,25.177795410000044],[88.93823242200006,25.17980957000003],[88.93981933600008,25.208984375000057],[88.96124267600004,25.212036133000026],[88.95343017600004,25.243591309000067],[88.95880127000004,25.253417969000054],[89.00781250000006,25.267639160000044],[89.01159668000008,25.29382324200003],[88.94720459000007,25.299804687000062],[88.91839599600007,25.310607910000044],[88.90881347700008,25.33624267600004],[88.86920166000004,25.341186523000033],[88.87121582000003,25.351440430000025],[88.84283447300004,25.36303710900006],[88.83959960900006,25.401184082000043],[88.82299804700006,25.41418457000003],[88.83679199200003,25.426391602000024],[88.84063720700004,25.453002930000025],[88.83502197300004,25.484191895000038],[88.81604003900009,25.48718261700003],[88.80200195300006,25.523620605000076],[88.77221679700006,25.498840332000043],[88.74523925800008,25.50421142600004],[88.71038818400007,25.499389648000033],[88.71258544900007,25.48022460900006],[88.69061279300007,25.475219727000024],[88.64898681600005,25.477233887000068],[88.64520263700007,25.49920654300007],[88.625,25.496826172000056],[88.61138916000004,25.515991211000028],[88.57983398400006,25.50738525400004],[88.55578613300008,25.515808105000076],[88.53479003900009,25.541809082000043],[88.51361084000007,25.544616699000073],[88.49658203100006,25.557617187000062],[88.50201416000004,25.583435059000067],[88.47100830100004,25.582397461000028],[88.44879150400004,25.614624023000033],[88.45843505900007,25.626220703000058],[88.45764160200008,25.662841797000056],[88.40502929700006,25.671386719000054],[88.37744140600006,25.71142578100006],[88.34698486300005,25.728393555000025],[88.26922607400007,25.78283691400003],[88.27203369100005,25.80780029300007],[88.24261474600007,25.809997559000067],[88.21502685500008,25.797790527000075],[88.19580078100006,25.802001953000058],[88.15478515600006,25.775817871000072],[88.14044189500004,25.797607422000056],[88.10461425800008,25.827392578000058],[88.11541748000008,25.854797363000046],[88.09619140600006,25.873413086000028],[88.09478759800004,25.928833008000026],[88.11218261700003,25.932189941000047],[88.125,25.963623047000056],[88.13140869100005,25.99603271500007],[88.15222168000008,26.01861572300004],[88.17999267600004,26.02124023400006],[88.17102050800008,26.044189453000058],[88.18780517600004,26.063781738000046],[88.16082763700007,26.09423828100006],[88.17620849600007,26.11218261700003],[88.17980957000003,26.147399902000075],[88.23303222700008,26.172424316000047],[88.24981689500004,26.19061279300007],[88.27703857400007,26.18743896500007],[88.28759765600006,26.199401855000076],[88.32159423800005,26.203186035000044],[88.35382080100004,26.221801758000026],[88.36022949200003,26.244018555000025],[88.35003662100007,26.252197266000053],[88.35119628900009,26.281799316000047],[88.38659668000008,26.313598633000026],[88.40478515600006,26.317382812000062],[88.41418457000003,26.337402344000054],[88.43762207000003,26.335388184000067],[88.44659423800005,26.360839844000054],[88.48999023400006,26.34918212900004],[88.51818847700008,26.351806641000053],[88.51739502000004,26.38684082000003],[88.49658203100006,26.418395996000072],[88.49841308600008,26.437194824000073],[88.48620605500008,26.457031250000057],[88.46343994100005,26.46643066400003],[88.41723632800006,26.469421387000068],[88.40679931600005,26.48059082000003],[88.36560058600008,26.486389160000044],[88.35339355500008,26.454589844000054],[88.33599853500004,26.497009277000075],[88.35198974600007,26.51202392600004],[88.35900878900009,26.54400634800004],[88.39099121100008,26.61358642600004],[88.41223144500003,26.631042480000076],[88.42382812500006,26.56280517600004],[88.43640136700003,26.541809082000043],[88.45721435500008,26.532592773000033],[88.47802734400005,26.541381836000028],[88.49139404300007,26.508605957000043],[88.52301025400004,26.507995605000076],[88.52484130900007,26.48522949200003],[88.55578613300008,26.47418212900004],[88.56701660200008,26.45501709000007],[88.59863281200006,26.451232910000044],[88.59942627000004,26.46923828100006],[88.62341308600008,26.468811035000044],[88.63299560500008,26.427429199000073],[88.65600585900006,26.411987305000025],[88.68658447300004,26.40283203100006],[88.69323730500008,26.35400390600006],[88.71459960900006,26.340820312000062],[88.74542236300005,26.346984863000046],[88.74719238300008,26.320007324000073],[88.72143554700006,26.31140136700003],[88.67541503900009,26.313598633000026],[88.66802978500004,26.267639160000044],[88.69299316400009,26.270812988000046],[88.74060058600008,26.28759765600006],[88.74700927700007,26.30639648400006],[88.76623535200008,26.298828125000057],[88.79858398400006,26.30780029300007],[88.81579589800003,26.29681396500007],[88.81561279300007,26.255187988000046],[88.83038330100004,26.239624023000033],[88.87384033200004,26.233825684000067],[88.86419677700007,26.25158691400003],[88.86901855500008,26.278991699000073],[88.90179443400007,26.288391113000046],[88.92919921900005,26.283813477000024],[88.95520019500003,26.242004395000038],[89.03021240200007,26.247192383000026],[89.04882812500006,26.240417480000076],[89.06298828100006,26.256408691000047],[89.06219482400007,26.293212891000053],[89.04278564500004,26.28100585900006],[88.98541259800004,26.30963134800004],[88.98919677700007,26.348632812000062],[88.96319580100004,26.35119628900003],[88.91442871100008,26.366027832000043],[88.92919921900005,26.406616211000028],[88.94702148400006,26.42541503900003],[88.96002197300004,26.459411621000072],[88.98602294900007,26.446594238000046],[88.98559570300006,26.420837402000075],[89.00738525400004,26.420837402000075],[89.04058837900004,26.399414062000062],[89.07958984400005,26.39538574200003],[89.09381103500004,26.387634277000075],[89.09118652300003,26.365417480000076],[89.10144043000008,26.34759521500007],[89.09643554700006,26.325622559000067],[89.11541748000008,26.318237305000025],[89.13861084000007,26.320983887000068],[89.13342285200008,26.300598145000038],[89.10443115200007,26.281799316000047],[89.12799072300004,26.263183594000054],[89.14538574200003,26.21319580100004],[89.13739013700007,26.180236816000047],[89.16503906200006,26.132629395000038],[89.19464111300005,26.123413086000028],[89.22241210900006,26.126220703000058],[89.26019287100007,26.092224121000072],[89.25720214800003,26.06402587900004],[89.28222656200006,26.04840087900004],[89.32482910200008,26.038208008000026],[89.35760498000008,26.008239746000072],[89.38623046900005,26.010192871000072],[89.41400146500007,26.04022216800007],[89.43218994100005,26.042785645000038],[89.43420410200008,26.010192871000072],[89.46539306600005,25.99761962900004],[89.52380371100008,26.007995605000076],[89.54364013700007,26.00543212900004],[89.54461669900007,25.968200684000067],[89.58020019500003,25.967407227000024],[89.59063720700004,25.979797363000046],[89.58142089800003,26.025817871000072],[89.63439941400009,26.06280517600004],[89.63299560500008,26.105834961000028],[89.61743164100005,26.10559082000003],[89.59918212900004,26.13439941400003],[89.62023925800008,26.178833008000026],[89.65179443400007,26.165405273000033],[89.66143798800005,26.175598145000038],[89.64221191400009,26.199035645000038],[89.63818359400005,26.223022461000028],[89.67462158200004,26.21923828100006],[89.68981933600008,26.180786133000026],[89.68682861300005,26.16882324200003],[89.70422363300008,26.151000977000024],[89.71563720700004,26.166992187000062],[89.73883056600005,26.171386719000054],[89.72558593700006,26.17663574200003],[89.71618652300003,26.211608887000068],[89.72259521500007,26.25701904300007],[89.74121093700006,26.270812988000046],[89.74603271500007,26.294189453000058],[89.76239013700007,26.31604003900003],[89.78540039100005,26.332214355000076],[89.78381347700008,26.35241699200003],[89.81604003900009,26.372009277000075],[89.83020019500003,26.370605469000054],[89.83740234400005,26.413391113000046],[89.85278320300006,26.42022705100004],[89.86383056600005,26.445983887000068],[89.86383056600005,26.468811035000044],[89.85479736300005,26.522399902000075],[89.86523437500006,26.554382324000073],[89.86041259800004,26.575622559000067],[89.87243652300003,26.61358642600004],[89.85260009800004,26.62780761700003],[89.86779785200008,26.648986816000047],[89.86621093700006,26.680786133000026],[89.85461425800008,26.69683837900004]]]},"properties":{"OBJECTID":251,"object_id":25,"name":"SHWB & SIKKIM","state_code":"WEST BENGAL","region_cod":"EAST AND NORTH EAST INDIA","subdivisio":"SHWB & SIKKIM","uorder":5},"id": 30},
{"type":"Feature","geometry":{"type":"Polygon","coordinates":[[[80.06658935500008,28.83679199200003],[80.06060791000004,28.915832520000038],[80.09838867200006,28.975585937000062],[80.11962890600006,28.981384277000075],[80.12860107400007,29.00561523400006],[80.13104248000008,29.061218262000068],[80.14624023400006,29.10260009800004],[80.18359375000006,29.13562011700003],[80.21398925800008,29.120239258000026],[80.23602294900007,29.119384766000053],[80.27142334000007,29.139587402000075],[80.25939941400003,29.169189453000058],[80.25921630900007,29.20819091800007],[80.29962158200004,29.20520019500003],[80.29199218700006,29.23059082000003],[80.30682373000008,29.286987305000025],[80.31799316400003,29.315185547000056],[80.29541015600006,29.327392578000058],[80.27362060500008,29.37261962900004],[80.27502441400003,29.393188477000024],[80.24462890600006,29.41101074200003],[80.25842285200008,29.450195312000062],[80.28741455100004,29.449401855000076],[80.28741455100004,29.47259521500007],[80.31683349600007,29.500183105000076],[80.34362793000008,29.51080322300004],[80.35943603500004,29.531982422000056],[80.34643554700006,29.552185059000067],[80.37982177700007,29.560791016000053],[80.40759277300003,29.59143066400003],[80.40759277300003,29.612792969000054],[80.42224121100008,29.629638672000056],[80.41699218700006,29.653625488000046],[80.39379882800006,29.665405273000033],[80.37023925800008,29.722839355000076],[80.37023925800008,29.749389648000033],[80.39923095700004,29.76519775400004],[80.40881347700008,29.793395996000072],[80.46600341800007,29.801025391000053],[80.49499511700003,29.794616699000073],[80.50262451200007,29.816406250000057],[80.55523681600005,29.84918212900004],[80.57360839800003,29.891235352000024],[80.57299804700006,29.914611816000047],[80.60479736300005,29.957824707000043],[80.63201904300007,29.963989258000026],[80.65399169900007,29.954589844000054],[80.67858886700003,29.958007812000062],[80.72039794900007,30.000610352000024],[80.75219726600005,30.011596680000025],[80.75738525400004,30.03881835900006],[80.77960205100004,30.055786133000026],[80.80578613300008,30.088806152000075],[80.83880615200007,30.098388672000056],[80.84460449200003,30.115417480000076],[80.88000488300008,30.131835937000062],[80.86444091800007,30.168640137000068],[80.90899658200004,30.222839355000076],[80.92401123000008,30.207641602000024],[80.91839599600007,30.186828613000046],[80.93023681600005,30.174804687000062],[80.94842529300007,30.18322753900003],[80.98742675800008,30.186828613000046],[81.03839111300005,30.199401855000076],[81.02844238300008,30.228027344000054],[81.03399658200004,30.24639892600004],[81.00061035200008,30.268005371000072],[80.95800781200006,30.270996094000054],[80.92858886700003,30.267395020000038],[80.92901611300005,30.283203125000057],[80.90942382800006,30.304199219000054],[80.875,30.302795410000044],[80.86560058600008,30.31420898400006],[80.82843017600004,30.31439209000007],[80.79119873000008,30.340026855000076],[80.77459716800007,30.365783691000047],[80.75219726600005,30.379821777000075],[80.73620605500008,30.40002441400003],[80.70959472700008,30.417785645000038],[80.69140625000006,30.414428711000028],[80.67883300800008,30.429199219000054],[80.60723877000004,30.47082519500003],[80.56701660200008,30.46319580100004],[80.54260253900003,30.44842529300007],[80.49920654300007,30.487792969000054],[80.46783447300004,30.490600586000028],[80.41223144500003,30.525634766000053],[80.38684082000003,30.518188477000024],[80.36700439500004,30.528442383000026],[80.34863281200006,30.520996094000054],[80.32641601600005,30.541992187000062],[80.31719970700004,30.565002441000047],[80.28503418000008,30.570190430000025],[80.25604248000008,30.564636230000076],[80.23883056600005,30.578796387000068],[80.21099853500004,30.58801269500003],[80.22119140600006,30.643188477000024],[80.19500732400007,30.66760253900003],[80.20043945300006,30.686828613000046],[80.22839355500008,30.68939209000007],[80.23498535200008,30.709228516000053],[80.25,30.71923828100006],[80.25042724600007,30.74322509800004],[80.22882080100004,30.759216309000067],[80.21063232400007,30.752624512000068],[80.17962646500007,30.805236816000047],[80.16119384800004,30.807189941000047],[80.12658691400003,30.78100585900006],[80.11120605500008,30.780029297000056],[80.08941650400004,30.795593262000068],[80.07501220700004,30.821594238000046],[80.05718994100005,30.837585449000073],[80.03363037100007,30.84338378900003],[80.01098632800006,30.868591309000067],[79.96862793000008,30.88238525400004],[79.93218994100005,30.881591797000056],[79.91058349600007,30.915039062000062],[79.89160156200006,30.917419434000067],[79.88983154300007,30.93920898400006],[79.87603759800004,30.967407227000024],[79.85638427700007,30.976440430000025],[79.81982421900005,30.971618652000075],[79.79260253900003,30.986999512000068],[79.77703857400007,30.986999512000068],[79.75482177700007,31.006591797000056],[79.73699951200007,30.979797363000046],[79.70202636700003,30.97100830100004],[79.67541503900003,30.982604980000076],[79.66619873000008,30.966796875000057],[79.60223388700007,30.939819336000028],[79.55682373000008,30.955993652000075],[79.52563476600005,30.98999023400006],[79.51000976600005,31.01519775400004],[79.50842285200008,31.032226562000062],[79.47021484400005,31.035400391000053],[79.42858886700003,31.023803711000028],[79.41918945300006,31.04382324200003],[79.41180419900007,31.107421875000057],[79.37518310500008,31.11340332000003],[79.32000732400007,31.135986328000058],[79.31060791000004,31.14801025400004],[79.29840087900004,31.216796875000057],[79.28039550800008,31.237426758000026],[79.26123046900005,31.23681640600006],[79.22338867200006,31.262390137000068],[79.24523925800008,31.276000977000024],[79.24841308600008,31.291625977000024],[79.21862793000008,31.313781738000046],[79.23364257800006,31.332397461000028],[79.21179199200003,31.350402832000043],[79.16839599600007,31.361206055000025],[79.16979980500008,31.39642334000007],[79.14599609400005,31.41400146500007],[79.140625,31.433593750000057],[79.11718750000006,31.43743896500007],[79.09759521500007,31.451782227000024],[79.06878662100007,31.43780517600004],[79.01678466800007,31.422424316000047],[79.01678466800007,31.38720703100006],[79.00878906200006,31.37939453100006],[79.01739502000004,31.348022461000028],[79.00018310500008,31.340026855000076],[78.98260498000008,31.358825684000067],[78.94378662100007,31.365234375000057],[78.94042968700006,31.348999023000033],[78.89880371100008,31.290405273000033],[78.88342285200008,31.286987305000025],[78.88623046900005,31.270996094000054],[78.91802978500004,31.248229980000076],[78.92340087900004,31.225830078000058],[78.95898437500006,31.186828613000046],[78.98101806600005,31.179016113000046],[78.99200439500004,31.161987305000025],[78.98901367200006,31.143981934000067],[79.00982666000004,31.113830566000047],[78.97442627000004,31.108398437000062],[78.95562744100005,31.098388672000056],[78.91418457000003,31.107788086000028],[78.89141845700004,31.09722900400004],[78.86560058600008,31.120788574000073],[78.83264160200008,31.140808105000076],[78.82641601600005,31.16363525400004],[78.81219482400007,31.17199707000003],[78.81781005900007,31.194641113000046],[78.79821777300003,31.196594238000046],[78.77099609400005,31.18658447300004],[78.70483398400006,31.18920898400006],[78.68920898400006,31.197814941000047],[78.66284179700006,31.18920898400006],[78.65063476600005,31.212036133000026],[78.61083984400005,31.229614258000026],[78.57958984400005,31.225585937000062],[78.55303955100004,31.200195312000062],[78.48522949200003,31.199218750000057],[78.46343994100005,31.235839844000054],[78.44500732400007,31.24462890600006],[78.41418457000003,31.23980712900004],[78.40881347700008,31.256042480000076],[78.38543701200007,31.28240966800007],[78.37182617200006,31.286621094000054],[78.31939697300004,31.27923584000007],[78.30700683600008,31.259582520000038],[78.28424072300004,31.266418457000043],[78.24462890600006,31.229614258000026],[78.21661377000004,31.22222900400004],[78.16162109400005,31.225830078000058],[78.10504150400004,31.185607910000044],[78.06719970700004,31.18743896500007],[78.03399658200004,31.16900634800004],[78.03179931600005,31.151184082000043],[78.00219726600005,31.16223144500003],[77.98602294900007,31.15740966800007],[77.96862793000008,31.17358398400006],[77.92620849600007,31.150634766000053],[77.91003418000008,31.15441894500003],[77.89001464800003,31.13079834000007],[77.89019775400004,31.119384766000053],[77.86499023400006,31.108642578000058],[77.85260009800004,31.073608398000033],[77.81878662100007,31.058837891000053],[77.81982421900005,31.033203125000057],[77.80841064500004,31.027038574000073],[77.83099365200007,30.993591309000067],[77.81140136700003,30.955810547000056],[77.77038574200003,30.974426270000038],[77.75,30.952392578000058],[77.76403808600008,30.919799805000025],[77.80541992200006,30.923828125000057],[77.81719970700004,30.910583496000072],[77.80303955100004,30.894409180000025],[77.80023193400007,30.86822509800004],[77.75860595700004,30.86022949200003],[77.74578857400007,30.84619140600006],[77.74981689500004,30.82202148400006],[77.72143554700006,30.77459716800007],[77.70538330100004,30.765808105000076],[77.70922851600005,30.740234375000057],[77.73883056600005,30.729797363000046],[77.75720214800003,30.707214355000076],[77.74859619100005,30.67999267600004],[77.77459716800007,30.66882324200003],[77.78759765600006,30.642395020000038],[77.78802490200007,30.61444091800007],[77.74420166000004,30.59582519500003],[77.77319335900006,30.559387207000043],[77.80780029300007,30.55462646500007],[77.82922363300008,30.53118896500007],[77.81964111300005,30.507629395000038],[77.78442382800006,30.500793457000043],[77.73559570300006,30.473999023000033],[77.72222900400004,30.473205566000047],[77.69158935500008,30.448242187000062],[77.65118408200004,30.44683837900004],[77.64739990200007,30.433593750000057],[77.60003662100007,30.428405762000068],[77.57440185500008,30.41259765600006],[77.57739257800006,30.397583008000026],[77.62420654300007,30.405395508000026],[77.64923095700004,30.40478515600006],[77.66101074200003,30.390808105000076],[77.68743896500007,30.37939453100006],[77.72222900400004,30.330993652000075],[77.76721191400003,30.31439209000007],[77.84899902300003,30.27142334000007],[77.89538574200003,30.265625],[77.93798828100006,30.248229980000076],[77.94238281200006,30.228027344000054],[77.92022705100004,30.21142578100006],[77.91082763700007,30.17962646500007],[77.88360595700004,30.152038574000073],[77.86743164100005,30.119384766000053],[77.83978271500007,30.102783203000058],[77.82940673800005,30.085998535000044],[77.80279541000004,30.095397949000073],[77.77142334000007,30.042785645000038],[77.78338623000008,30.018798828000058],[77.76281738300008,30.008789062000062],[77.74499511700003,29.982604980000076],[77.73199462900004,29.932189941000047],[77.74121093700006,29.908020020000038],[77.71563720700004,29.86962890600006],[77.74279785200008,29.852233887000068],[77.74163818400007,29.83483886700003],[77.75701904300007,29.825439453000058],[77.75738525400004,29.806823730000076],[77.77484130900007,29.791381836000028],[77.78161621100008,29.76519775400004],[77.77081298800005,29.745422363000046],[77.78399658200004,29.736389160000044],[77.77099609400005,29.718017578000058],[77.81182861300005,29.702392578000058],[77.80041503900003,29.68640136700003],[77.83142089800003,29.668395996000072],[77.88043212900004,29.700439453000058],[77.91381835900006,29.695983887000068],[77.92779541000004,29.71441650400004],[77.95220947300004,29.67858886700003],[77.97039794900007,29.66760253900003],[77.96783447300004,29.650207520000038],[77.98400878900003,29.640625],[77.97741699200003,29.617431641000053],[77.94982910200008,29.617004395000038],[77.94158935500008,29.59283447300004],[77.97442627000004,29.58038330100004],[78.01702880900007,29.588439941000047],[78.01959228500004,29.598388672000056],[78.07000732400007,29.63061523400006],[78.13183593700006,29.652587891000053],[78.14379882800006,29.667785645000038],[78.18182373000008,29.69702148400006],[78.19738769500003,29.692810059000067],[78.20520019500003,29.737426758000026],[78.23999023400006,29.74139404300007],[78.24719238300008,29.734619141000053],[78.29339599600007,29.758789062000062],[78.31079101600005,29.780029297000056],[78.33703613300008,29.79681396500007],[78.39422607400007,29.767395020000038],[78.42999267600004,29.764587402000075],[78.44659423800005,29.750427246000072],[78.50823974600007,29.729614258000026],[78.51800537100007,29.71960449200003],[78.52301025400004,29.657592773000033],[78.53399658200004,29.63879394500003],[78.58178710900006,29.58642578100006],[78.62078857400007,29.557189941000047],[78.65179443400007,29.546203613000046],[78.70178222700008,29.50579834000007],[78.74481201200007,29.501403809000067],[78.80120849600007,29.46459960900006],[78.81201171900005,29.46600341800007],[78.88238525400004,29.443420410000044],[78.92742919900007,29.434204102000024],[78.91400146500007,29.39483642600004],[78.85058593700006,29.344421387000068],[78.82360839800003,29.359191895000038],[78.79681396500007,29.325195312000062],[78.76800537100007,29.337585449000073],[78.73498535200008,29.299011230000076],[78.76739502000004,29.278625488000046],[78.79138183600008,29.24761962900004],[78.82159423800005,29.23199462900004],[78.85418701200007,29.23858642600004],[78.88458252000004,29.21142578100006],[78.91900634800004,29.134216309000067],[78.95800781200006,29.11999511700003],[78.98382568400007,29.143188477000024],[78.99218750000006,29.131225586000028],[79.01641845700004,29.133605957000043],[79.03741455100004,29.15319824200003],[79.07641601600005,29.151794434000067],[79.11340332000003,29.12799072300004],[79.12841796900005,29.132812500000057],[79.15441894500003,29.115417480000076],[79.14398193400007,29.067016602000024],[79.17303466800007,29.042419434000067],[79.16662597700008,29.018005371000072],[79.20520019500003,29.020812988000046],[79.21240234400005,29.02783203100006],[79.24462890600006,29.01062011700003],[79.26220703100006,28.99139404300007],[79.30841064500004,28.966796875000057],[79.33880615200007,28.97222900400004],[79.35699462900004,28.968017578000058],[79.37298584000007,28.98718261700003],[79.39221191400003,28.94738769500003],[79.40960693400007,28.95202636700003],[79.42663574200003,28.923217773000033],[79.42382812500006,28.901611328000058],[79.43261718700006,28.885986328000058],[79.42858886700003,28.866638184000067],[79.45538330100004,28.870239258000026],[79.47882080100004,28.864624023000033],[79.49859619100005,28.87298584000007],[79.51141357400007,28.864624023000033],[79.53460693400007,28.869812012000068],[79.55859375000006,28.898986816000047],[79.58581543000008,28.87921142600004],[79.57659912100007,28.858398437000062],[79.58599853500004,28.84619140600006],[79.62298584000007,28.86444091800007],[79.65759277300003,28.869812012000068],[79.68481445300006,28.850036621000072],[79.74719238300008,28.859985352000024],[79.75323486300005,28.87158203100006],[79.79022216800007,28.87280273400006],[79.80102539100005,28.887390137000068],[79.82940673800005,28.88439941400003],[79.84759521500007,28.873229980000076],[79.84698486300005,28.85119628900003],[79.82598877000004,28.807189941000047],[79.85461425800008,28.805786133000026],[79.86541748000008,28.83819580100004],[79.88543701200007,28.837219238000046],[79.87719726600005,28.795593262000068],[79.92620849600007,28.77502441400003],[79.95581054700006,28.722839355000076],[80.03179931600005,28.748596191000047],[80.06658935500008,28.794433594000054],[80.06079101600005,28.816833496000072],[80.06658935500008,28.83679199200003]]]},"properties":{"OBJECTID":106,"object_id":10,"name":"UTTARAKHAND","state_code":"UTTARAKHAND","region_cod":"NORTH WEST INDIA","subdivisio":"UTTARAKHAND","uorder":12},"id": 34},
{"type":"Feature","geometry":{"type":"Polygon","coordinates":[[[74.52801513700007,29.94299316400003],[74.26422119100005,29.957214355000076],[74.09899902300003,29.967407227000024],[73.90142822300004,29.973999023000033],[73.88702392600004,29.99621582000003],[73.88702392600004,30.01220703100006],[73.90478515600006,30.050231934000067],[73.93078613300008,30.068786621000072],[73.97161865200007,30.125183105000076],[73.96899414100005,30.168640137000068],[73.97338867200006,30.198242187000062],[73.90881347700008,30.149230957000043],[73.82879638700007,30.092590332000043],[73.80700683600008,30.067810059000067],[73.59979248000008,30.019592285000044],[73.39782714800003,29.945983887000068],[73.34539794900007,29.76983642600004],[73.28320312500006,29.57220459000007],[73.24121093700006,29.5],[73.08520507800006,29.236022949000073],[73.00500488300008,29.153015137000068],[72.94598388700007,29.02783203100006],[72.73321533200004,28.947814941000047],[72.48004150400004,28.812194824000073],[72.40423584000007,28.783386230000076],[72.35504150400004,28.733215332000043],[72.30120849600007,28.671203613000046],[72.28082275400004,28.60699462900004],[72.23718261700003,28.485595703000058],[72.20678710900006,28.394226074000073],[72.13281250000006,28.31298828100006],[72.01702880900007,28.22760009800004],[71.99658203100006,28.20819091800007],[71.92858886700003,28.122436523000033],[71.89880371100008,27.961608887000068],[71.87561035200008,27.95501709000007],[71.66638183600008,27.87780761700003],[71.53900146500007,27.876220703000058],[71.48138427700007,27.873413086000028],[71.38299560500008,27.87261962900004],[71.20562744100005,27.835388184000067],[71.06201171900005,27.774230957000043],[70.90582275400004,27.709411621000072],[70.87158203100006,27.705627441000047],[70.75939941400003,27.72119140600006],[70.73980712900004,27.742004395000038],[70.73260498000008,27.760437012000068],[70.68438720700004,27.828186035000044],[70.67858886700003,27.87298584000007],[70.67742919900007,27.92181396500007],[70.59863281200006,27.99322509800004],[70.58959960900006,28.01062011700003],[70.55438232400007,28.02642822300004],[70.50579834000007,28.036987305000025],[70.43939209000007,28.020202637000068],[70.37219238300008,28.01184082000003],[70.29620361300005,27.93603515600006],[70.22619628900003,27.900817871000072],[70.19781494100005,27.86682128900003],[70.13262939500004,27.805603027000075],[70.06878662100007,27.655212402000075],[70.02600097700008,27.56298828100006],[69.96618652300003,27.523620605000076],[69.93383789100005,27.49780273400006],[69.89099121100003,27.433410645000038],[69.86322021500007,27.402221680000025],[69.78338623000008,27.342590332000043],[69.76019287100007,27.320983887000068],[69.70239257800006,27.283996582000043],[69.64483642600004,27.225219727000024],[69.58721923800005,27.183593750000057],[69.51342773400006,27.010009766000053],[69.49780273400006,26.867004395000038],[69.48443603500004,26.80499267600004],[69.51043701200007,26.743591309000067],[69.71978759800004,26.65478515600006],[69.79162597700008,26.598388672000056],[69.82379150400004,26.588806152000075],[69.88562011700003,26.578796387000068],[69.93463134800004,26.581420898000033],[70.05639648400006,26.600585937000062],[70.11743164100005,26.587036133000026],[70.17443847700008,26.551391602000024],[70.18463134800004,26.48040771500007],[70.17700195300006,26.424011230000076],[70.18542480500008,26.374389648000033],[70.16381835900006,26.29541015600006],[70.17523193400007,26.252014160000044],[70.16839599600007,26.218200684000067],[70.14123535200008,26.15600585900006],[70.08343505900007,26.083435059000067],[70.09979248000008,25.938232422000056],[70.17443847700008,25.82843017600004],[70.22241210900006,25.793395996000072],[70.25158691400003,25.75561523400006],[70.26879882800006,25.713623047000056],[70.35864257800006,25.680236816000047],[70.38702392600004,25.673828125000057],[70.44860839800003,25.681823730000076],[70.53021240200007,25.683410645000038],[70.60900878900003,25.715026855000076],[70.64739990200007,25.712585449000073],[70.67419433600003,25.675842285000044],[70.67041015600006,25.632629395000038],[70.66723632800006,25.53118896500007],[70.67858886700003,25.525634766000053],[70.67199707000003,25.419982910000044],[70.66479492200006,25.397033691000047],[70.73699951200007,25.332397461000028],[70.75183105500008,25.27783203100006],[70.84222412100007,25.19061279300007],[70.88861084000007,25.14819335900006],[70.90179443400007,25.07580566400003],[70.91979980500008,24.995788574000073],[70.93780517600004,24.938598633000026],[70.99102783200004,24.865234375000057],[71.03399658200004,24.788024902000075],[71.06561279300007,24.717407227000024],[71.10021972700008,24.68640136700003],[71.10688252100005,24.67440119300005],[71.11688861300007,24.667589562000046],[71.24953794000004,24.629007186000024],[71.28823772000004,24.615908997000076],[71.31331827500003,24.649080427000058],[71.34804581700007,24.66041152200006],[71.35869672300004,24.630586692000065],[71.37713031400006,24.625253102000045],[71.41666797600004,24.643581365000045],[71.44639319900006,24.667509465000023],[71.47769879200007,24.679234059000066],[71.52916756900004,24.68767291200004],[71.54150466600004,24.677938014000063],[71.57380050400008,24.686729350000064],[71.58639001100005,24.671581554000056],[71.60734907100004,24.67906652000005],[71.65507881500008,24.639641803000075],[71.70812129000007,24.66403872500007],[71.73038250200005,24.66253581600006],[71.77838256600006,24.679579355000044],[71.80293868900003,24.673827845000062],[71.80994283300004,24.658209991000035],[71.80197600700006,24.631717455000057],[71.80916460300006,24.623266770000043],[71.85548181400003,24.622271799000032],[71.86540732000003,24.632025229000078],[71.85747695500004,24.669922581000037],[71.87093471700007,24.686250563000044],[71.88725079200003,24.67639951800004],[71.90534613900007,24.68229795800005],[71.92582296800003,24.638539347000062],[71.96447933100006,24.649936683000078],[71.97841373900008,24.66273638100006],[71.98382210500006,24.693817327000033],[72.01203367200003,24.698336331000064],[72.05805534700005,24.722655176000046],[72.08396002500007,24.71730641700003],[72.09030245000008,24.699868628000047],[72.08932449200006,24.66481266900007],[72.12509500400006,24.64355933300004],[72.14966297900008,24.648336588000063],[72.16773143900008,24.626626258000044],[72.19054922900006,24.623404890000074],[72.21655178400005,24.631308424000053],[72.23277004100004,24.646736592000025],[72.25062370000006,24.629180440000027],[72.27221487300005,24.634124031000056],[72.29825889300008,24.629485765000027],[72.31935922900004,24.622457671000063],[72.33312419400005,24.636377965000065],[72.31420898400006,24.65478515600006],[72.31219482400007,24.67340087900004],[72.33099365200007,24.711608887000068],[72.34521484400005,24.723388672000056],[72.37384033200004,24.765441895000038],[72.40081787100007,24.775634766000053],[72.41479492200006,24.75421142600004],[72.44799804700006,24.759826660000044],[72.47760009800004,24.75280761700003],[72.49200439500004,24.759826660000044],[72.48883056600005,24.801391602000024],[72.49780273400006,24.81939697300004],[72.49182128900003,24.847839355000076],[72.47943115200007,24.870788574000073],[72.50378418000008,24.88079834000007],[72.49639892600004,24.916992187000062],[72.52600097700008,24.930236816000047],[72.56420898400006,24.932983398000033],[72.61181640600006,24.975036621000072],[72.63482666000004,25],[72.66058349600007,25.043029785000044],[72.69140625000006,25.057434082000043],[72.70880127000004,25.10260009800004],[72.73944091800007,25.125793457000043],[72.74603271500007,25.156799316000047],[72.78039550800008,25.18762207000003],[72.77844238300008,25.216796875000057],[72.80322265600006,25.256225586000028],[72.82940673800005,25.28479003900003],[72.85180664100005,25.273986816000047],[72.87103271500007,25.25],[72.90979003900003,25.25],[72.93963623000008,25.23858642600004],[72.93920898400006,25.22381591800007],[72.97540283200004,25.213623047000056],[72.94622802700007,25.166015625000057],[72.95080566400003,25.142395020000038],[72.97662353500004,25.137390137000068],[72.99658203100006,25.145812988000046],[72.99743652300003,25.103393555000025],[73.02258300800008,25.088989258000026],[73.04840087900004,25.10504150400004],[73.03802490200007,25.143188477000024],[73.05462646500007,25.15924072300004],[73.11541748000008,25.107788086000028],[73.13580322300004,25.096984863000046],[73.13043212900004,25.06604003900003],[73.10919189500004,25.03881835900006],[73.08178710900006,25.02783203100006],[73.05419921900005,25.008605957000043],[73.03918457000003,24.97259521500007],[72.99700927700007,24.960998535000044],[72.99981689500004,24.93780517600004],[72.99261474600007,24.92181396500007],[73.04101562500006,24.886596680000025],[73.05718994100005,24.886230469000054],[73.07861328100006,24.861389160000044],[73.10742187500006,24.857421875000057],[73.11358642600004,24.844421387000068],[73.14923095700004,24.845397949000073],[73.17199707000003,24.808837891000053],[73.17260742200006,24.780029297000056],[73.18280029300007,24.76678466800007],[73.20959472700008,24.785400391000053],[73.23303222700008,24.784606934000067],[73.24023437500006,24.82238769500003],[73.26959228500004,24.85241699200003],[73.27203369100005,24.873840332000043],[73.29223632800006,24.869018555000025],[73.32159423800005,24.90600585900006],[73.33001709000007,24.905639648000033],[73.35058593700006,24.959228516000053],[73.33020019500003,24.973388672000056],[73.34600830100004,24.989013672000056],[73.34582519500003,25.007995605000076],[73.37219238300008,25.033996582000043],[73.38940429700006,25.066589355000076],[73.40979003900003,25.08819580100004],[73.45703125000006,25.09143066400003],[73.48718261700003,25.104431152000075],[73.50158691400003,25.12902832000003],[73.59478759800004,25.193237305000025],[73.60681152300003,25.23980712900004],[73.62182617200006,25.259033203000058],[73.60961914100005,25.283386230000076],[73.61920166000004,25.29840087900004],[73.66143798800005,25.332397461000028],[73.66839599600007,25.345397949000073],[73.69860839800003,25.36022949200003],[73.71020507800006,25.378784180000025],[73.73199462900004,25.37939453100006],[73.75299072300004,25.410583496000072],[73.75402832000003,25.43798828100006],[73.76879882800006,25.454406738000046],[73.77978515600006,25.48400878900003],[73.79699707000003,25.49462890600006],[73.81262207000003,25.536804199000073],[73.82843017600004,25.563232422000056],[73.82781982400007,25.58160400400004],[73.84503173800005,25.604614258000026],[73.86883544900007,25.651611328000058],[73.88500976600005,25.668212891000053],[73.90258789100005,25.672424316000047],[73.91583252000004,25.69720459000007],[73.90740966800007,25.740783691000047],[73.93164062500006,25.767395020000038],[73.92523193400007,25.792236328000058],[73.94500732400007,25.804199219000054],[73.94299316400003,25.829040527000075],[73.99639892600004,25.865600586000028],[74.05322265600006,25.829040527000075],[74.06402587900004,25.840026855000076],[74.10919189500004,25.856018066000047],[74.11804199200003,25.88061523400006],[74.14123535200008,25.897216797000056],[74.16418457000003,25.92681884800004],[74.13122558600008,25.96179199200003],[74.16601562500006,26.000183105000076],[74.15258789100005,26.043395996000072],[74.16284179700006,26.06799316400003],[74.17681884800004,26.06298828100006],[74.18603515600006,26.031982422000056],[74.21862793000008,26.047790527000075],[74.25,26.085815430000025],[74.27221679700006,26.101989746000072],[74.30200195300006,26.133239746000072],[74.27081298800005,26.163391113000046],[74.30102539100005,26.185607910000044],[74.34039306600005,26.196228027000075],[74.36761474600007,26.191223145000038],[74.37518310500008,26.210388184000067],[74.36901855500008,26.240417480000076],[74.38720703100006,26.278015137000068],[74.36041259800004,26.291381836000028],[74.31060791000004,26.25158691400003],[74.27319335900006,26.26062011700003],[74.25219726600005,26.28619384800004],[74.27142334000007,26.308837891000053],[74.30438232400007,26.327636719000054],[74.30480957000003,26.382202148000033],[74.28802490200007,26.410827637000068],[74.29321289100005,26.45080566400003],[74.31579589800003,26.45520019500003],[74.33319091800007,26.441589355000076],[74.35003662100007,26.453186035000044],[74.35363769500003,26.469421387000068],[74.37860107400007,26.488830566000047],[74.43103027300003,26.486389160000044],[74.44299316400003,26.503417969000054],[74.46282959000007,26.48718261700003],[74.48278808600008,26.498596191000047],[74.53918457000003,26.56158447300004],[74.56298828100006,26.59881591800007],[74.58959960900006,26.62939453100006],[74.60943603500004,26.598999023000033],[74.61639404300007,26.56799316400003],[74.64001464800003,26.588439941000047],[74.67382812500006,26.599426270000038],[74.69580078100006,26.649230957000043],[74.71398925800008,26.666015625000057],[74.72003173800005,26.698608398000033],[74.66320800800008,26.71301269500003],[74.69879150400004,26.773986816000047],[74.74938964800003,26.77124023400006],[74.76940918000008,26.793395996000072],[74.77581787100007,26.81939697300004],[74.765625,26.828796387000068],[74.76940918000008,26.849792480000076],[74.79919433600008,26.85382080100004],[74.81402587900004,26.867187500000057],[74.82800293000008,26.90423584000007],[74.82623291000004,26.927612305000025],[74.85363769500003,26.97882080100004],[74.90423584000007,26.976989746000072],[74.91143798800005,26.966186523000033],[74.95318603500004,26.96282959000007],[74.98199462900004,26.943420410000044],[74.97338867200006,26.90002441400003],[74.98583984400005,26.88983154300007],[75.01123046900005,26.895202637000068],[75.01080322300004,26.946228027000075],[75.16198730500008,26.932983398000033],[75.15942382800006,26.97241210900006],[75.20123291000004,26.975402832000043],[75.20202636700003,27.007995605000076],[75.24060058600008,27.01361084000007],[75.25640869100005,27.035400391000053],[75.21978759800004,27.052185059000067],[75.21899414100005,27.08038330100004],[75.24920654300007,27.08642578100006],[75.36444091800007,27.08361816400003],[75.36181640600006,27.108398437000062],[75.33758544900007,27.114013672000056],[75.32879638700007,27.143188477000024],[75.29901123000008,27.13983154300007],[75.29840087900004,27.12603759800004],[75.27142334000007,27.12939453100006],[75.19580078100006,27.128784180000025],[75.17181396500007,27.139038086000028],[75.17340087900004,27.156799316000047],[75.12860107400007,27.166381836000028],[75.12402343700006,27.210205078000058],[75.11279296900005,27.217041016000053],[75.07080078100006,27.215637207000043],[75.08801269500003,27.243591309000067],[75.09979248000008,27.242797852000024],[75.13238525400004,27.274841309000067],[75.15679931600005,27.278015137000068],[75.16241455100004,27.317199707000043],[75.12719726600005,27.32983398400006],[75.11462402300003,27.345031738000046],[75.11621093700006,27.377197266000053],[75.07861328100006,27.38562011700003],[75.04638671900005,27.37744140600006],[75.03619384800004,27.354431152000075],[75.00781250000006,27.346984863000046],[74.94824218700006,27.349792480000076],[74.93359375000006,27.335998535000044],[74.89959716800007,27.330993652000075],[74.90020752000004,27.315185547000056],[74.88079834000007,27.309997559000067],[74.86804199200003,27.33642578100006],[74.88159179700006,27.345214844000054],[74.87384033200004,27.37298584000007],[74.84759521500007,27.384826660000044],[74.87481689500004,27.412841797000056],[74.86041259800004,27.449584961000028],[74.80218505900007,27.449584961000028],[74.80401611300005,27.476623535000044],[74.75158691400003,27.500427246000072],[74.73242187500006,27.49304199200003],[74.72039794900007,27.53918457000003],[74.76300048800005,27.56561279300007],[74.74383544900007,27.584411621000072],[74.73223877000004,27.608825684000067],[74.70819091800007,27.59564209000007],[74.70098877000004,27.615783691000047],[74.71441650400004,27.63879394500003],[74.68939209000007,27.653991699000073],[74.68243408200004,27.669189453000058],[74.69958496100008,27.67803955100004],[74.73944091800007,27.677795410000044],[74.74841308600008,27.685607910000044],[74.74963378900003,27.71600341800007],[74.72723388700007,27.73040771500007],[74.73382568400007,27.756042480000076],[74.75360107400007,27.77001953100006],[74.78802490200007,27.775207520000038],[74.81878662100007,27.801391602000024],[74.79742431600005,27.840393066000047],[74.78039550800008,27.834594727000024],[74.76678466800007,27.858398437000062],[74.73321533200004,27.867614746000072],[74.73919677700007,27.891601562000062],[74.82818603500004,27.908630371000072],[74.83398437500006,27.923217773000033],[74.81939697300004,27.942016602000024],[74.78540039100005,27.954589844000054],[74.76098632800006,27.988830566000047],[74.79278564500004,28.00299072300004],[74.80419921900005,28.030395508000026],[74.80780029300007,28.062194824000073],[74.78784179700006,28.075012207000043],[74.79479980500008,28.115417480000076],[74.82739257800006,28.11181640600006],[74.85961914100005,28.133789062000062],[74.88403320300006,28.16900634800004],[74.88818359400005,28.189636230000076],[74.96124267600004,28.193603516000053],[75.00299072300004,28.203002930000025],[75.02520752000004,28.198242187000062],[75.02801513700007,28.215026855000076],[75.04919433600008,28.228210449000073],[75.04583740200007,28.255004883000026],[75.07702636700003,28.26843261700003],[75.10162353500004,28.267639160000044],[75.12384033200004,28.28900146500007],[75.14141845700004,28.291015625000057],[75.15698242200006,28.312194824000073],[75.16461181600005,28.33801269500003],[75.14624023400006,28.381835937000062],[75.17822265600006,28.386596680000025],[75.19262695300006,28.38043212900004],[75.21838378900003,28.390441895000038],[75.21801757800006,28.42962646500007],[75.23120117200006,28.437011719000054],[75.23242187500006,28.45678710900006],[75.25122070300006,28.463989258000026],[75.27783203100006,28.451782227000024],[75.28979492200006,28.425598145000038],[75.33020019500003,28.39501953100006],[75.33221435500008,28.367797852000024],[75.35742187500006,28.357238770000038],[75.37860107400007,28.338806152000075],[75.41961669900007,28.341613770000038],[75.41540527300003,28.364196777000075],[75.44281005900007,28.367797852000024],[75.45819091800007,28.33978271500007],[75.50183105500008,28.33679199200003],[75.51300048800005,28.34759521500007],[75.51379394500003,28.370788574000073],[75.56860351600005,28.38043212900004],[75.57000732400007,28.410583496000072],[75.61218261700003,28.408020020000038],[75.59381103500004,28.430236816000047],[75.61163330100004,28.484985352000024],[75.61083984400005,28.50939941400003],[75.66442871100008,28.510192871000072],[75.67199707000003,28.517395020000038],[75.67059326200007,28.52978515600006],[75.63439941400003,28.544433594000054],[75.62322998000008,28.601806641000053],[75.58740234400005,28.61322021500007],[75.56298828100006,28.61303710900006],[75.56182861300005,28.635986328000058],[75.54223632800006,28.660400391000053],[75.54541015600006,28.681640625000057],[75.53839111300005,28.718017578000058],[75.52221679700006,28.768798828000058],[75.50579834000007,28.786987305000025],[75.52062988300008,28.834594727000024],[75.49938964800003,28.850219727000024],[75.49761962900004,28.89642334000007],[75.47442627000004,28.92340087900004],[75.47821044900007,28.934814453000058],[75.50659179700006,28.93603515600006],[75.52758789100005,28.970031738000046],[75.52160644500003,29.00439453100006],[75.50622558600008,29.01184082000003],[75.46099853500004,29.014404297000056],[75.44598388700007,29.024414062000062],[75.45281982400007,29.040405273000033],[75.44281005900007,29.057617187000062],[75.40881347700008,29.06262207000003],[75.39538574200003,29.072631836000028],[75.39343261700003,29.10382080100004],[75.40319824200003,29.12799072300004],[75.37622070300006,29.135192871000072],[75.38299560500008,29.167785645000038],[75.40783691400003,29.169799805000025],[75.41540527300003,29.184387207000043],[75.41101074200003,29.209411621000072],[75.39782714800003,29.217590332000043],[75.41284179700006,29.242431641000053],[75.39044189500004,29.261413574000073],[75.36578369100005,29.247192383000026],[75.35681152300003,29.223022461000028],[75.33221435500008,29.23199462900004],[75.34161377000004,29.28118896500007],[75.28698730500008,29.27038574200003],[75.28582763700007,29.249389648000033],[75.24603271500007,29.250427246000072],[75.23944091800007,29.23040771500007],[75.21099853500004,29.234802246000072],[75.19659423800005,29.26361084000007],[75.16961669900007,29.259033203000058],[75.16400146500007,29.244201660000044],[75.12542724600007,29.23999023400006],[75.12060546900005,29.223022461000028],[75.07702636700003,29.229797363000046],[75.06140136700003,29.276184082000043],[75.05120849600007,29.28619384800004],[75.01898193400007,29.285583496000072],[74.99963378900003,29.270812988000046],[74.96203613300008,29.280639648000033],[74.94940185500008,29.30163574200003],[74.96203613300008,29.318603516000053],[74.94079589800003,29.340209961000028],[74.93878173800005,29.362609863000046],[74.90301513700007,29.384033203000058],[74.87860107400007,29.383605957000043],[74.85162353500004,29.403625488000046],[74.82122802700007,29.397399902000075],[74.78222656200006,29.357788086000028],[74.73999023400006,29.354187012000068],[74.72039794900007,29.36999511700003],[74.69042968700006,29.366210937000062],[74.65899658200004,29.372009277000075],[74.65539550800008,29.333007812000062],[74.60101318400007,29.327392578000058],[74.60821533200004,29.356811523000033],[74.57879638700007,29.38861084000007],[74.56701660200008,29.420837402000075],[74.53759765600006,29.424621582000043],[74.53540039100005,29.447814941000047],[74.54779052700007,29.46838378900003],[74.58398437500006,29.459411621000072],[74.60198974600007,29.501220703000058],[74.62280273400006,29.522399902000075],[74.61279296900005,29.53863525400004],[74.57678222700008,29.560241699000073],[74.58642578100006,29.65460205100004],[74.60223388700007,29.691223145000038],[74.61700439500004,29.752197266000053],[74.60180664100005,29.765991211000028],[74.58221435500008,29.75244140600006],[74.54742431600005,29.753234863000046],[74.53601074200003,29.740783691000047],[74.47821044900007,29.745422363000046],[74.47460937500006,29.786804199000073],[74.48541259800004,29.81439209000007],[74.50878906200006,29.83319091800007],[74.54681396500007,29.84582519500003],[74.56201171900005,29.869812012000068],[74.54461669900007,29.901611328000058],[74.51098632800006,29.908386230000076],[74.52801513700007,29.94299316400003]]]},"properties":{"OBJECTID":109,"object_id":19,"name":"WEST RAJASTHAN","state_code":"RAJASTHAN","region_cod":"NORTH WEST INDIA","subdivisio":"WEST RAJASTHAN","uorder":17},"id": 19},
{"type":"Feature","geometry":{"type":"Polygon","coordinates":[[[74.47075210200006,12.37141390000005],[71.37745279500007,12.37141390000005],[71.37745279500007,7.231778127000041],[74.47075210200006,7.231778127000041],[74.47075210200006,12.37141390000005]],[[72.61717013500004,10.541710601000034],[72.63948740200004,10.574063343000034],[72.64993709200007,10.563569898000026],[72.61717013500004,10.541710601000034]]]},"properties":{"OBJECTID":112,"object_id":32,"name":"LAKSHADWEEP","state_code":"LAKSHADWEEP (UT)","region_cod":"SOUTH PENINSULA","subdivisio":"LAKSHADWEEP","uorder":36},"id": 20},
{"type":"Feature","geometry":{"type":"MultiPolygon","coordinates":[[[[71.26436595600006,23.452828956000076],[71.29071653700004,23.466167037000048],[71.30281951300003,23.485809146000065],[71.24598732100003,23.50210912500006],[71.22108726100004,23.452887426000075],[71.24369474400004,23.442327490000025],[71.26436595600006,23.452828956000076]]],[[[71.13607470200003,24.274611135000043],[71.13551527000004,24.253585572000077],[71.18841269600006,24.21183301900004],[71.20626385800006,24.21877737400007],[71.20819399200008,24.24574156700004],[71.18222745100007,24.25315428600004],[71.13607470200003,24.274611135000043]]],[[[74.12878418000008,22.426391602000024],[74.11138916000004,22.425598145000038],[74.09838867200006,22.450012207000043],[74.10479736300005,22.46301269500003],[74.07482910200008,22.477233887000068],[74.08624267600004,22.48718261700003],[74.08361816400003,22.506225586000028],[74.03039550800008,22.507202148000033],[74.03918457000003,22.53424072300004],[74.05499267600004,22.548828125000057],[74.07580566400003,22.550842285000044],[74.11260986300005,22.53918457000003],[74.13482666000004,22.519409180000025],[74.17163085900006,22.54699707000003],[74.21099853500004,22.56402587900004],[74.23260498000008,22.61181640600006],[74.25463867200006,22.62139892600004],[74.27282714800003,22.63879394500003],[74.31738281200006,22.633605957000043],[74.34002685500008,22.63983154300007],[74.36181640600006,22.633422852000024],[74.38500976600005,22.645812988000046],[74.38159179700006,22.658020020000038],[74.39501953100006,22.684204102000024],[74.40258789100005,22.731201172000056],[74.41442871100008,22.742614746000072],[74.43603515600006,22.781799316000047],[74.43463134800004,22.807617187000062],[74.46563720700004,22.81604003900003],[74.47741699200003,22.85504150400004],[74.46142578100006,22.907592773000033],[74.44781494100005,22.920837402000075],[74.41918945300006,22.916992187000062],[74.40460205100004,22.89819335900006],[74.37860107400007,22.906799316000047],[74.37121582000003,22.92199707000003],[74.34259033200004,22.950195312000062],[74.33941650400004,22.96319580100004],[74.36499023400006,22.981018066000047],[74.34082031200006,23.032226562000062],[74.32299804700006,23.04058837900004],[74.31982421900005,23.05745579200004],[74.27955055000007,23.099236166000026],[74.28664908700006,23.114772644000027],[74.27179774100006,23.135437393000075],[74.26691143800008,23.156039399000065],[74.20347775200008,23.185705733000077],[74.18892578400005,23.173641529000065],[74.18612241200003,23.15158604100003],[74.14853991000007,23.15375221200003],[74.14151904300007,23.169708264000064],[74.12214582400003,23.172246296000026],[74.12018672500005,23.200435867000067],[74.13134128400003,23.224645443000043],[74.13326065100006,23.26186335700004],[74.10724363100007,23.269559763000075],[74.10706548400003,23.281072664000078],[74.08514842200003,23.298344034000024],[74.04654479500005,23.289625632000025],[74.02184724900007,23.319267160000038],[74.02549332900003,23.32973961500005],[73.97502139600005,23.333138604000055],[73.96952999600006,23.369915048000053],[73.94997811900004,23.377875352000046],[73.93301454000004,23.36757809200003],[73.92737410200004,23.336485663000076],[73.88565071400006,23.333535418000054],[73.88823365100006,23.346812786000044],[73.87140079900007,23.360966431000065],[73.85769833800003,23.390216859000077],[73.81049317300005,23.441373371000054],[73.77242127400007,23.43337739900005],[73.76165971600005,23.45445938000006],[73.74814983700003,23.453911695000045],[73.72937687700005,23.431742635000035],[73.70823227800008,23.417894405000027],[73.70390153000005,23.44728747700003],[73.69104406700006,23.455110641000033],[73.64646573100003,23.43877048400003],[73.63280742100005,23.464974478000045],[73.64137940700004,23.493683868000062],[73.65541252400004,23.505209102000038],[73.62914579100004,23.531327805000046],[73.62932897100006,23.55607224700003],[73.64308925000006,23.58043918800007],[73.63883563600007,23.626226802000076],[73.61394983000008,23.65000964500007],[73.56760345300006,23.65261349800005],[73.52206049200004,23.606085891000077],[73.49309537400006,23.63209620400005],[73.50900786300008,23.644260865000035],[73.50388574200008,23.65958979000004],[73.50722131600008,23.703099071000054],[73.47365386600006,23.705295765000074],[73.47096504100006,23.71971230400004],[73.44957029200003,23.73205150800004],[73.44567125000003,23.752925264000055],[73.42200673000008,23.762898817000064],[73.41761457600006,23.775109233000023],[73.39466485400004,23.78175544000004],[73.37894822900006,23.76946311000006],[73.35476266800003,23.785955869000077],[73.36528936400003,23.81166757400007],[73.36544415300006,23.83612474000006],[73.35204214400005,23.857675662000076],[73.38348443500007,23.91271940300004],[73.42095533700007,23.921428357000025],[73.41298263000004,23.949610638000024],[73.41363794900008,23.98194260500003],[73.39935812700008,24.04301785100006],[73.38382357700004,24.065565150000054],[73.36026367300008,24.079227728000035],[73.36127724600004,24.101984295000022],[73.32668780400007,24.108466399000065],[73.32685805300008,24.066122763000067],[73.29877033100007,24.04394263200004],[73.28753293600005,24.02113197400007],[73.26479822100004,24.019449390000034],[73.24742373800007,24.001828149000062],[73.22754771300004,24.020136157000024],[73.19246311000006,24.03961879800005],[73.21287133700008,24.075208151000027],[73.15722628200007,24.10032695600006],[73.12802263200007,24.12056308600006],[73.09829114000007,24.157162409000023],[73.07959102400008,24.169114749000073],[73.06711928200008,24.191542955000045],[73.09206807400005,24.219967566000037],[73.09289811700006,24.24508177000007],[73.10741078500007,24.263062153000078],[73.12394763200007,24.267125725000028],[73.14384145700006,24.305756836000057],[73.17238596500005,24.303223020000075],[73.17487911000006,24.33386865400007],[73.19642424500006,24.32795930800006],[73.21866855700006,24.361339676000057],[73.19790219400005,24.373043748000043],[73.16923721300003,24.351740493000023],[73.11218140800008,24.368597371000078],[73.09937242500007,24.38719892900008],[73.07886204100004,24.39227440800005],[73.10218320000007,24.42924796400007],[73.10854675100006,24.45523432500005],[73.08607701200003,24.493775784000036],[73.03750935700003,24.457548850000023],[72.99416094000003,24.472710575000065],[72.96812278300007,24.44529882100005],[72.97146729100007,24.429598009000074],[72.96382379300007,24.400009526000076],[72.97820023200006,24.37381328300006],[72.95397512000005,24.356054933000053],[72.91899629600005,24.34443396200004],[72.91185928300007,24.332844419000025],[72.88456941800007,24.361296694000032],[72.81393604000004,24.368022152000037],[72.80493981000006,24.36019063300006],[72.73288628900008,24.35974702200008],[72.68945636500007,24.404085009000028],[72.67849287000007,24.461091961000022],[72.65521580300003,24.45799362400004],[72.60527742600004,24.47108779100006],[72.57464450300006,24.474750921000066],[72.55337252900006,24.49803800500007],[72.53428897200007,24.50105480700006],[72.49263540700008,24.45482161900003],[72.49955022200004,24.41530348200007],[72.45774725100006,24.413361956000074],[72.45250383800004,24.44308801300008],[72.43405464100005,24.45520145200004],[72.43125973800005,24.478738907000036],[72.44381384400003,24.507710238000072],[72.41809872700003,24.52269896300004],[72.38572234800006,24.50778093100007],[72.34780985100008,24.564264623000042],[72.33120404600004,24.571494548000032],[72.32331632300003,24.552419048000047],[72.29017448200005,24.55087127300004],[72.26548053500005,24.56065059900004],[72.24656223800008,24.58984241400003],[72.26398204700007,24.608347172000038],[72.29508091900004,24.61321463400003],[72.30795802900008,24.59885855300007],[72.33530176500005,24.601677746000064],[72.34835277200006,24.633701939000048],[72.33312419400005,24.636377965000065],[72.31935922900004,24.622457671000063],[72.29825889300008,24.629485765000027],[72.27221487300005,24.634124031000056],[72.25062370000006,24.629180440000027],[72.23277004100004,24.646736592000025],[72.21655178400005,24.631308424000053],[72.19054922900006,24.623404890000074],[72.16773143900008,24.626626258000044],[72.14966297900008,24.648336588000063],[72.12509500400006,24.64355933300004],[72.08932449200006,24.66481266900007],[72.09030245000008,24.699868628000047],[72.08396002500007,24.71730641700003],[72.05805534700005,24.722655176000046],[72.01203367200003,24.698336331000064],[71.98382210500006,24.693817327000033],[71.97841373900008,24.66273638100006],[71.96447933100006,24.649936683000078],[71.92582296800003,24.638539347000062],[71.90534613900007,24.68229795800005],[71.88725079200003,24.67639951800004],[71.87093471700007,24.686250563000044],[71.85747695500004,24.669922581000037],[71.86540732000003,24.632025229000078],[71.85548181400003,24.622271799000032],[71.80916460300006,24.623266770000043],[71.80197600700006,24.631717455000057],[71.80994283300004,24.658209991000035],[71.80293868900003,24.673827845000062],[71.77838256600006,24.679579355000044],[71.73038250200005,24.66253581600006],[71.70812129000007,24.66403872500007],[71.65507881500008,24.639641803000075],[71.60734907100004,24.67906652000005],[71.58639001100005,24.671581554000056],[71.57380050400008,24.686729350000064],[71.54150466600004,24.677938014000063],[71.52916756900004,24.68767291200004],[71.47769879200007,24.679234059000066],[71.44639319900006,24.667509465000023],[71.41666797600004,24.643581365000045],[71.37713031400006,24.625253102000045],[71.35869672300004,24.630586692000065],[71.34804581700007,24.66041152200006],[71.31331827500003,24.649080427000058],[71.28823772000004,24.615908997000076],[71.28508086100004,24.594546781000076],[71.30666823600006,24.589525284000047],[71.30235906600007,24.554509223000025],[71.27921480700007,24.544003275000023],[71.25548424600004,24.544230866000078],[71.25011330400008,24.505968935000055],[71.27374275900007,24.514423045000058],[71.34356194600008,24.517842036000047],[71.34633633600004,24.502841757000056],[71.33421235100008,24.484488502000033],[71.32621956500003,24.44446571900005],[71.34487783500003,24.437615022000045],[71.32501771300008,24.41462241100004],[71.32369368400003,24.39511342000003],[71.36372885900005,24.390960979000056],[71.38408925500005,24.35405422200006],[71.37216005500005,24.333937801000047],[71.31218660700006,24.319823387000042],[71.29942407300007,24.30222187000004],[71.30833874100006,24.272942098000044],[71.30507219000003,24.24359348400003],[71.32652095200007,24.20176208600003],[71.32552257300006,24.18361268800004],[71.35787058000005,24.188238512000055],[71.34539930700004,24.165652157000068],[71.28165977700007,24.152615386000036],[71.28149234400007,24.137999215000036],[71.30836332500007,24.13328361500004],[71.33038011500008,24.121364760000063],[71.33675018600007,24.10774966500003],[71.31640105200006,24.09489561600003],[71.31788220600004,24.07873694700004],[71.28680239800008,23.989006043000074],[71.30508564200005,23.97461260400007],[71.27549236000004,23.92802420000004],[71.23913342200007,23.91808186700007],[71.21985161400005,23.935861343000056],[71.19367179500006,23.919406820000063],[71.17658190400005,23.922233551000033],[71.12734003300005,23.90695080300003],[71.10321127900005,23.90656669200007],[71.07877456900007,23.871809300000052],[71.06657918500008,23.81946395500006],[71.03657462100006,23.804885928000033],[71.05464958100004,23.784449920000043],[71.05519542600007,23.750978515000043],[71.06393137400005,23.73089004900004],[71.06424434300004,23.68265437900004],[71.03815107200006,23.67525524800004],[71.03798818600006,23.63888563100005],[71.05261488200006,23.621107169000027],[71.08241953100003,23.59902816400006],[71.09820732800006,23.618918180000037],[71.13917478200005,23.630381940000063],[71.13264764500008,23.64520986100007],[71.15088592600006,23.687235884000074],[71.17674567100005,23.709117312000046],[71.17554693300008,23.74363512000008],[71.21044559900008,23.732681400000047],[71.23774279800006,23.730216901000063],[71.24345333400004,23.704195232000075],[71.23269154500008,23.690623257000027],[71.25030650600007,23.662774667000065],[71.27299520400004,23.660788867000065],[71.28312173400008,23.648839421000048],[71.30451178700008,23.646228031000078],[71.34818570200008,23.655223054000032],[71.37079670300005,23.648239602000046],[71.40195082000008,23.60967712400003],[71.42591244900007,23.62768002200005],[71.42808350200005,23.604076435000025],[71.41753532600006,23.57185552800007],[71.46385874200007,23.559134690000064],[71.44494030400006,23.548198846000048],[71.45564432000003,23.486823048000076],[71.48385903600007,23.50960850000007],[71.51244008800006,23.517147127000044],[71.51199052900006,23.474029277000056],[71.56524109600008,23.49430132200007],[71.61413024400008,23.50111061000007],[71.66729589400006,23.484788611000056],[71.69242249400008,23.486442728000043],[71.72563004800008,23.480446119000078],[71.72683361700007,23.468647573000055],[71.77188189400005,23.46876663200004],[71.77761481700003,23.45524468700006],[71.75835463300007,23.418820494000045],[71.76157933400003,23.404337896000072],[71.79103248600006,23.393534011000042],[71.83408448600005,23.412838285000078],[71.85008452000005,23.43633991200005],[71.86594072900004,23.473902378000048],[71.90825359200005,23.494075535000036],[71.92707734300006,23.493475749000027],[71.94598214400008,23.51818505700004],[71.96903115700007,23.52596351300008],[71.98962214400007,23.482060972000056],[71.96519759200004,23.46401783300007],[71.96873739400007,23.408962838000036],[71.95638522600007,23.38735050500003],[71.92849993400006,23.38946828400003],[71.90334170100004,23.38124814500003],[71.88802438900007,23.390877342000067],[71.87055481400006,23.381714517000034],[71.89043777900008,23.342813723000063],[71.87683854100004,23.309664886000064],[71.87229780900003,23.271765309000045],[71.87845648000007,23.26064772600006],[71.87382658600006,23.22399878300007],[71.89690971600004,23.21967495900003],[71.90733847700005,23.260811696000076],[71.93300638300008,23.26224256000006],[71.94339285100006,23.237176780000027],[71.97013525200003,23.250538799000026],[71.99604086700003,23.248829472000068],[71.98891241200005,23.21008951400006],[71.95036257700008,23.20595614100006],[71.92786779100004,23.180954823000036],[71.90679368500008,23.176647754000044],[71.90063370000007,23.135717295000063],[71.90064601600005,23.101162483000053],[71.92097173300004,23.064658320000035],[71.94519058700007,23.062877573000037],[71.96148206000004,23.04728380100005],[71.97971250800003,23.059584924000035],[72.01801727100008,23.051051032000032],[72.02013232000007,22.992407736000075],[71.99452899500005,22.93842182800006],[72.00563294800008,22.922133681000048],[71.98953651700003,22.871865166000077],[72.00148068100003,22.827319901000067],[72.02658801000007,22.82811506300004],[72.03881666800004,22.803141820000064],[72.05834541200005,22.79899035400007],[72.04770361300007,22.769200210000065],[72.06212577100007,22.756656055000064],[72.07216435100008,22.731289677000063],[72.10779954300006,22.721644750000053],[72.09401045100003,22.67527332700007],[72.06767680600007,22.67467617500006],[72.06176888800007,22.696176826000055],[72.02303677200007,22.678897799000026],[72.06228213500003,22.65299291100007],[72.06433664300005,22.621916760000033],[72.14503564900008,22.586219288000052],[72.18486107200005,22.554221478000045],[72.17506057300005,22.536947492000024],[72.14627210100008,22.516851624000026],[72.14913333700008,22.493743275000043],[72.16248949100003,22.48200332300007],[72.12206551200006,22.461173294000048],[72.09053164800008,22.435027328000047],[72.05750825300004,22.442232646000036],[72.02823445800004,22.510204780000038],[71.96906562000004,22.514362606000077],[71.97136153700006,22.539423251000073],[71.94090826100006,22.54784292100004],[71.91409711200004,22.52635219900003],[71.91870966700003,22.48138711400003],[71.93710139000007,22.47912291500006],[71.95284633800003,22.490469431000065],[71.96960419800007,22.473047964000045],[71.94170240100004,22.46350153700007],[71.93388291700006,22.452878154000075],[71.94454210400005,22.384531112000047],[71.92072241800008,22.386097496000048],[71.90221281400005,22.423443150000026],[71.85966941100008,22.39613514100006],[71.86299523400004,22.37112451400003],[71.84697591600008,22.35795740800006],[71.83160405300004,22.36186666900005],[71.83777275500006,22.392880423000065],[71.78957227700005,22.388515934000054],[71.79341100200008,22.36471233800006],[71.75299429200004,22.361096549000024],[71.73571815000008,22.38166728500005],[71.71062751000005,22.398937690000025],[71.67194394100005,22.386083403000043],[71.64951253800007,22.400960232000045],[71.62552986700007,22.37937484500003],[71.62995129000007,22.343759698000042],[71.61476411900003,22.339891524000052],[71.61743164100005,22.30480957000003],[71.62579345700004,22.278991699000073],[71.64398193400007,22.27124023400006],[71.65740966800007,22.24658203100006],[71.63360595700004,22.23199462900004],[71.64099121100008,22.202819824000073],[71.67022705100004,22.210388184000067],[71.68261718700006,22.201232910000044],[71.70562744100005,22.203002930000025],[71.71838378900003,22.184814453000058],[71.74401855500008,22.183410645000038],[71.74658203100006,22.156616211000028],[71.81182861300005,22.132629395000038],[71.82098388700007,22.141235352000024],[71.85461425800008,22.13580322300004],[71.84960937500006,22.118408203000058],[71.86279296900005,22.09881591800007],[71.90977336600008,22.104610327000046],[71.93151650100003,22.123779983000077],[72.02044817500007,22.10310321700007],[72.03161385900006,22.119954028000052],[72.05557945500004,22.100580898000032],[72.08128591200006,22.052526974000045],[72.12306744800003,22.055929567000078],[72.14967011400006,22.014681173000042],[72.17514938700003,21.989514819000078],[72.19977035600004,21.986051770000074],[72.22057870900005,21.991933526000025],[72.22408885000004,22.01372395800007],[72.24293507600004,22.00668388400004],[72.23970213100006,21.99005864700007],[72.24789286800006,22.007146173000024],[72.22942503500008,22.06597102300003],[72.26937742400008,22.059062205000032],[72.28116386400006,22.079340510000065],[72.30856528800007,22.146417878000022],[72.32347520200005,22.14314291200003],[72.33728414300003,22.175192054000036],[72.31662338900003,22.221761635000064],[72.31122301700003,22.244296577000057],[72.31988866800003,22.255253838000044],[72.37094344000008,22.257365410000034],[72.38260606600005,22.346310868000046],[72.37530189000006,22.401795365000055],[72.38678623100003,22.398118699000065],[72.40682791600005,22.343897621000053],[72.39386306600005,22.306297291000078],[72.41855531700008,22.30192574000006],[72.42116958800005,22.280285710000044],[72.40333092000003,22.25733492100005],[72.41091043300008,22.206541479000066],[72.42026757400004,22.199554144000047],[72.46524924200008,22.25995942700007],[72.48117934200008,22.272468607000064],[72.51431348800008,22.284586887000046],[72.55745018800008,22.287965580000048],[72.58552927500006,22.27884196800005],[72.61049746000003,22.27973048800004],[72.63960800200005,22.268084372000033],[72.64493913600006,22.27916744500004],[72.68078080300006,22.273538006000024],[72.67787320300005,22.255266241000072],[72.71758109600006,22.24281247700003],[72.73794560000005,22.231244783000022],[72.76004813900005,22.230822932000024],[72.84131451600007,22.279968965000023],[72.87123270900008,22.278916021000043],[72.92029665300004,22.259821384000077],[72.90270704500006,22.237178017000076],[72.83804723700007,22.25804246100006],[72.83999560500007,22.241114522000032],[72.81158670200006,22.23921718200006],[72.78258201200003,22.213166245000025],[72.78212518300006,22.157178903000045],[72.75602157600008,22.171898799000076],[72.70113422100007,22.183867726000074],[72.65021781200005,22.21460137400004],[72.61723635700008,22.215166012000054],[72.57904982100007,22.196937897000055],[72.55105556700005,22.16622508300003],[72.54172397200006,22.12182585100004],[72.54535510800008,22.11179596100004],[72.53059756100004,22.068817763000027],[72.53175414500004,22.031587117000072],[72.51314848400006,22.00314273600003],[72.50818303500006,21.967207734000056],[72.52067642100008,21.929120483000077],[72.54671580100006,21.90897756800007],[72.58908345700007,21.92297219900007],[72.62331597500008,21.950856144000056],[72.64997548400004,21.960430123000037],[72.61931543500003,21.912874610000074],[72.61257785300006,21.884590013000036],[72.58634268300005,21.84974053800005],[72.56694903700003,21.83520319400003],[72.55034397100007,21.793760511000073],[72.55836601500005,21.78188969000007],[72.55190569100006,21.74886826000005],[72.53122642200003,21.715564112000038],[72.52999954400008,21.663737636000064],[72.55588854500007,21.648846866000042],[72.59787609400007,21.67664596000003],[72.63080066800006,21.678465350000067],[72.62976613800004,21.62942290500007],[72.63452614000005,21.61573909300006],[72.67401462600003,21.584370420000027],[72.73122855900004,21.59002432400007],[72.74036274200006,21.567583914000068],[72.71614392500004,21.550054186000068],[72.65361793100004,21.51435865600007],[72.64227339100006,21.486013495000066],[72.62864047300008,21.476191743000072],[72.61992953400005,21.442491996000058],[72.63669261300004,21.43361206000003],[72.66415972600004,21.44316944800005],[72.67033604200003,21.42836856300005],[72.64217460500004,21.409016179000048],[72.61587922900003,21.403393669000025],[72.60116756800005,21.38862424200005],[72.60068211000004,21.323640846000046],[72.59750284300003,21.305537445000027],[72.60931849500008,21.26892351400005],[72.63044861900005,21.23434903800006],[72.65412669600005,21.222674535000067],[72.63456156000007,21.19052225300004],[72.62861822300005,21.144119362000026],[72.61832177700006,21.113814793000074],[72.62126244200005,21.094428641000036],[72.64482486700007,21.086126394000075],[72.66495850500007,21.108342291000042],[72.69558199200003,21.084785821000025],[72.75240856700003,21.071182914000076],[72.75077095000006,21.057159682000076],[72.72715268100006,21.050909250000075],[72.73542945200006,20.992077117000065],[72.75801353800006,20.93762622400004],[72.76645633300006,20.934503643000028],[72.81045553100006,20.946261820000075],[72.82126964800005,20.926850487000024],[72.78245545400006,20.917548535000037],[72.82970800900006,20.809255991000043],[72.84013476700005,20.80405854600008],[72.84142319300008,20.77238107100004],[72.82866869900005,20.74238695200006],[72.86250827800006,20.695633561000022],[72.89654244700006,20.593499525000027],[72.89806361300003,20.573808808000024],[72.88575389000005,20.542511681000065],[72.88851927800005,20.508956470000044],[72.87219438500006,20.493098934000045],[72.85759560200006,20.465377427000078],[72.88850218700003,20.45941292300006],[72.85741145100008,20.417362960000048],[72.89588371900004,20.419671939000068],[72.90256075400004,20.40397389000003],[72.88283669400005,20.395925102000035],[72.89082557600005,20.37076945700005],[72.84731644900006,20.372808243000065],[72.82106353800003,20.364069318000077],[72.81334638100003,20.352205241000036],[72.78932154300003,20.347707128000025],[72.77631272900004,20.33098919400004],[72.77326607000003,20.300983564000035],[72.75536367700005,20.288333613000077],[72.75402972200004,20.26520071400006],[72.74134891500006,20.24012164000004],[72.74749947700008,20.20572355200005],[72.74085985200003,20.147066906000077],[72.74810787900003,20.12984830700003],[72.79321289100005,20.129821777000075],[72.78918457000003,20.148437500000057],[72.81719970700004,20.155639648000033],[72.81781005900007,20.18280029300007],[72.83959960900006,20.20819091800007],[72.86181640600006,20.20678710900006],[72.87121582000003,20.22760009800004],[72.90002441400003,20.226989746000072],[72.96319593400005,20.208825770000033],[72.96679687500006,20.22418212900004],[72.95483398400006,20.237609863000046],[72.93164062500006,20.243835449000073],[72.91259765600006,20.26843261700003],[72.94000244100005,20.293395996000072],[72.96343994100005,20.270629883000026],[72.98260498000008,20.276000977000024],[72.99438476600005,20.291809082000043],[73.03643798800005,20.291809082000043],[73.03918457000003,20.318237305000025],[73.06799316400003,20.328796387000068],[73.07904052700007,20.324584961000028],[73.09759521500007,20.359802246000072],[73.10961914100005,20.324401855000076],[73.10198974600007,20.302185059000067],[73.12481689500004,20.30303955100004],[73.13000488300008,20.316833496000072],[73.15203857400007,20.316589355000076],[73.16638183600008,20.28240966800007],[73.11560058600008,20.25579834000007],[73.09802246100008,20.23522949200003],[73.06079101600005,20.22259521500007],[73.05419921900005,20.204589844000054],[73.06359863300008,20.16900634800004],[73.08020019500003,20.172607422000056],[73.09960937500006,20.15582275400004],[73.14282226600005,20.17663574200003],[73.13378906200006,20.20520019500003],[73.15802002000004,20.197631836000028],[73.19982910200008,20.193786621000072],[73.21862793000008,20.185241699000073],[73.20678710900006,20.161987305000025],[73.19018554700006,20.162841797000056],[73.18798828100006,20.128601074000073],[73.21142578100006,20.119812012000068],[73.21862793000008,20.13580322300004],[73.24979360500004,20.12204876900006],[73.25463867200006,20.13720703100006],[73.27862548800005,20.147827148000033],[73.28424072300004,20.197814941000047],[73.29943847700008,20.20861816400003],[73.33758544900007,20.199584961000028],[73.35443115200007,20.212402344000054],[73.38659668000008,20.196411133000026],[73.40698242200006,20.195007324000073],[73.42199707000003,20.205810547000056],[73.41143798800005,20.237792969000054],[73.41583252000004,20.274230957000043],[73.42803955100004,20.277404785000044],[73.41302490200007,20.342407227000024],[73.41418457000003,20.356018066000047],[73.40002441400003,20.383789062000062],[73.38079834000007,20.39343261700003],[73.42382812500006,20.421386719000054],[73.42181396500007,20.429382324000073],[73.44641113300008,20.474792480000076],[73.46838378900003,20.495788574000073],[73.47979736300005,20.56158447300004],[73.47338867200006,20.58483886700003],[73.42980957000003,20.59564209000007],[73.42102050800008,20.62658691400003],[73.39483642600004,20.64019775400004],[73.44903564500004,20.691589355000076],[73.44580078100006,20.709411621000072],[73.46759033200004,20.721435547000056],[73.49102783200004,20.684814453000058],[73.48999023400006,20.655029297000056],[73.53363037100007,20.672607422000056],[73.55139160200008,20.64801025400004],[73.57000732400007,20.651000977000024],[73.61621093700006,20.624023437000062],[73.63104248000008,20.58001709000007],[73.65319824200003,20.563781738000046],[73.67041015600006,20.56262207000003],[73.69598388700007,20.577819824000073],[73.74700927700007,20.567626953000058],[73.76239013700007,20.574584961000028],[73.77618408200004,20.599609375000057],[73.80102539100005,20.600036621000072],[73.83898925800008,20.61999511700003],[73.83343505900007,20.64819335900006],[73.81262207000003,20.691406250000057],[73.82623291000004,20.700195312000062],[73.85241699200003,20.694641113000046],[73.87518310500008,20.729187012000068],[73.90563964800003,20.724792480000076],[73.94281005900007,20.74139404300007],[73.93280029300007,20.760192871000072],[73.93280029300007,20.808410645000038],[73.94482421900005,20.82379150400004],[73.92443847700008,20.850402832000043],[73.92559814500004,20.885192871000072],[73.91821289100005,20.906982422000056],[73.88879394500003,20.93280029300007],[73.89300537100007,20.95501709000007],[73.90960693400007,20.963989258000026],[73.90161132800006,20.981811523000033],[73.86840820300006,20.985595703000058],[73.82739257800006,21.013183594000054],[73.79602050800008,21.04382324200003],[73.81103515600006,21.057617187000062],[73.80841064500004,21.083984375000057],[73.78082275400004,21.063781738000046],[73.73040771500007,21.08178710900006],[73.73382568400007,21.098022461000028],[73.70660400400004,21.107604980000076],[73.65240478500004,21.106811523000033],[73.64678955100004,21.120605469000054],[73.61920166000004,21.117797852000024],[73.59918212900004,21.15600585900006],[73.63061523400006,21.15283203100006],[73.64318847700008,21.13879394500003],[73.67260742200006,21.153991699000073],[73.71600341800007,21.140625],[73.73419189500004,21.14221191400003],[73.74102783200004,21.166992187000062],[73.77282714800003,21.16400146500007],[73.78540039100005,21.183410645000038],[73.81640625000006,21.17340087900004],[73.82659912100007,21.199401855000076],[73.81182861300005,21.20861816400003],[73.81243896600006,21.23059082000003],[73.82904052700007,21.239196778000064],[73.82379150400004,21.264587402000075],[73.84942627000004,21.274230957000043],[73.88018798800005,21.26519775400004],[73.89941406200006,21.272399902000075],[73.94342041000004,21.29998779300007],[73.94982910200008,21.350402832000043],[73.94543457000003,21.380187988000046],[74.00921630900007,21.422241211000028],[74.04541015600006,21.418640137000068],[74.04760742200006,21.44842529300007],[74.06280517600004,21.463439941000047],[74.11718750000006,21.451782227000024],[74.12078857400007,21.46478271500007],[74.14898681600005,21.457397461000028],[74.16021728500004,21.468017578000058],[74.21002197300004,21.461608887000068],[74.21478271500007,21.481018066000047],[74.25659179700006,21.47619628900003],[74.30480957000003,21.487426758000026],[74.32141113300008,21.49798584000007],[74.32159423800005,21.528625488000046],[74.33123779300007,21.552185059000067],[74.30383300800008,21.55163574200003],[74.30023193400007,21.56799316400003],[74.27679443400007,21.56140136700003],[74.26263427700007,21.53918457000003],[74.19598388700007,21.536987305000025],[74.15838623000008,21.568237305000025],[74.13861084000007,21.54840087900004],[74.09918212900004,21.555419922000056],[74.07299804700006,21.547424316000047],[74.03082275400004,21.544982910000044],[74.01141357400007,21.548828125000057],[73.99902343700006,21.538208008000026],[73.97479248000008,21.542236328000058],[73.96661377000004,21.52178955100004],[73.93621826200007,21.511596680000025],[73.92962646500007,21.522399902000075],[73.85278320300006,21.497192383000026],[73.83538818400007,21.519592285000044],[73.81298828100006,21.601989746000072],[73.78222656200006,21.61804199200003],[73.78881835900006,21.633605957000043],[73.82183837900004,21.643005371000072],[73.83959960900006,21.632812500000057],[73.88879394500003,21.652587891000053],[73.89520263700007,21.67541503900003],[73.88183593700006,21.714233398000033],[73.86920166000004,21.717407227000024],[73.83703613300008,21.74621582000003],[73.82781982400007,21.80963134800004],[73.80859375000006,21.809387207000043],[73.79638671900005,21.824035645000038],[73.82702636700003,21.842224121000072],[73.87603759800004,21.842590332000043],[73.89044189500004,21.85504150400004],[73.93041992200006,21.864013672000056],[73.97619628900003,21.88842773400006],[74.02960205100004,21.910827637000068],[74.05139160200008,21.926025391000053],[74.14739990200007,21.952392578000058],[74.14343261700003,21.98999023400006],[74.10461425800008,21.99798584000007],[74.09838867200006,22.019592285000044],[74.11639404300007,22.02502441400003],[74.13641357400007,22.052429199000073],[74.16082763700007,22.058410645000038],[74.17120361300005,22.091186523000033],[74.15344238300008,22.10540771500007],[74.12518310500008,22.09759521500007],[74.13140869100005,22.143981934000067],[74.11901855500008,22.185241699000073],[74.11822509800004,22.205993652000075],[74.10699462900004,22.21978759800004],[74.07299804700006,22.218627930000025],[74.07519531200006,22.26519775400004],[74.05963134800004,22.273986816000047],[74.05322265600006,22.293640137000068],[74.07324218700006,22.342590332000043],[74.07238769500003,22.361022949000073],[74.11322021500007,22.36639404300007],[74.12640380900007,22.355834961000028],[74.12878418000008,22.332641602000024],[74.19104003900003,22.319824219000054],[74.19219970700004,22.341186523000033],[74.22302246100008,22.364196777000075],[74.22662353500004,22.37939453100006],[74.25500488300008,22.385192871000072],[74.27124023400006,22.41259765600006],[74.24481201200007,22.433410645000038],[74.20458984400005,22.44561767600004],[74.20343017600004,22.468627930000025],[74.18060302700007,22.462219238000046],[74.18560791000004,22.441833496000072],[74.16040039100005,22.431030273000033],[74.14819335900006,22.453186035000044],[74.12878418000008,22.426391602000024]],[[72.96661377000004,20.301208496000072],[72.95343017600004,20.314819336000028],[72.96240234400005,20.33178710900006],[72.98382568400007,20.318420410000044],[72.96661377000004,20.301208496000072]]]]},"properties":{"OBJECTID":156,"object_id":2,"name":"GUJARAT REGION","state_code":"GUJARAT","region_cod":"CENTRAL INDIA","subdivisio":"GUJARAT REGION","uorder":21},"id": 12},
{"type":"Feature","geometry":{"type":"Polygon","coordinates":[[[85.70959472700008,24.769226074000073],[85.71099853500004,24.726440430000025],[85.68359375000006,24.69104003900003],[85.65142822300004,24.684020996000072],[85.66882324200003,24.66101074200003],[85.66503906200006,24.650390625000057],[85.67840576200007,24.616210937000062],[85.67138671900005,24.579223633000026],[85.65539550800008,24.575439453000058],[85.61761474600007,24.58020019500003],[85.60418701200007,24.595214844000054],[85.58300781200006,24.600219727000024],[85.56842041000004,24.586608887000068],[85.57440185500008,24.561828613000046],[85.54803466800007,24.54840087900004],[85.54321289100005,24.530029297000056],[85.52600097700008,24.52038574200003],[85.50079345700004,24.546020508000026],[85.47320556600005,24.54400634800004],[85.43420410200008,24.53100585900006],[85.39984130900007,24.544433594000054],[85.39440918000008,24.52978515600006],[85.32379150400004,24.519409180000025],[85.28442382800006,24.51983642600004],[85.28741455100004,24.493835449000073],[85.25158691400009,24.490234375000057],[85.22698974600007,24.463806152000075],[85.16381835900006,24.460205078000058],[85.17620849600007,24.419982910000044],[85.12640380900007,24.401611328000058],[85.09118652300003,24.372009277000075],[85.07482910200008,24.38043212900004],[85.08398437500006,24.39801025400004],[85.03363037100007,24.415405273000033],[84.95739746100008,24.37103271500007],[84.93878173800005,24.37939453100006],[84.91882324200003,24.37280273400006],[84.88421630900007,24.424194336000028],[84.88800048800005,24.458801270000038],[84.87200927700007,24.457031250000057],[84.83660888700007,24.468994141000053],[84.84143066400009,24.511413574000073],[84.82800293000008,24.524841309000067],[84.80438232400007,24.530212402000075],[84.79162597700008,24.506835937000062],[84.75262451200007,24.496826172000056],[84.72802734400005,24.46838378900003],[84.71258544900007,24.470397949000073],[84.68780517600004,24.45520019500003],[84.66723632800006,24.392395020000038],[84.63281250000006,24.40460205100004],[84.61682128900009,24.39819335900006],[84.58520507800006,24.41241455100004],[84.56964111300005,24.408813477000024],[84.57623291000004,24.384582520000038],[84.53680419900007,24.364196777000075],[84.52581787100007,24.333007812000062],[84.50299072300004,24.286987305000025],[84.49102783200004,24.31420898400006],[84.46820068400007,24.330627441000047],[84.42663574200003,24.329406738000046],[84.43041992200006,24.356384277000075],[84.40563964800003,24.362792969000054],[84.39141845700004,24.379638672000056],[84.34362793000008,24.393188477000024],[84.32379150400004,24.44561767600004],[84.29962158200004,24.448608398000033],[84.29339599600007,24.465820312000062],[84.30541992200006,24.479797363000046],[84.32958984400005,24.48681640600006],[84.32440185500008,24.51519775400004],[84.29199218700006,24.562194824000073],[84.27960205100004,24.543395996000072],[84.26123046900005,24.533813477000024],[84.22198486300005,24.536437988000046],[84.19042968700006,24.552795410000044],[84.17443847700008,24.538024902000075],[84.18762207000003,24.518005371000072],[84.18078613300008,24.504821777000075],[84.13659668000008,24.523803711000028],[84.14282226600005,24.5],[84.11041259800004,24.476989746000072],[84.08758544900007,24.506225586000028],[84.09143066400009,24.53601074200003],[84.08062744100005,24.54022216800007],[84.07519531200006,24.567016602000024],[84.03582763700007,24.61962890600006],[84.01043701200007,24.642395020000038],[84,24.637817383000026],[83.97698974600007,24.59100341800007],[83.93719482400007,24.547790527000075],[83.87481689500004,24.531799316000047],[83.86462402300003,24.536621094000054],[83.80358886700003,24.52960205100004],[83.76300048800005,24.510986328000058],[83.71661377000004,24.503601074000073],[83.68981933600008,24.51342773400006],[83.59802246100008,24.51220703100006],[83.55401611300005,24.522827148000033],[83.50518798800005,24.52502441400003],[83.40319824200003,24.50280761700003],[83.38739013700007,24.45660400400004],[83.40679931600005,24.435607910000044],[83.40698242200006,24.40441894500003],[83.43762207000003,24.39819335900006],[83.44982910200008,24.370788574000073],[83.43560791000004,24.338623047000056],[83.41339111300005,24.33941650400004],[83.38238525400004,24.313415527000075],[83.38879394500003,24.297790527000075],[83.40924072300004,24.288391113000046],[83.41119384800004,24.265808105000076],[83.39959716800007,24.243408203000058],[83.38079834000007,24.229797363000046],[83.38421630900007,24.194824219000054],[83.36358642600004,24.155212402000075],[83.35681152300003,24.126403809000067],[83.33183,24.101173],[83.389767,24.0995],[83.408582,24.079968],[83.436148,24.083726],[83.439623,24.057546],[83.456181,24.040971],[83.476801,24.04096],[83.510215,24.030674],[83.52581996200007,24.011831061000066],[83.517124,23.980995],[83.550824,23.933417],[83.548872,23.913814],[83.55981,23.892884],[83.587991,23.882117],[83.570877,23.8662],[83.6483,23.846279],[83.668523,23.843786],[83.676307,23.826675],[83.709609,23.816914],[83.706361,23.806107],[83.724021,23.787472],[83.723244,23.771944],[83.73971,23.759985],[83.748043,23.718987],[83.72557700600004,23.683367005000036],[83.760904,23.652998],[83.753894,23.638152],[83.774329,23.623265],[83.779094,23.607456],[83.81897,23.594129],[83.890592,23.578307],[83.941751,23.569965],[83.933902,23.619897],[83.944518,23.625476],[84.010703,23.627334],[84.032028,23.599029],[84.030063,23.545078],[84.016909,23.503602],[83.973006,23.466393],[83.983698,23.42174],[83.964342,23.384811],[83.971285,23.366282],[84.013725,23.353154],[84.02514,23.377415],[84.053014,23.373943],[84.053657,23.358984],[84.076489,23.332957],[84.063666,23.306773],[84.069497,23.293604],[84.055741,23.246752],[84.065465,23.206037],[84.045383,23.182675],[84.033901,23.157276],[84.042153,23.136433],[84.074262,23.108388],[84.092115,23.111856],[84.135475,23.08253],[84.12811000300007,23.03279899100005],[84.148972,22.989905],[84.151508,22.964808],[84.18033299800004,22.979227002000073],[84.17748,23.009248],[84.187822,23.026527],[84.220734,22.97872],[84.244604,22.98275],[84.255578,22.971671],[84.276472,22.985058],[84.282567,22.963403],[84.309669,22.966864],[84.330144,22.981331],[84.382514,22.971506],[84.398229,22.92529],[84.379586,22.909056],[84.384461,22.895942],[84.373549,22.864088],[84.336814,22.860969],[84.316807,22.799988],[84.30137,22.795304],[84.291397,22.765642],[84.261895,22.767049],[84.231596,22.736232],[84.240135,22.691252],[84.223079,22.667395],[84.152063,22.635891],[84.112717,22.640107],[84.08602,22.637523],[84.05141900900009,22.59435901100005],[84.02643,22.591207],[84.013578,22.575339],[84.004839,22.545304],[84.01097905100005,22.525369],[84.05139160200008,22.516418457000043],[84.08282470700004,22.493591309000067],[84.11700439500004,22.475585937000062],[84.14459228500004,22.471801758000026],[84.14318847700008,22.424621582000043],[84.15783691400009,22.407592773000033],[84.19903564500004,22.37744140600006],[84.25244140600006,22.378417969000054],[84.27099609400005,22.35382080100004],[84.29339599600007,22.342224121000072],[84.32000732400007,22.341796875000057],[84.36962890600006,22.35260009800004],[84.40258789100005,22.34582519500003],[84.43658447300004,22.359802246000072],[84.43481445300006,22.373596191000047],[84.47918701200007,22.386413574000073],[84.47680664100005,22.40740966800007],[84.50518798800005,22.419189453000058],[84.55059814500004,22.42163085900006],[84.57281494100005,22.427612305000025],[84.63018798800005,22.433593750000057],[84.66864013700007,22.41882324200003],[84.70239257800006,22.41558837900004],[84.75219726600005,22.418640137000068],[84.76123046900005,22.445983887000068],[84.80560302700007,22.44738769500003],[84.83898925800008,22.430786133000026],[84.87298584000007,22.43920898400006],[84.91162109400005,22.42199707000003],[84.95660400400004,22.45819091800007],[84.97283935500008,22.450988770000038],[85.04083252000004,22.481018066000047],[85.05920410200008,22.485595703000058],[85.08001709000007,22.476806641000053],[85.06182861300005,22.447998047000056],[85.08862304700006,22.399414062000062],[85.07958984400005,22.36444091800007],[85.09143066400009,22.319030762000068],[85.12023925800008,22.316833496000072],[85.11920166000004,22.29382324200003],[85.10443115200007,22.29400634800004],[85.07458496100008,22.275390625000057],[85.08020019500003,22.256408691000047],[85.05639648400006,22.182983398000033],[85.03198242200006,22.161804199000073],[85.03643798800005,22.137390137000068],[85.02703857400007,22.117431641000053],[84.98620605500008,22.09423828100006],[84.99279785200008,22.08020019500003],[85.01422119100005,22.090026855000076],[85.02642822300004,22.108642578000058],[85.05761718700006,22.11499023400006],[85.10223388700007,22.103393555000025],[85.11480712900004,22.07843017600004],[85.14721679700006,22.079040527000075],[85.21643066400009,22.048828125000057],[85.22381591800007,22.017395020000038],[85.24139404300007,22.008789062000062],[85.25421142600004,22.02642822300004],[85.26501464800003,22.057189941000047],[85.28338623000008,22.08978271500007],[85.32519531200006,22.126831055000025],[85.34759521500007,22.12921142600004],[85.37359619100005,22.160400391000053],[85.39019775400004,22.155395508000026],[85.41461181600005,22.16101074200003],[85.46459960900006,22.139221191000047],[85.49462890600006,22.119384766000053],[85.52923584000007,22.108642578000058],[85.54998779300007,22.08959960900006],[85.56481933600008,22.09460449200003],[85.60162353500004,22.077636719000054],[85.62939453100006,22.080627441000047],[85.65740966800007,22.09338378900003],[85.68762207000003,22.053833008000026],[85.71240234400005,22.057983398000033],[85.75939941400009,22.077636719000054],[85.77001953100006,22.092407227000024],[85.80120849600007,22.10363769500003],[85.80963134800004,22.115417480000076],[85.83599853500004,22.093017578000058],[85.82562255900007,22.072814941000047],[85.79803466800007,22.08001709000007],[85.77960205100004,22.05499267600004],[85.78558349600007,22.03082275400004],[85.76379394500003,22.010009766000053],[85.76818847700008,21.994201660000044],[85.78698730500008,21.983642578000058],[85.80780029300007,21.98803710900006],[85.82800293000008,21.974426270000038],[85.85778808600008,21.982238770000038],[85.88684082000003,21.97882080100004],[85.91479492200006,21.98999023400006],[85.93579101600005,22.02160644500003],[85.94720459000007,22.019409180000025],[86.01184082000003,22.117004395000038],[85.99938964800003,22.12744140600006],[86.00683593700006,22.147583008000026],[86.03381347700008,22.191833496000072],[86.00561523400006,22.21282959000007],[85.97619628900009,22.24639892600004],[85.99182128900009,22.253601074000073],[86.03363037100007,22.306640625000057],[86.01660156200006,22.320983887000068],[86.03143310500008,22.33361816400003],[86.01599121100008,22.351623535000044],[86.03143310500008,22.385192871000072],[86.02038574200003,22.42498779300007],[85.98883056600005,22.434387207000043],[85.95941162100007,22.463439941000047],[85.97558593700006,22.505187988000046],[86.00079345700004,22.512817383000026],[86.03619384800004,22.533203125000057],[86.02642822300004,22.54400634800004],[86.04779052700007,22.566833496000072],[86.07141113300008,22.555236816000047],[86.10620117200006,22.500183105000076],[86.12603759800004,22.48803710900006],[86.21398925800008,22.47082519500003],[86.22821044900007,22.452392578000058],[86.27160644500003,22.441589355000076],[86.28582763700007,22.44720459000007],[86.29681396500007,22.425598145000038],[86.32482910200008,22.39642334000007],[86.32519531200006,22.384033203000058],[86.35418701200007,22.36303710900006],[86.36218261700003,22.347839355000076],[86.41284179700006,22.31939697300004],[86.44921875000006,22.310241699000073],[86.47381591800007,22.335205078000058],[86.50183105500008,22.34564209000007],[86.51239013700007,22.326599121000072],[86.53179931600005,22.321594238000046],[86.53002929700006,22.306030273000033],[86.58721923800005,22.29998779300007],[86.59881591800007,22.276794434000067],[86.61541748000008,22.281799316000047],[86.65362548800005,22.262817383000026],[86.66339111300005,22.236206055000025],[86.69079589800003,22.22064209000007],[86.72943115200007,22.216186523000033],[86.75244140600006,22.210815430000025],[86.80700683600008,22.223388672000056],[86.82641601600005,22.266235352000024],[86.88958740200007,22.25701904300007],[86.890625,22.296386719000054],[86.83563232400007,22.32379150400004],[86.83441162100007,22.347839355000076],[86.84539794900007,22.372436523000033],[86.84802246100008,22.399230957000043],[86.81542968700006,22.418395996000072],[86.76721191400009,22.426025391000053],[86.75421142600004,22.454223633000026],[86.75299072300004,22.481811523000033],[86.79779052700007,22.478393555000025],[86.80438232400007,22.50103759800004],[86.79559326200007,22.510009766000053],[86.79241943400007,22.540405273000033],[86.76922607400007,22.55780029300007],[86.75982666000004,22.577819824000073],[86.70941162100007,22.582397461000028],[86.66101074200003,22.575012207000043],[86.63562011700003,22.61041259800004],[86.64361572300004,22.658203125000057],[86.62200927700007,22.677612305000025],[86.58679199200003,22.69104003900003],[86.54559326200007,22.721618652000075],[86.50463867200006,22.717407227000024],[86.48419189500004,22.731201172000056],[86.47198486300005,22.753417969000054],[86.43719482400007,22.772583008000026],[86.42181396500007,22.790405273000033],[86.43762207000003,22.827636719000054],[86.43524169900007,22.85260009800004],[86.45318603500004,22.86181640600006],[86.45562744100005,22.885192871000072],[86.46679687500006,22.893798828000058],[86.43798828100006,22.922790527000075],[86.46520996100008,22.93640136700003],[86.47442627000004,22.949035645000038],[86.49359130900007,22.93798828100006],[86.50518798800005,22.95080566400003],[86.52783203100006,22.946594238000046],[86.55163574200003,22.977783203000058],[86.52642822300004,22.97619628900003],[86.5,22.992187500000057],[86.46679687500006,22.98803710900006],[86.42803955100004,22.99621582000003],[86.39624023400006,22.98040771500007],[86.38818359400005,22.995422363000046],[86.36883544900007,22.999816895000038],[86.34039306600005,22.98999023400006],[86.29559326200007,23.013183594000054],[86.26739502000004,22.99963378900003],[86.22680664100005,22.994018555000025],[86.21258544900007,23.007202148000033],[86.18798828100006,23.004638672000056],[86.18261718700006,23.018981934000067],[86.15838623000008,23.032226562000062],[86.16003418000008,23.047424316000047],[86.14398193400007,23.056640625000057],[86.14819335900006,23.074829102000024],[86.13500976600005,23.083435059000067],[86.10223388700007,23.08642578100006],[86.05139160200008,23.10540771500007],[86.05718994100005,23.123413086000028],[86.03979492200006,23.14660644500003],[85.99902343700006,23.14959716800007],[85.96038818400007,23.160400391000053],[85.91900634800004,23.145629883000026],[85.88421630900007,23.168029785000044],[85.88580322300004,23.19543457000003],[85.86663818400007,23.221435547000056],[85.83862304700006,23.22064209000007],[85.84039306600005,23.24639892600004],[85.82238769500003,23.268798828000058],[85.84002685500008,23.304382324000073],[85.87023925800008,23.328796387000068],[85.87841796900005,23.357421875000057],[85.87298584000007,23.389404297000056],[85.90063476600005,23.405212402000075],[85.86602783200004,23.431030273000033],[85.87420654300007,23.476013184000067],[85.91143798800005,23.483642578000058],[85.95361328100006,23.470397949000073],[86.02539062500006,23.485595703000058],[86.04119873000008,23.497192383000026],[86.04199218700006,23.514404297000056],[86.02301025400004,23.543640137000068],[86.02239990200007,23.560424805000025],[86.05419921900005,23.585815430000025],[86.07818603500004,23.57861328100006],[86.08038330100004,23.566223145000038],[86.16082763700007,23.559020996000072],[86.15081787100007,23.523986816000047],[86.16284179700006,23.507812500000057],[86.15240478500004,23.46478271500007],[86.18261718700006,23.460388184000067],[86.23120117200006,23.442810059000067],[86.23278808600008,23.42962646500007],[86.29101562500006,23.429016113000046],[86.33624267600004,23.446594238000046],[86.35321044900007,23.441589355000076],[86.35919189500004,23.460388184000067],[86.37963867200006,23.48059082000003],[86.36718750000006,23.48999023400006],[86.37780761700003,23.508605957000043],[86.36779785200008,23.530029297000056],[86.39099121100008,23.574035645000038],[86.41741943400007,23.576232910000044],[86.42321777300003,23.588989258000026],[86.45098877000004,23.600830078000058],[86.44842529300007,23.616027832000043],[86.46423339800003,23.62921142600004],[86.49304199200003,23.63720703100006],[86.52941894500003,23.62902832000003],[86.57678222700008,23.647033691000047],[86.60119628900009,23.66558837900004],[86.66223144500003,23.686218262000068],[86.72064209000007,23.698608398000033],[86.74102783200004,23.69439697300004],[86.74780273400006,23.679382324000073],[86.80102539100005,23.68780517600004],[86.80139160200008,23.704223633000026],[86.81579589800003,23.74603271500007],[86.83081054700006,23.75280761700003],[86.82861328100006,23.776000977000024],[86.81140136700003,23.79803466800007],[86.82598877000004,23.813598633000026],[86.85583496100008,23.825195312000062],[86.86718750000006,23.845031738000046],[86.90362548800005,23.879821777000075],[86.93322753900009,23.870605469000054],[86.94940185500008,23.845397949000073],[86.97741699200003,23.86804199200003],[87.04278564500004,23.83679199200003],[87.05780029300007,23.820983887000068],[87.11303710900006,23.799438477000024],[87.15203857400007,23.796203613000046],[87.16961669900007,23.82379150400004],[87.13238525400004,23.853027344000054],[87.13183593700006,23.868408203000058],[87.16741943400007,23.864624023000033],[87.17779541000004,23.85400390600006],[87.21679687500006,23.850219727000024],[87.22021484400005,23.828796387000068],[87.24322509800004,23.825195312000062],[87.25823974600007,23.843200684000067],[87.24981689500004,23.854614258000026],[87.26098632800006,23.88201904300007],[87.29321289100005,23.892822266000053],[87.28662109400005,23.935424805000025],[87.29418945300006,23.958007812000062],[87.26300048800005,23.970397949000073],[87.27038574200003,23.989196777000075],[87.25018310500008,23.998229980000076],[87.23760986300005,24.02124023400006],[87.24798584000007,24.044616699000073],[87.29058837900004,24.028015137000068],[87.33941650400004,24.033386230000076],[87.32623291000004,24],[87.35382080100004,23.99798584000007],[87.36303710900006,24.012390137000068],[87.44281005900007,23.981018066000047],[87.46343994100005,23.995422363000046],[87.46380615200007,24.012390137000068],[87.49322509800004,24.01721191400003],[87.51159668000008,24.031616211000028],[87.49578857400007,24.05358886700003],[87.51080322300004,24.084594727000024],[87.49560546900005,24.086608887000068],[87.50219726600005,24.11499023400006],[87.52380371100008,24.112426758000026],[87.53839111300005,24.093994141000053],[87.56140136700003,24.080993652000075],[87.57458496100008,24.088989258000026],[87.57739257800006,24.11218261700003],[87.61022949200003,24.134582520000038],[87.57983398400006,24.155639648000033],[87.61761474600007,24.165405273000033],[87.64843750000006,24.152404785000044],[87.65979003900009,24.158386230000076],[87.68701171900005,24.142395020000038],[87.70458984400005,24.174011230000076],[87.70098877000004,24.186828613000046],[87.67938232400007,24.194030762000068],[87.67700195300006,24.207031250000057],[87.64459228500004,24.21179199200003],[87.64941406200006,24.251403809000067],[87.68878173800005,24.247009277000075],[87.70861816400009,24.259826660000044],[87.71600341800007,24.282226562000062],[87.74902343700006,24.297790527000075],[87.77203369100005,24.327636719000054],[87.77020263700007,24.343627930000025],[87.78839111300005,24.361999512000068],[87.80401611300005,24.408996582000043],[87.79119873000008,24.415039062000062],[87.80603027300003,24.453796387000068],[87.82641601600005,24.457824707000043],[87.81921386700003,24.489196777000075],[87.80200195300006,24.49304199200003],[87.80603027300003,24.515625],[87.80523681600005,24.56158447300004],[87.83038330100004,24.557189941000047],[87.89440918000008,24.565185547000056],[87.89520263700007,24.580810547000056],[87.91601562500006,24.596618652000075],[87.90820312500006,24.614196777000075],[87.92102050800008,24.661804199000073],[87.89440918000008,24.67358398400006],[87.91040039100005,24.720214844000054],[87.86322021500007,24.733642578000058],[87.82019043000008,24.760437012000068],[87.83422851600005,24.777221680000025],[87.85583496100008,24.760986328000058],[87.87121582000003,24.773803711000028],[87.88421630900007,24.79840087900004],[87.87823486300005,24.821228027000075],[87.90222168000008,24.82202148400006],[87.89984130900007,24.859985352000024],[87.91778564500004,24.88238525400004],[87.95581054700006,24.908630371000072],[87.96380615200007,24.922241211000028],[87.96063232400007,24.969421387000068],[87.94219970700004,24.991027832000043],[87.91339111300005,25.001220703000058],[87.87921142600004,25.033813477000024],[87.83782959000007,25.058410645000038],[87.79724121100008,25.089233398000033],[87.80401611300005,25.11480712900004],[87.78179931600005,25.14343261700003],[87.78399658200004,25.179382324000073],[87.77539062500006,25.20520019500003],[87.77722168000008,25.251220703000058],[87.71398925800008,25.257202148000033],[87.71398925800008,25.274230957000043],[87.69580078100006,25.28424072300004],[87.69464111300005,25.311218262000068],[87.65740966800007,25.307189941000047],[87.63299560500008,25.31921386700003],[87.60699462900004,25.315002441000047],[87.57720947300004,25.340393066000047],[87.55438232400007,25.332214355000076],[87.54522705100004,25.293640137000068],[87.48980712900004,25.296020508000026],[87.50140380900007,25.26220703100006],[87.47583007800006,25.232788086000028],[87.48059082000003,25.194030762000068],[87.46539306600005,25.194641113000046],[87.39440918000008,25.22741699200003],[87.37341308600008,25.20678710900006],[87.33703613300008,25.215637207000043],[87.32080078100006,25.19439697300004],[87.32183837900004,25.164794922000056],[87.30761718700006,25.142395020000038],[87.29803466800007,25.08819580100004],[87.27301025400004,25.093200684000067],[87.26342773400006,25.10400390600006],[87.23962402300003,25.088806152000075],[87.21643066400009,25.090393066000047],[87.19439697300004,25.06561279300007],[87.18359375000006,25.065429687000062],[87.16040039100005,25.027404785000044],[87.14843750000006,25.018981934000067],[87.15679931600005,24.97760009800004],[87.14739990200007,24.91882324200003],[87.15960693400007,24.88238525400004],[87.14483642600004,24.864196777000075],[87.11181640600006,24.85119628900003],[87.09204101600005,24.82183837900004],[87.09820556600005,24.802185059000067],[87.08123779300007,24.777038574000073],[87.08642578100006,24.755004883000026],[87.07238769500003,24.743591309000067],[87.08300781200006,24.725585937000062],[87.05639648400006,24.66882324200003],[87.05139160200008,24.617614746000072],[86.99859619100005,24.619384766000053],[86.98083496100008,24.639587402000075],[86.93218994100005,24.626220703000058],[86.91119384800004,24.595214844000054],[86.92059326200007,24.557434082000043],[86.89123535200008,24.560424805000025],[86.88220214800003,24.573608398000033],[86.86242675800008,24.555603027000075],[86.82202148400006,24.57342529300007],[86.80902099600007,24.598388672000056],[86.78942871100008,24.616027832000043],[86.75579834000007,24.617614746000072],[86.75244140600006,24.59478759800004],[86.73840332000003,24.583984375000057],[86.67181396500007,24.56561279300007],[86.60662841800007,24.60522460900006],[86.58282470700004,24.566223145000038],[86.55059814500004,24.538391113000046],[86.53100585900006,24.54400634800004],[86.50219726600005,24.50939941400003],[86.48742675800008,24.46960449200003],[86.49780273400006,24.455627441000047],[86.49359130900007,24.427612305000025],[86.46862793000008,24.417236328000058],[86.46942138700007,24.38043212900004],[86.44720459000007,24.367187500000057],[86.43499755900007,24.379638672000056],[86.41601562500006,24.37939453100006],[86.39782714800003,24.414794922000056],[86.35998535200008,24.429382324000073],[86.35144043000008,24.445983887000068],[86.31823730500008,24.441589355000076],[86.27844238300008,24.465393066000047],[86.31158447300004,24.51062011700003],[86.29962158200004,24.53283691400003],[86.30303955100004,24.560424805000025],[86.31982421900005,24.576782227000024],[86.29479980500008,24.587402344000054],[86.25720214800003,24.58642578100006],[86.22601318400007,24.61022949200003],[86.21600341800007,24.593811035000044],[86.19042968700006,24.583007812000062],[86.16918945300006,24.58319091800007],[86.15258789100005,24.60119628900003],[86.125,24.613830566000047],[86.12384033200004,24.634826660000044],[86.13360595700004,24.675231934000067],[86.13079834000007,24.698242187000062],[86.09661865200007,24.744384766000053],[86.06738281200006,24.75103759800004],[86.05761718700006,24.77923584000007],[85.97760009800004,24.744201660000044],[85.97259521500007,24.732604980000076],[85.94061279300007,24.734191895000038],[85.92224121100008,24.744018555000025],[85.89202880900007,24.792236328000058],[85.85363769500003,24.80822753900003],[85.82238769500003,24.807617187000062],[85.81182861300005,24.793640137000068],[85.78039550800008,24.796020508000026],[85.74383544900007,24.81939697300004],[85.70959472700008,24.769226074000073]]]},"properties":{"OBJECTID":168,"object_id":22,"name":"JHARKHAND","state_code":"JHARKHAND","region_cod":"EAST AND NORTH EAST INDIA","subdivisio":"JHARKHAND","uorder":8},"id": 16},
{"type":"Feature","geometry":{"type":"MultiPolygon","coordinates":[[[[69.62892830300007,22.458851754000023],[69.60327468300005,22.44866214500007],[69.59034688500003,22.430723913000065],[69.60680978900007,22.41717413400005],[69.63649788000004,22.405715815000065],[69.65680686000007,22.426941928000076],[69.62892830300007,22.458851754000023]]],[[[71.28823772000004,24.615908997000076],[71.24953794000004,24.629007186000024],[71.11688861300007,24.667589562000046],[71.10688252100005,24.67440119300005],[71.06979778300007,24.637192639000034],[71.03143112200007,24.614270204000036],[70.99686535100005,24.600977486000033],[70.98222509100003,24.585847019000028],[70.97361805000008,24.558971228000075],[70.97506009200004,24.515304741000023],[70.99013364800004,24.492486289000055],[70.99259483400004,24.448709723000036],[71.03718397600005,24.432288888000073],[71.06659797500004,24.436984308000035],[71.10342996600008,24.435566548000054],[71.12578672200004,24.420433229000025],[71.12323699600006,24.40504640000006],[71.08150778100008,24.392300458000022],[71.05802673100004,24.362833557000044],[71.02179399900007,24.347535022000045],[70.99953365300007,24.353708297000026],[70.94106321700008,24.327230833000044],[70.90544159100006,24.297604619000026],[70.88910379400005,24.29006492800005],[70.88092278800008,24.271191103000035],[70.89469113900003,24.255066331000023],[70.88347830600003,24.233872096000027],[70.85320826100008,24.229502770000067],[70.83830734600008,24.217187900000056],[70.80688103900007,24.206004565000057],[70.72049784700005,24.20256306700003],[70.65883420100005,24.209111568000026],[70.61276874800006,24.228900914000064],[70.58704035900007,24.234347395000043],[70.59188916200003,24.262893676000033],[70.58853023900008,24.30397732600005],[70.57243332300004,24.341444143000047],[70.59392188200007,24.35530224100006],[70.60672819000007,24.38897159800007],[70.59926628400007,24.40272161300004],[70.57824841500008,24.40830647300004],[70.49211244900005,24.380604280000057],[70.43145833000005,24.36718556900007],[70.39290530700004,24.343685591000053],[70.33240998200006,24.338305357000024],[70.29159808600008,24.326922055000068],[70.24562278900004,24.30762659100003],[70.21648267300003,24.30633006000005],[70.18771853800007,24.294749870000032],[70.13550484800004,24.285726985000053],[70.11641641300008,24.27337318700006],[70.08541030300006,24.19926167600005],[70.04071609700003,24.160131687000046],[70.02328093400007,24.15561255500006],[69.97690251600005,24.161568663000025],[69.88029996200004,24.160210040000038],[69.78160158200006,24.16268092300004],[69.73838440700007,24.165766334000068],[69.69885792800005,24.19701942100005],[69.61189965700004,24.275804521000055],[69.59398404600006,24.280149866000045],[69.56712694500004,24.269285350000075],[69.51643315800004,24.258781417000023],[69.48057019600003,24.26044703200006],[69.45415365100007,24.268149230000063],[69.40275700500007,24.26058283100008],[69.37235484500007,24.260475764000034],[69.33171609500005,24.271156408000024],[69.31100392700006,24.268701070000077],[69.21284384100005,24.230810533000067],[69.19733418600003,24.23007792900006],[69.10794160400008,24.264417851000076],[69.07644288500006,24.24947773400004],[69.02741411800008,24.217047903000037],[68.99577160200005,24.223392989000047],[68.98357576400008,24.256186444000036],[68.96351402200008,24.288065447000065],[68.95280806500006,24.290637122000078],[68.92005866500006,24.272260662000065],[68.90979965100007,24.259210305000067],[68.89491207600008,24.216582886000026],[68.88543348700006,24.206512005000036],[68.86284275000008,24.211621055000023],[68.85491279500008,24.236868401000038],[68.85219,24.27258775000007],[68.83942852400008,24.303646698000023],[68.81499169200004,24.303509679000058],[68.77525905800007,24.285070809000047],[68.77568615400008,24.22015069500003],[68.76601995100003,23.965219309000076],[68.56637879700008,23.967366610000056],[68.39399700700005,23.964565936000042],[68.37874791600007,23.943101295000076],[68.36895725200003,23.97341930700003],[68.35147841600008,23.966499610000028],[68.35748650800008,23.927944117000038],[68.32153325700006,23.907982583000035],[68.29930467500003,23.916260755000053],[68.29035744100008,23.906036963000076],[68.23148995000008,23.88136201800006],[68.22114627900004,23.86588807000004],[68.21392022900005,23.825226593000025],[68.21192570400007,23.782385280000028],[68.19288608800008,23.74510274900007],[68.19033565500007,23.725310493000052],[68.19977318500008,23.696704364000027],[68.23807404000007,23.673937790000025],[68.25747157900008,23.65232264200006],[68.23800707200007,23.637679139000056],[68.20512422100006,23.657003793000058],[68.17580705900008,23.630577437000056],[68.16655721100005,23.61342651600006],[68.23273208900008,23.59549868700003],[68.25082462800003,23.583260822000057],[68.26944543600007,23.589783701000044],[68.31184960200005,23.572839755000075],[68.34895173600006,23.58608299200006],[68.36265537700007,23.642803729000036],[68.37446071400007,23.654682214000047],[68.39916186000005,23.699817091000057],[68.43930164900007,23.73347308900003],[68.45975538600004,23.731970924000052],[68.52940437300003,23.754462405000027],[68.54190187400008,23.75061713100007],[68.58353002500007,23.75642769500007],[68.61279148200003,23.79375585300005],[68.61900926300007,23.81721317800003],[68.66716666700006,23.838256095000077],[68.71968781700008,23.837069545000077],[68.74050927300004,23.84550202500003],[68.76073145800007,23.87535202300006],[68.79697003300004,23.878469732000042],[68.77771824000007,23.83227830000004],[68.76226949500006,23.818759863000025],[68.72062361700006,23.814560226000026],[68.71178745500004,23.81991713700006],[68.65438139700007,23.79210611800005],[68.64090896900007,23.76071933000003],[68.64274979800007,23.74292080500004],[68.61515040000006,23.734681469000066],[68.62059519900004,23.708914511000046],[68.59431637300008,23.70207982200003],[68.55859197400008,23.711993304000032],[68.55986421800003,23.685262933000047],[68.52877655500004,23.68667952100003],[68.54302119600004,23.657457586000078],[68.49280685800005,23.60103274000005],[68.49806618600007,23.554763964000074],[68.48572471300008,23.531390516000044],[68.49981680500008,23.478776770000024],[68.51148102700006,23.475404463000075],[68.54107140700006,23.429804275000038],[68.56722933000003,23.414888086000076],[68.57796356600005,23.39313777900003],[68.60166221500003,23.36609198600007],[68.61751487700008,23.357094561000054],[68.65727933900007,23.365131752000025],[68.66998776000008,23.359412588000055],[68.67498237200004,23.336790776000043],[68.68761675200005,23.333763323000028],[68.67567632700008,23.305105808000064],[68.69019975200007,23.29784877900005],[68.71730451200006,23.268853371000034],[68.71134688500007,23.239339749000067],[68.68467866800006,23.225637230000075],[68.65267285100003,23.231503128000043],[68.65041569400006,23.206618063000064],[68.67675009000004,23.196415482000077],[68.69294917800005,23.162806766000074],[68.70682381100005,23.154744536000067],[68.73369303300007,23.157905731000028],[68.74887356300007,23.12578651000007],[68.74307609700003,23.115108925000072],[68.76692689700008,23.095580578000067],[68.77205876500005,23.07819117100007],[68.79207589800006,23.065337044000046],[68.83190410000003,23.053413716000023],[68.87819835900007,23.012671040000043],[68.91716004800003,22.991910064000024],[68.96185231700008,22.975508465000075],[69.02106386300005,22.94374368900003],[69.16237355500004,22.859384679000073],[69.19431720000006,22.84416830400005],[69.26367317700004,22.82368894600006],[69.31700342300007,22.83149659700007],[69.34800481000008,22.819756640000037],[69.38034719600006,22.81629341300004],[69.44120416100003,22.784739280000053],[69.45142357300006,22.802090471000042],[69.47523444200004,22.79666966600007],[69.57926177500008,22.815185104000022],[69.62002167800006,22.808393396000042],[69.64263042500005,22.810879657000044],[69.65625780900007,22.794911128000024],[69.70046389600003,22.803356363000034],[69.70610496900008,22.785185691000038],[69.72756998200003,22.79679847700004],[69.74323270800005,22.82483002400005],[69.76326941600007,22.82403700100008],[69.79813558600006,22.850340687000028],[69.85871107800006,22.87082405800004],[69.88455889200003,22.87215466500004],[69.93005082700006,22.894251863000022],[69.96354974400003,22.89756718800004],[70.01238336100005,22.91351422200006],[70.03948385000007,22.953567252000028],[70.04766546200005,22.94981688400003],[70.08781218100006,22.967851118000056],[70.11823470300004,22.99035212800004],[70.13746525500005,23.012228105000077],[70.15613045700007,23.04441422700006],[70.20202786000004,23.102156234000063],[70.21547968900006,23.162397242000054],[70.24917182400003,23.17805690700004],[70.27451218700008,23.176810808000027],[70.29486680800005,23.188094724000052],[70.29557679200008,23.212022271000023],[70.32480440200004,23.224766614000032],[70.38584991600004,23.216436414000043],[70.41785290800004,23.217637113000023],[70.44308794300008,23.204672078000044],[70.46825361900005,23.199794316000066],[70.50405194300004,23.17589073000005],[70.62358385400006,23.180143263000048],[70.64762370500006,23.188876961000062],[70.64033563000004,23.204585028000054],[70.64928797200008,23.220741540000063],[70.67033038200003,23.228645534000066],[70.68320266500007,23.216271353000025],[70.70836679100006,23.217589429000043],[70.73150447100005,23.231149276000053],[70.74308067900006,23.225097127000026],[70.76111284000007,23.178551011000025],[70.76105815900007,23.14062449200003],[70.67062824100003,23.101762208000025],[70.63878243200003,23.080428720000043],[70.61238825700008,23.055436581000038],[70.60234968300006,23.034117],[70.57684101800004,23.039418054000066],[70.56059795500005,23.02392697500005],[70.54535124700004,22.986505088000058],[70.54104285100004,22.958860467000022],[70.51429910000007,22.960702627000046],[70.47779437800006,22.973242069000037],[70.44366917700006,22.958926826000038],[70.48000627600004,22.935482860000036],[70.51279153500008,22.935445509000033],[70.53933481000007,22.92410245700006],[70.49877246800008,22.89716069700006],[70.48550252600006,22.881548443000042],[70.46232272200007,22.831307179000078],[70.41330860600004,22.81839049900003],[70.39613391400007,22.802666396000063],[70.36112134500007,22.78256487300007],[70.32328433700008,22.74890959800007],[70.31022353100008,22.743291234000026],[70.26813349600008,22.70525264200006],[70.26432419600008,22.654917253000065],[70.23121709400004,22.631004064000024],[70.21104403500004,22.598629567000046],[70.17918217700003,22.567521966000072],[70.17605183300003,22.54437817400003],[70.14916577400004,22.511966017000077],[70.13276216000008,22.517180385000074],[70.11233466900006,22.498507781000058],[70.07919726500006,22.51513878700007],[70.04757087600007,22.50493454100007],[70.01029610600006,22.49992347700004],[69.98771375700005,22.509214403000044],[69.96424684300007,22.47769309100005],[69.93740633300007,22.463268974000073],[69.91320048000006,22.464404295000065],[69.88779980600003,22.45463538300004],[69.87365347900004,22.429674754000075],[69.83270048200006,22.44197459800006],[69.80935784000008,22.401481464000028],[69.80928927400004,22.386172500000043],[69.79040387100008,22.370543507000036],[69.76933768100008,22.381686958000046],[69.72987313600004,22.42182894000007],[69.69628021200003,22.37950710800004],[69.67454384600006,22.39168499400006],[69.66061570000005,22.382814522000047],[69.66191642200005,22.334807402000024],[69.62479886000006,22.333259997000027],[69.59663734100008,22.30898698200008],[69.56512287600003,22.315720858000077],[69.56730244200008,22.33959074200004],[69.50036950000003,22.363345159000062],[69.49036843600004,22.352038911000022],[69.48869528000006,22.325865674000056],[69.47065258100008,22.329678967000063],[69.45873421300007,22.316511280000043],[69.47603615800006,22.302147971000068],[69.47115672200005,22.290042981000056],[69.43619319400005,22.295295716000055],[69.41286366600008,22.28328723900006],[69.40219217900005,22.289113591000046],[69.37581220500005,22.280422534000024],[69.37205922600003,22.298641733000068],[69.33480944400003,22.29654169400004],[69.28105106200007,22.26697206700004],[69.24035610700008,22.255493799000078],[69.23475012500006,22.232236141000044],[69.21038243600003,22.217212303000053],[69.17130936000007,22.247201933000042],[69.19887194700004,22.270396410000046],[69.17822133400006,22.277521639000042],[69.15648898200004,22.315394576000074],[69.16743388200007,22.32643226500005],[69.17744695500005,22.373683587000073],[69.19795976700004,22.387452289000066],[69.19195484300008,22.420885630000043],[69.12574246700007,22.39584436000007],[69.11036124200007,22.407700887000033],[69.08439740100005,22.38845561100004],[69.06662228100004,22.386043709000035],[69.04542467000005,22.405737964000025],[69.04231414600008,22.436715890000073],[69.07513708100004,22.454557757000032],[69.07988510700005,22.478370919000042],[69.00786673500005,22.43960786400004],[68.98410568400004,22.41309536800003],[68.95693435800007,22.36472225800003],[68.95296471900008,22.33256398000003],[68.93641972900008,22.311137789000043],[68.95771621700004,22.258948435000036],[68.95277412200005,22.24859116300007],[68.98156321700003,22.21209221400005],[69.05689241100004,22.12666454400005],[69.09192692500005,22.095755506000046],[69.11218344400004,22.069058271000074],[69.21459496600005,21.958703271000047],[69.26820248400003,21.906826955000042],[69.35323630400006,21.836689054000033],[69.36732706500004,21.83177689400003],[69.43036973000005,21.764253583000027],[69.47445650100008,21.735579924000035],[69.56068519300004,21.654143608000027],[69.58603782700004,21.635845591000077],[69.60214353800006,21.635088195000037],[69.65198301100008,21.588167681000073],[69.66775572500006,21.56911313100005],[69.71068387100007,21.53151013200005],[69.79235863300005,21.441806746000054],[69.97438130800003,21.23432880100006],[70.05922730600008,21.143932465000034],[70.09754871900003,21.10807046900004],[70.13880961600006,21.075417268000024],[70.15958941400004,21.05409637500003],[70.22128124200003,21.002054088000023],[70.32209519400004,20.927061389000073],[70.36499271900004,20.901243943000054],[70.39271505900007,20.89289902200005],[70.43988408200005,20.852193756000077],[70.46902499600003,20.83679948500003],[70.61282698700006,20.771893205000026],[70.65653884100004,20.758884331000047],[70.67251032600007,20.75868518300007],[70.70647538600008,20.73640636400006],[70.74444709300008,20.720264642000075],[70.76561831100008,20.721231556000077],[70.82457044700004,20.69072236200003],[70.84384864400005,20.706157060000066],[70.86786805500003,20.704944708000028],[70.89155602500006,20.73335366300006],[70.94472163800003,20.739321584000038],[70.96714412000006,20.733819308000022],[70.98857792000007,20.74454092600007],[71.05027903400008,20.730984619000026],[71.08110578300005,20.73888091300006],[71.09210547200007,20.757387600000072],[71.14661812500003,20.758531538000057],[71.16455837700005,20.782275844000026],[71.20238314700003,20.789021900000023],[71.21224296600008,20.802807420000022],[71.23177157800006,20.804897311000047],[71.32092833300004,20.846847190000062],[71.38339341800008,20.85662157300004],[71.38688046200008,20.875653173000046],[71.41208922500005,20.865189199000042],[71.43746469700005,20.867348879000076],[71.46268867900005,20.88138898400007],[71.47865763000004,20.905875536000053],[71.51955303600005,20.951330461000055],[71.53236143800007,20.941354330000024],[71.56498294500005,20.948593905000052],[71.63653776100006,20.974413242000026],[71.63213357300003,20.98513222300005],[71.68105199200005,21.001712062000024],[71.71723795600008,21.020682218000047],[71.73793691400004,21.017768356000033],[71.78022548700005,21.029173308000054],[71.79662298300008,21.05511394800004],[71.81180144500007,21.06591340700004],[71.85217771000003,21.076762750000057],[71.88060069000005,21.08951385200004],[71.89833424100004,21.109941461000062],[71.97203467000008,21.12484967900008],[72.02023796100008,21.15521158000007],[72.04586328300007,21.163311788000044],[72.08588822600007,21.190311276000045],[72.11205338600007,21.198630670000057],[72.09046617300004,21.22784273900004],[72.08438295700006,21.246407047000048],[72.09839414000004,21.279366379000066],[72.13246168100005,21.33909787700003],[72.15585988300006,21.360598889000073],[72.17637445200006,21.392551644000037],[72.21060831400007,21.421036153000045],[72.23535454400007,21.45600829800003],[72.25606208400006,21.50249316000003],[72.26935246400006,21.570744811000054],[72.30381481100005,21.619957096000064],[72.30271825600005,21.643532897000057],[72.28854741700007,21.658627710000076],[72.25603566900008,21.774061369000037],[72.24228350900006,21.789370217000055],[72.23548003400003,21.812038917000052],[72.24245953300004,21.829811430000063],[72.21722513900005,21.867011400000024],[72.20314606300008,21.91383056600006],[72.21166855600006,21.96206704800005],[72.23958070000003,21.972231942000064],[72.23970213100006,21.99005864700007],[72.24293507600004,22.00668388400004],[72.22408885000004,22.01372395800007],[72.22057870900005,21.991933526000025],[72.19977035600004,21.986051770000074],[72.17514938700003,21.989514819000078],[72.14967011400006,22.014681173000042],[72.12306744800003,22.055929567000078],[72.08128591200006,22.052526974000045],[72.05557945500004,22.100580898000032],[72.03161385900006,22.119954028000052],[72.02044817500007,22.10310321700007],[71.93151650100003,22.123779983000077],[71.90977336600008,22.104610327000046],[71.86279296900005,22.09881591800007],[71.84960937500006,22.118408203000058],[71.85461425800008,22.13580322300004],[71.82098388700007,22.141235352000024],[71.81182861300005,22.132629395000038],[71.74658203100006,22.156616211000028],[71.74401855500008,22.183410645000038],[71.71838378900003,22.184814453000058],[71.70562744100005,22.203002930000025],[71.68261718700006,22.201232910000044],[71.67022705100004,22.210388184000067],[71.64099121100008,22.202819824000073],[71.63360595700004,22.23199462900004],[71.65740966800007,22.24658203100006],[71.64398193400007,22.27124023400006],[71.62579345700004,22.278991699000073],[71.61743164100005,22.30480957000003],[71.61476411900003,22.339891524000052],[71.62995129000007,22.343759698000042],[71.62552986700007,22.37937484500003],[71.64951253800007,22.400960232000045],[71.67194394100005,22.386083403000043],[71.71062751000005,22.398937690000025],[71.73571815000008,22.38166728500005],[71.75299429200004,22.361096549000024],[71.79341100200008,22.36471233800006],[71.78957227700005,22.388515934000054],[71.83777275500006,22.392880423000065],[71.83160405300004,22.36186666900005],[71.84697591600008,22.35795740800006],[71.86299523400004,22.37112451400003],[71.85966941100008,22.39613514100006],[71.90221281400005,22.423443150000026],[71.92072241800008,22.386097496000048],[71.94454210400005,22.384531112000047],[71.93388291700006,22.452878154000075],[71.94170240100004,22.46350153700007],[71.96960419800007,22.473047964000045],[71.95284633800003,22.490469431000065],[71.93710139000007,22.47912291500006],[71.91870966700003,22.48138711400003],[71.91409711200004,22.52635219900003],[71.94090826100006,22.54784292100004],[71.97136153700006,22.539423251000073],[71.96906562000004,22.514362606000077],[72.02823445800004,22.510204780000038],[72.05750825300004,22.442232646000036],[72.09053164800008,22.435027328000047],[72.12206551200006,22.461173294000048],[72.16248949100003,22.48200332300007],[72.14913333700008,22.493743275000043],[72.14627210100008,22.516851624000026],[72.17506057300005,22.536947492000024],[72.18486107200005,22.554221478000045],[72.14503564900008,22.586219288000052],[72.06433664300005,22.621916760000033],[72.06228213500003,22.65299291100007],[72.02303677200007,22.678897799000026],[72.06176888800007,22.696176826000055],[72.06767680600007,22.67467617500006],[72.09401045100003,22.67527332700007],[72.10779954300006,22.721644750000053],[72.07216435100008,22.731289677000063],[72.06212577100007,22.756656055000064],[72.04770361300007,22.769200210000065],[72.05834541200005,22.79899035400007],[72.03881666800004,22.803141820000064],[72.02658801000007,22.82811506300004],[72.00148068100003,22.827319901000067],[71.98953651700003,22.871865166000077],[72.00563294800008,22.922133681000048],[71.99452899500005,22.93842182800006],[72.02013232000007,22.992407736000075],[72.01801727100008,23.051051032000032],[71.97971250800003,23.059584924000035],[71.96148206000004,23.04728380100005],[71.94519058700007,23.062877573000037],[71.92097173300004,23.064658320000035],[71.90064601600005,23.101162483000053],[71.90063370000007,23.135717295000063],[71.90679368500008,23.176647754000044],[71.92786779100004,23.180954823000036],[71.95036257700008,23.20595614100006],[71.98891241200005,23.21008951400006],[71.99604086700003,23.248829472000068],[71.97013525200003,23.250538799000026],[71.94339285100006,23.237176780000027],[71.93300638300008,23.26224256000006],[71.90733847700005,23.260811696000076],[71.89690971600004,23.21967495900003],[71.87382658600006,23.22399878300007],[71.87845648000007,23.26064772600006],[71.87229780900003,23.271765309000045],[71.87683854100004,23.309664886000064],[71.89043777900008,23.342813723000063],[71.87055481400006,23.381714517000034],[71.88802438900007,23.390877342000067],[71.90334170100004,23.38124814500003],[71.92849993400006,23.38946828400003],[71.95638522600007,23.38735050500003],[71.96873739400007,23.408962838000036],[71.96519759200004,23.46401783300007],[71.98962214400007,23.482060972000056],[71.96903115700007,23.52596351300008],[71.94598214400008,23.51818505700004],[71.92707734300006,23.493475749000027],[71.90825359200005,23.494075535000036],[71.86594072900004,23.473902378000048],[71.85008452000005,23.43633991200005],[71.83408448600005,23.412838285000078],[71.79103248600006,23.393534011000042],[71.76157933400003,23.404337896000072],[71.75835463300007,23.418820494000045],[71.77761481700003,23.45524468700006],[71.77188189400005,23.46876663200004],[71.72683361700007,23.468647573000055],[71.72563004800008,23.480446119000078],[71.69242249400008,23.486442728000043],[71.66729589400006,23.484788611000056],[71.61413024400008,23.50111061000007],[71.56524109600008,23.49430132200007],[71.51199052900006,23.474029277000056],[71.51244008800006,23.517147127000044],[71.48385903600007,23.50960850000007],[71.45564432000003,23.486823048000076],[71.44494030400006,23.548198846000048],[71.46385874200007,23.559134690000064],[71.41753532600006,23.57185552800007],[71.42808350200005,23.604076435000025],[71.42591244900007,23.62768002200005],[71.40195082000008,23.60967712400003],[71.37079670300005,23.648239602000046],[71.34818570200008,23.655223054000032],[71.30451178700008,23.646228031000078],[71.28312173400008,23.648839421000048],[71.27299520400004,23.660788867000065],[71.25030650600007,23.662774667000065],[71.23269154500008,23.690623257000027],[71.24345333400004,23.704195232000075],[71.23774279800006,23.730216901000063],[71.21044559900008,23.732681400000047],[71.17554693300008,23.74363512000008],[71.17674567100005,23.709117312000046],[71.15088592600006,23.687235884000074],[71.13264764500008,23.64520986100007],[71.13917478200005,23.630381940000063],[71.09820732800006,23.618918180000037],[71.08241953100003,23.59902816400006],[71.05261488200006,23.621107169000027],[71.03798818600006,23.63888563100005],[71.03815107200006,23.67525524800004],[71.06424434300004,23.68265437900004],[71.06393137400005,23.73089004900004],[71.05519542600007,23.750978515000043],[71.05464958100004,23.784449920000043],[71.03657462100006,23.804885928000033],[71.06657918500008,23.81946395500006],[71.07877456900007,23.871809300000052],[71.10321127900005,23.90656669200007],[71.12734003300005,23.90695080300003],[71.17658190400005,23.922233551000033],[71.19367179500006,23.919406820000063],[71.21985161400005,23.935861343000056],[71.23913342200007,23.91808186700007],[71.27549236000004,23.92802420000004],[71.30508564200005,23.97461260400007],[71.28680239800008,23.989006043000074],[71.31788220600004,24.07873694700004],[71.31640105200006,24.09489561600003],[71.33675018600007,24.10774966500003],[71.33038011500008,24.121364760000063],[71.30836332500007,24.13328361500004],[71.28149234400007,24.137999215000036],[71.28165977700007,24.152615386000036],[71.34539930700004,24.165652157000068],[71.35787058000005,24.188238512000055],[71.32552257300006,24.18361268800004],[71.32652095200007,24.20176208600003],[71.30507219000003,24.24359348400003],[71.30833874100006,24.272942098000044],[71.29942407300007,24.30222187000004],[71.31218660700006,24.319823387000042],[71.37216005500005,24.333937801000047],[71.38408925500005,24.35405422200006],[71.36372885900005,24.390960979000056],[71.32369368400003,24.39511342000003],[71.32501771300008,24.41462241100004],[71.34487783500003,24.437615022000045],[71.32621956500003,24.44446571900005],[71.33421235100008,24.484488502000033],[71.34633633600004,24.502841757000056],[71.34356194600008,24.517842036000047],[71.27374275900007,24.514423045000058],[71.25011330400008,24.505968935000055],[71.25548424600004,24.544230866000078],[71.27921480700007,24.544003275000023],[71.30235906600007,24.554509223000025],[71.30666823600006,24.589525284000047],[71.28508086100004,24.594546781000076],[71.28823772000004,24.615908997000076]],[[71.13607470200003,24.274611135000043],[71.18222745100007,24.25315428600004],[71.20819399200008,24.24574156700004],[71.20626385800006,24.21877737400007],[71.18841269600006,24.21183301900004],[71.13551527000004,24.253585572000077],[71.13607470200003,24.274611135000043]],[[71.26436595600006,23.452828956000076],[71.24369474400004,23.442327490000025],[71.22108726100004,23.452887426000075],[71.24598732100003,23.50210912500006],[71.30281951300003,23.485809146000065],[71.29071653700004,23.466167037000048],[71.26436595600006,23.452828956000076]]]]},"properties":{"OBJECTID":173,"object_id":28,"name":"SAURASHTRA & KUTCH","state_code":"GUJARAT","region_cod":"CENTRAL INDIA","subdivisio":"SAURASHTRA & KUTCH","uorder":22},"id": 29},
{"type":"Feature","geometry":{"type":"Polygon","coordinates":[[[74.12878418000008,22.426391602000024],[74.14819335900006,22.453186035000044],[74.16040039100005,22.431030273000033],[74.18560791000004,22.441833496000072],[74.18060302700007,22.462219238000046],[74.20343017600004,22.468627930000025],[74.20458984400005,22.44561767600004],[74.24481201200007,22.433410645000038],[74.27124023400006,22.41259765600006],[74.25500488300008,22.385192871000072],[74.22662353500004,22.37939453100006],[74.22302246100008,22.364196777000075],[74.19219970700004,22.341186523000033],[74.19104003900003,22.319824219000054],[74.12878418000008,22.332641602000024],[74.12640380900007,22.355834961000028],[74.11322021500007,22.36639404300007],[74.07238769500003,22.361022949000073],[74.07324218700006,22.342590332000043],[74.05322265600006,22.293640137000068],[74.05963134800004,22.273986816000047],[74.07519531200006,22.26519775400004],[74.07299804700006,22.218627930000025],[74.10699462900004,22.21978759800004],[74.11822509800004,22.205993652000075],[74.11901855500008,22.185241699000073],[74.13140869100005,22.143981934000067],[74.12518310500008,22.09759521500007],[74.15344238300008,22.10540771500007],[74.17120361300005,22.091186523000033],[74.16082763700007,22.058410645000038],[74.13641357400007,22.052429199000073],[74.11639404300007,22.02502441400003],[74.09838867200006,22.019592285000044],[74.10461425800008,21.99798584000007],[74.14343261700003,21.98999023400006],[74.14739990200007,21.952392578000058],[74.18243408200004,21.928833008000026],[74.20599365200007,21.92541503900003],[74.26300048800005,21.933410645000038],[74.28179931600005,21.932434082000043],[74.29779052700007,21.96282959000007],[74.30963134800004,21.971984863000046],[74.34539794900007,21.974609375000057],[74.37579345700004,21.999389648000033],[74.39123535200008,22.02124023400006],[74.43261718700006,22.02978515600006],[74.45300293000008,22.003417969000054],[74.44018554700006,21.97619628900003],[74.45422363300008,21.96142578100006],[74.48999023400006,21.95520019500003],[74.50939941400003,21.936828613000046],[74.51019287100007,21.92022705100004],[74.52520752000004,21.910217285000044],[74.51458740200007,21.889587402000075],[74.51098632800006,21.828796387000068],[74.50140380900007,21.806823730000076],[74.50262451200007,21.78100585900006],[74.51501464800003,21.764404297000056],[74.51458740200007,21.71783447300004],[74.54803466800007,21.718994141000053],[74.56359863300008,21.682983398000033],[74.58142089800003,21.682617187000062],[74.58300781200006,21.664428711000028],[74.66503906200006,21.651794434000067],[74.70721435500008,21.626220703000058],[74.77618408200004,21.61480712900004],[74.81298828100006,21.61322021500007],[74.86639404300007,21.62939453100006],[74.90283203100006,21.628417969000054],[74.91119384800004,21.614013672000056],[74.98242187500006,21.593627930000025],[75.02221679700006,21.572998047000056],[75.05261230500008,21.56604003900003],[75.09082031200006,21.51483154300007],[75.08959960900006,21.5],[75.10864257800006,21.46179199200003],[75.12780761700003,21.447998047000056],[75.18103027300003,21.42999267600004],[75.20800781200006,21.41223144500003],[75.23101806600005,21.41418457000003],[75.25421142600004,21.401184082000043],[75.30218505900007,21.409423828000058],[75.30102539100005,21.390991211000028],[75.35260009800004,21.390014648000033],[75.36083984400005,21.39959716800007],[75.38299560500008,21.378784180000025],[75.42761230500008,21.39019775400004],[75.45843505900007,21.386596680000025],[75.51959228500004,21.386230469000054],[75.53863525400004,21.372192383000026],[75.60223388700007,21.386596680000025],[75.63043212900004,21.374816895000038],[75.67120361300005,21.374023437000062],[75.68939209000007,21.383605957000043],[75.72863769500003,21.388000488000046],[75.75701904300007,21.378601074000073],[75.80603027300003,21.383422852000024],[75.83398437500006,21.376831055000025],[75.86260986300005,21.37921142600004],[75.875,21.392028809000067],[75.90344238300008,21.391235352000024],[75.91162109400005,21.381835937000062],[75.96398925800008,21.389038086000028],[75.98760986300005,21.36822509800004],[76.03039550800008,21.364196777000075],[76.04919433600008,21.348632812000062],[76.09661865200007,21.370605469000054],[76.12139892600004,21.32220459000007],[76.13018798800005,21.285400391000053],[76.14379882800006,21.285034180000025],[76.16003418000008,21.252197266000053],[76.14221191400003,21.23004150400004],[76.16619873000008,21.22064209000007],[76.16619873000008,21.16882324200003],[76.12023925800008,21.171203613000046],[76.11358642600004,21.15441894500003],[76.13641357400007,21.11999511700003],[76.17120361300005,21.10260009800004],[76.16760253900003,21.07843017600004],[76.19238281200006,21.085998535000044],[76.27301025400004,21.08819580100004],[76.28002929700006,21.06939697300004],[76.33819580100004,21.07043457000003],[76.38480572000003,21.075153096000065],[76.43841552700007,21.099609375000057],[76.46759033200004,21.142639160000044],[76.47918701200007,21.14660644500003],[76.48120117200006,21.18139648400006],[76.49420166000004,21.193237305000025],[76.53082275400004,21.18121337900004],[76.56658935500008,21.19879150400004],[76.62243652300003,21.185607910000044],[76.638184,21.20282],[76.641602,21.234985],[76.662598,21.23999],[76.66381835900006,21.27978515600006],[76.62262,21.331604],[76.68383789100005,21.37780761700003],[76.741394,21.410583],[76.74542236300005,21.43920898400006],[76.78698730500008,21.46441650400004],[76.796631,21.488831],[76.76440466000008,21.520203],[76.79022216800007,21.540039062000062],[76.78241,21.553223],[76.79559326200007,21.592834112000048],[76.830811,21.587585],[76.856018,21.612793],[76.90039075200008,21.595398],[76.913391,21.610413],[76.955017,21.641602],[76.97540283200004,21.651611328000058],[77.007629,21.678589],[77.062195,21.705811],[77.11859130900007,21.72100830100004],[77.16619873000008,21.710205078000058],[77.177185,21.72522],[77.192627,21.720215],[77.18939209000007,21.700988928000072],[77.21160894000008,21.689026023000054],[77.22882080100004,21.69879150400004],[77.22802734400005,21.716186523000033],[77.26123046900005,21.713439941000047],[77.27282714800003,21.72760009800004],[77.28179931600005,21.757995605000076],[77.40539550800008,21.751831055000025],[77.45739746100008,21.759582520000038],[77.50402832000003,21.74499511700003],[77.54498291000004,21.703186035000044],[77.56298828100006,21.66522216800007],[77.57379150400004,21.61639404300007],[77.58239746100008,21.552795410000044],[77.59643554700006,21.558837891000053],[77.61279296900005,21.53918457000003],[77.59643554700006,21.526000977000024],[77.57598877000004,21.525817871000072],[77.52160644500003,21.540832520000038],[77.50939941400003,21.550231934000067],[77.45581054700006,21.55322265600006],[77.42358398400006,21.531616211000028],[77.42340087900004,21.51721191400003],[77.44439697300004,21.48663330100004],[77.44299316400003,21.47082519500003],[77.47460937500006,21.454040527000075],[77.47283935500008,21.435424805000025],[77.48858642600004,21.405395508000026],[77.492798,21.373413],[77.515625,21.375427],[77.53759765600006,21.416625977000024],[77.564392,21.392639],[77.574585,21.370239],[77.604797,21.361633],[77.60681152300003,21.39019775400004],[77.644409,21.38623],[77.665405,21.37561],[77.70581067700004,21.376403679000077],[77.710388,21.358032],[77.738403,21.361633],[77.751221,21.382202],[77.797791,21.388428],[77.802185,21.408813],[77.82379167800008,21.40661603700005],[77.858032,21.388],[77.908386,21.377197],[77.94342041000004,21.39538574200003],[77.98901367200006,21.403808594000054],[78.08343505900007,21.44421386700003],[78.17761230500008,21.498596191000047],[78.184021,21.51062],[78.17559814500004,21.546020508000026],[78.183228,21.55603],[78.22479248000008,21.552001953000058],[78.266602,21.56604],[78.26782226600005,21.591186523000033],[78.32818603500004,21.574035645000038],[78.34298711000008,21.586605096000028],[78.35051349100007,21.627921207000043],[78.36725874100006,21.620185707000076],[78.38068574100004,21.63863795700007],[78.39859424100007,21.64634920700007],[78.39528524100007,21.675510707000058],[78.41571924100003,21.683336707000024],[78.42964799100008,21.718202207000047],[78.45849799100006,21.717936207000037],[78.46710224100008,21.742112957000074],[78.46145574100007,21.75967595700007],[78.47331399100005,21.785052457000063],[78.49879549100007,21.792129207000073],[78.46964449100005,21.815187457000036],[78.50048499100006,21.833923707000054],[78.52591474100007,21.83669420700005],[78.54669999100008,21.867003957000065],[78.53942099100004,21.89948670700005],[78.52081274100004,21.909178457000053],[78.51996674100008,21.929556207000076],[78.49091224100005,21.940614707000066],[78.47346424100004,21.958171957000047],[78.44532199100007,21.96027620700005],[78.41655549100005,21.951234207000027],[78.39007099100007,21.92641370700005],[78.38718774100005,21.963767957000073],[78.40365949100004,21.99104995700003],[78.40219749100004,22.005122207000056],[78.37896499100003,22.031105457000024],[78.36063949100003,22.037239457000055],[78.34724349100003,22.054737457000044],[78.34250224100003,22.110704957000053],[78.30560774100007,22.09461245700004],[78.27970974100003,22.089233457000034],[78.27707774100008,22.13078545700006],[78.26422724100007,22.19230170700007],[78.26996799100004,22.22686870700005],[78.29497549100006,22.253178707000075],[78.26654374100008,22.266910707000022],[78.25197774100008,22.32678470700006],[78.28312149100003,22.35228920700007],[78.28231349100008,22.383896707000076],[78.27320999100004,22.402075207000053],[78.28322049100007,22.414423707000026],[78.32108199100009,22.42432745700006],[78.37700249100004,22.41949470700007],[78.39206274100007,22.41436545700003],[78.42523474100005,22.383304457000065],[78.46121799100007,22.379931207000027],[78.48272874100007,22.38436520700003],[78.52494124100008,22.417056957000057],[78.55486999100003,22.419987957000046],[78.56219274100005,22.428231457000038],[78.55398624100008,22.453631207000058],[78.51699499100005,22.476389957000038],[78.53625574100005,22.49796920700004],[78.54842099100006,22.53207470700005],[78.50094224100008,22.592687957000066],[78.49972199100006,22.63427170700004],[78.52284749100005,22.66418595700003],[78.54396599100005,22.657870457000058],[78.58370299100005,22.661349707000056],[78.60196624100007,22.651000707000037],[78.61756749100005,22.65547620700005],[78.63725999100006,22.683546207000063],[78.66469199100004,22.69032095700004],[78.69197099100006,22.70600520800008],[78.67859949100006,22.731714208000028],[78.69713149100005,22.763820708000026],[78.67549299100006,22.776935208000054],[78.64353749100007,22.760676708000062],[78.63100499100005,22.76602495800006],[78.63150499100004,22.79056545800006],[78.61599724100006,22.79751570800005],[78.58885149100007,22.823499208000044],[78.59934424100004,22.85061220800003],[78.58110274100005,22.89203920800003],[78.58813399100006,22.910307958000033],[78.57169049100008,22.95557745800005],[78.53388974100005,22.96122445800006],[78.51462324100004,22.954475958000046],[78.48625649100006,22.965843708000023],[78.46861099100005,22.95841495800005],[78.44232924100004,22.985049958000047],[78.46361849100003,23.004227958000058],[78.54492849100006,23.016540708000036],[78.58620824100007,23.01121770800006],[78.62311224100006,23.030630208000048],[78.65198574100003,23.025565708000045],[78.66870599100008,23.03805520800006],[78.69348499100005,23.036642208000046],[78.72629049100004,23.04449020800007],[78.75201324100004,23.07399220800005],[78.79635824100006,23.092053458000066],[78.80338324100006,23.11055920800004],[78.79116524100004,23.127886208000064],[78.80216799100003,23.14909170800007],[78.80212049100004,23.18104470800006],[78.81366274100003,23.21148820800005],[78.80742024100005,23.23594270800004],[78.79089449100007,23.245608958000048],[78.75713449100004,23.248284458000057],[78.77024849100007,23.294701458000077],[78.74958349100007,23.310677458000043],[78.71869774100008,23.351291958000047],[78.67769974100008,23.34629620800007],[78.66397049100004,23.33314770800007],[78.64178124100005,23.346376708000037],[78.63038124100007,23.363599958000066],[78.62265349100005,23.418367458000034],[78.60913749100007,23.437117458000046],[78.63305174100003,23.450495958000033],[78.65376524100003,23.44447520800003],[78.67049749100005,23.46714320800004],[78.67880199100006,23.493871958000057],[78.73531499100005,23.53116220800007],[78.74274324100008,23.554477208000037],[78.73828124100004,23.57616770800007],[78.69833174100006,23.575098208000043],[78.68546124100004,23.56403345800004],[78.65091549100003,23.562044958000058],[78.63943424100006,23.547652458000073],[78.59411999100007,23.546512458000052],[78.57090999100006,23.563854958000036],[78.53347824100007,23.550556458000074],[78.50604099100008,23.556387458000074],[78.50027149100003,23.587714708000078],[78.51483074100008,23.612024958000063],[78.50832549100005,23.630152708000026],[78.51470624100006,23.64911945800003],[78.47808449100006,23.63950170800007],[78.46878449100006,23.668975958000033],[78.44399924100003,23.69851645800003],[78.43344024100008,23.744477208000035],[78.40045449100006,23.74234020800003],[78.36859774100003,23.725679958000057],[78.35518974100006,23.702440958000068],[78.35993574100007,23.67278870800004],[78.37792699100004,23.690434958000026],[78.38263049100004,23.710048208000046],[78.41281999100005,23.73093170800007],[78.42981599100005,23.715531208000073],[78.40942874100006,23.700131958000043],[78.42651649100003,23.673982958000067],[78.40011849100006,23.664354708000076],[78.41533849100006,23.64455595800007],[78.39867524100003,23.63240995800004],[78.37720049100005,23.653761708000047],[78.36166324100003,23.650381708000054],[78.33794499100003,23.660187458000053],[78.33917849100004,23.674938458000042],[78.32385624100004,23.692184458000042],[78.29269274100005,23.67370845800008],[78.26014449100006,23.72432870800003],[78.23941674100007,23.721738708000032],[78.26387474100005,23.768492209000044],[78.25735199100006,23.78846070900005],[78.28660874100007,23.783819959000027],[78.28427474100005,23.81044195900006],[78.29850249100008,23.828326709000066],[78.29373049100008,23.84780470900006],[78.27317324100005,23.84406320900007],[78.28031024100005,23.88856595900006],[78.29201299100004,23.906703709000055],[78.28901724100007,23.926279709000028],[78.26492099100005,23.945896709000067],[78.28603274100004,23.960807209000052],[78.29061224100008,23.985339459000045],[78.27810374100005,24.028755459000024],[78.21190324100007,24.067934709000042],[78.19188949100004,24.050397959000065],[78.18244849100006,24.01139020900007],[78.16401324100008,24.009455459000037],[78.15227499100007,24.02404720900006],[78.11846399100006,24.040763709000032],[78.11329824100005,24.02741320900003],[78.07515874100005,24.04413820900004],[78.09027274100004,24.06480895900006],[78.10566524100005,24.047430459000054],[78.11865674100005,24.049722209000038],[78.12575124100005,24.092563959000074],[78.13544424100007,24.11574470900007],[78.11761724100006,24.126193959000034],[78.10482274100008,24.16364745900006],[78.12335599100004,24.162753959000042],[78.13417674100003,24.210882209000033],[78.09708374100006,24.20948320900004],[78.05903049100004,24.22877020900006],[78.07238924100005,24.25626920900004],[78.09719249100004,24.26109070900003],[78.08489099100007,24.299588709000034],[78.09272449100007,24.319096459000036],[78.12809599100007,24.339325959000064],[78.15975149100007,24.368886709000037],[78.16072474100008,24.388273709000032],[78.20985024100008,24.406349959000067],[78.26312724100006,24.438907709000034],[78.26683974100007,24.44934145900004],[78.27576599100007,24.468503459000033],[78.24572124100007,24.484833709000043],[78.24416874100007,24.50704095900005],[78.22582424100005,24.518124709000062],[78.23029524100008,24.53667370900007],[78.26148574100006,24.547629959000062],[78.27607874100005,24.610663459000023],[78.26293149100007,24.64389070900006],[78.27426724100008,24.664841959000057],[78.25705549100007,24.70078970900005],[78.23259474100007,24.731444959000044],[78.22615249100005,24.753373209000074],[78.23214174100008,24.771737709000035],[78.21529024100005,24.80821295900006],[78.19322874100004,24.83792470900005],[78.17164199100006,24.843284960000062],[78.17679724100003,24.880354960000034],[78.20611824100007,24.891318960000035],[78.22033124100005,24.910648210000033],[78.26253124100003,24.93710421000003],[78.29613299100004,24.96319346000007],[78.31324649100003,24.984029960000044],[78.33414424100005,24.994600460000072],[78.34470224100005,25.022359210000047],[78.33192299100006,25.07904246000004],[78.35451549100003,25.094953710000027],[78.38323974600007,25.100585937000062],[78.40380859400005,25.12658691400003],[78.43579101600005,25.119812012000068],[78.44940185500008,25.12780761700003],[78.42822265600006,25.14624023400006],[78.44921875000006,25.152404785000044],[78.41802978500004,25.18322753900003],[78.39660644500003,25.18762207000003],[78.36909074100004,25.260302210000077],[78.35195374100005,25.27783696000006],[78.35203474100007,25.292792210000073],[78.31489999100006,25.305828210000072],[78.33818299100005,25.331552960000067],[78.33010349100005,25.350090710000075],[78.30112024100004,25.36243046000004],[78.33943574100005,25.399341210000046],[78.30753924100003,25.42198096000004],[78.35146224100004,25.452907710000034],[78.38957149100008,25.45691146000007],[78.39085024100007,25.51869096000007],[78.41581524100008,25.527636460000053],[78.43331549100003,25.556157960000064],[78.45635274100005,25.547460710000053],[78.48835124100003,25.575134210000044],[78.53481249100008,25.567652460000033],[78.55444249100003,25.559426460000054],[78.58852349100005,25.559044710000023],[78.61157424100008,25.58201346000004],[78.62757924100003,25.56829496000006],[78.65600249100004,25.560384210000052],[78.68444374100005,25.58883246000005],[78.71864124100006,25.601315460000023],[78.74033399100006,25.597795210000072],[78.80211324100003,25.61228921000003],[78.81884349100005,25.640174710000053],[78.81894324100006,25.669190710000066],[78.79887174100008,25.705229960000054],[78.76836324100003,25.715461960000027],[78.75444324100005,25.743743960000074],[78.78345324100007,25.75615546000006],[78.80727899100003,25.79399871000004],[78.82824249100008,25.79404746000006],[78.82358874100004,25.825764710000044],[78.84875549100008,25.81527846000006],[78.84905499100006,25.799839210000073],[78.87108449100003,25.796729210000024],[78.87354949100006,25.82897771000006],[78.85177699100007,25.839930210000034],[78.86567724100007,25.866616460000046],[78.89157024100007,25.871086210000044],[78.89506274100006,25.89356796000004],[78.88426499100007,25.910246960000052],[78.92328324100004,25.943945711000026],[78.95120574100008,25.985251461000075],[78.95855424100006,26.02036521100007],[78.95238049100004,26.031493711000053],[78.99059624100005,26.068280961000028],[79.01128574200004,26.07631671100006],[78.97999399100007,26.103200711000056],[78.97467824100005,26.120140211000034],[78.95253849100004,26.13200371100004],[78.96851199100007,26.148747961000026],[79.00892274200004,26.149465211000063],[79.01059074200003,26.19124221100003],[79.02888874200005,26.20303596100007],[79.02557574200006,26.218148211000027],[78.99847624100005,26.22616871100007],[79.01868599200003,26.246226961000048],[79.04887024200008,26.223732961000053],[79.07099974200008,26.24138146100006],[79.05526274200008,26.249837711000055],[79.06627074200003,26.278236461000063],[79.08608349200006,26.281651461000024],[79.10641149200006,26.309079711000038],[79.13503699200004,26.310468711000055],[79.12510224200008,26.347988961000055],[79.08525174200008,26.357087961000047],[79.09761374200008,26.37152271100007],[79.08924349200004,26.39988671100008],[79.12577774200008,26.41150046100006],[79.13534949200005,26.439178711000068],[79.10145249200008,26.45166646100006],[79.07761299200007,26.44088171100003],[79.05562174200008,26.455769961000044],[79.07201749200004,26.47910046100003],[79.06954649200003,26.497627211000065],[79.03990624200003,26.519093461000068],[79.04172049200008,26.53030171100005],[79.00659724200005,26.54524371100007],[79.00684449200008,26.56851271100004],[78.99078124100004,26.58846746100005],[79.01434824200004,26.604747711000073],[78.99558699100004,26.641633211000055],[79.00992649200003,26.66813921100004],[78.99264924100004,26.67995146100003],[78.95660174100004,26.65687821100005],[78.94569049100005,26.666525211000078],[78.95687624100003,26.690977461000045],[78.91268624100007,26.707596961000036],[78.87362799100003,26.69889371100004],[78.84937624100007,26.72028996100005],[78.82010899100004,26.759680461000073],[78.77083349100008,26.761026211000058],[78.74977574100006,26.786701961000063],[78.72405874100008,26.794388711000067],[78.68603774100006,26.786558461000027],[78.66764749100008,26.763416461000077],[78.62905649100009,26.769387211000037],[78.61054074100008,26.750254961000053],[78.57439424100005,26.75188021100007],[78.52411524100006,26.779294711000034],[78.46665874100006,26.789414711000063],[78.43440699100006,26.82648671100003],[78.39408949100005,26.822116711000035],[78.37101924100006,26.865497461000075],[78.34970424100004,26.868125211000063],[78.29053549100007,26.858266211000057],[78.27621599100007,26.843839711000044],[78.26401149100008,26.814475711000057],[78.22356916200005,26.83145987300003],[78.16927249100007,26.821233711000048],[78.18767324100008,26.795365711000045],[78.18439999100008,26.785696211000072],[78.15405599100006,26.78593071100005],[78.12727174100007,26.79676721100003],[78.10359874100004,26.783646711000074],[78.10388599100008,26.76602746100008],[78.11986599100004,26.74386996100003],[78.09730174100008,26.732328961000064],[78.09615499100005,26.680909961000054],[78.08345074100004,26.67244196100006],[78.05718424100007,26.684046211000066],[78.00023849100006,26.696899211000073],[77.97677974100003,26.67090871100004],[77.94783874100006,26.656990961000076],[77.91151149000007,26.660451961000035],[77.89876424000005,26.648795461000077],[77.88722949000004,26.614593961000026],[77.85024224000006,26.60948796100007],[77.82817899000008,26.59415571100004],[77.83241799000007,26.567068711000047],[77.82068999000006,26.549141211000062],[77.77466574000005,26.547822711000038],[77.74696549000004,26.53705171100006],[77.73455674000007,26.509720711000057],[77.70252624000005,26.495245461000025],[77.67853949000005,26.504117461000078],[77.63416449000005,26.477390211000056],[77.60646024000005,26.44863321100007],[77.55879749000007,26.43499096100004],[77.53013124000006,26.409359461000065],[77.48216924000008,26.40909171100003],[77.43487324000006,26.401396211000076],[77.44685974000004,26.37318046100006],[77.43953699000008,26.359496211000078],[77.40890899000004,26.363200461000076],[77.39292249000005,26.356922961000066],[77.37328249000007,26.36603296100003],[77.32502499000003,26.34091871100003],[77.31507949000007,26.30955121100004],[77.27386924000007,26.270739711000033],[77.20116599000005,26.23058621100006],[77.17160124000003,26.239125711000042],[77.13616324000003,26.234289211000032],[77.12024374000003,26.226005461000057],[77.10296149000004,26.19010071100007],[77.09113874000008,26.18183896100004],[77.05909974000008,26.180856961000075],[77.03031099000003,26.170875961000036],[77.01119324000007,26.153952961000073],[77.00082724000004,26.132507461000046],[76.94496174000005,26.100840961000074],[76.90149149000007,26.092810711000027],[76.88902749000005,26.08122546100003],[76.87652324000004,26.051260961000025],[76.83642423900005,26.024427461000073],[76.84623648900003,26.006119211000055],[76.82399923900005,25.979130961000067],[76.82481548900006,25.96610196100005],[76.80066873900006,25.939088711000068],[76.76647773900004,25.937416461000055],[76.76820573900005,25.91696071100006],[76.73906423900007,25.897471710000048],[76.72022198900004,25.89592121000004],[76.68003673900006,25.90675396000006],[76.64703598900007,25.901205960000027],[76.63725473900007,25.87022146000004],[76.60298948900004,25.871479460000046],[76.53465473900008,25.793032960000062],[76.52752848900008,25.76141621000005],[76.53180748900007,25.726117960000067],[76.48757423900008,25.71323896000007],[76.48292048900004,25.690177710000057],[76.51595623900005,25.667935210000053],[76.50456073900006,25.64345921000006],[76.51985248900007,25.628792460000057],[76.51483048900008,25.57493996000005],[76.52724373900008,25.545488960000057],[76.52531773900006,25.52506746000006],[76.54287773900006,25.505338960000074],[76.56458798900007,25.468382460000043],[76.56923673900008,25.43753221000003],[76.59394448900008,25.426607210000043],[76.60749198900004,25.38410821000008],[76.63046473900005,25.37023221000004],[76.64127848900006,25.37544321000007],[76.68610048900007,25.340582960000063],[76.71960648900006,25.337539210000045],[76.74550698900003,25.342868210000063],[76.77183848900006,25.331295210000064],[76.77792723900006,25.31097771000003],[76.84818548900006,25.325572210000075],[76.89848624000007,25.317425960000037],[76.93449124000006,25.292312460000062],[76.93397349000008,25.274175710000065],[76.95800774000008,25.273560710000027],[76.96407274000006,25.292178960000058],[77.02961474000006,25.296082210000066],[77.04480899000004,25.320020210000052],[77.06896174000008,25.319104710000033],[77.08100374000009,25.334637960000066],[77.12135324000008,25.329999960000066],[77.15916074000006,25.308180460000074],[77.19618324000004,25.30658746000006],[77.20383624000004,25.325437960000045],[77.22371949000006,25.326225710000074],[77.22600124000007,25.368321210000033],[77.26577124000005,25.39433271000007],[77.28887049000008,25.418445960000042],[77.31122049000004,25.43125346000005],[77.36729124000004,25.40779671000007],[77.35018224000004,25.382778210000026],[77.36194799000003,25.362750960000028],[77.34977974000003,25.332234460000052],[77.36962824000005,25.327872710000065],[77.38065024000008,25.300730460000068],[77.37254199000006,25.28029071000003],[77.35546199000004,25.266673710000077],[77.36851324000008,25.244979710000052],[77.38583574000006,25.24033821000006],[77.41222049000004,25.221200960000033],[77.42379749000008,25.18795496000007],[77.39645824000007,25.183128960000033],[77.39236124000007,25.11693046000005],[77.35429474000006,25.09277571000007],[77.30839449000007,25.07887246000007],[77.26778574000008,25.114249210000025],[77.22630574000004,25.105245210000078],[77.20281824000006,25.11167721000004],[77.17499574000004,25.10873871000007],[77.16308624000004,25.083312960000058],[77.13359024000005,25.084090460000027],[77.11976374000005,25.06414521000005],[77.08246624000003,25.053061960000036],[76.98879324000006,25.072649710000064],[76.97374049000007,25.051039460000027],[76.90604374000003,25.029174960000034],[76.88699024000005,25.029236710000077],[76.87422874000004,25.006253210000068],[76.87131124000007,24.966959210000027],[76.87691899000004,24.94977921000003],[76.92950374000003,24.90554521000007],[76.91868574000006,24.883069960000057],[76.95380549000004,24.86806346000003],[76.93132849000006,24.84498521000006],[76.89979899000008,24.834743459000038],[76.84217673900008,24.836301459000026],[76.80691123900004,24.821824709000055],[76.82032073900007,24.79892870900005],[76.85135448900007,24.76526295900004],[76.84961798900008,24.747414459000026],[76.89134674000007,24.749418959000025],[76.92640674000006,24.744089459000065],[76.95053674000008,24.759291459000053],[76.96807874000007,24.754788709000024],[76.97674399000005,24.726916709000022],[76.99690824000004,24.712647209000068],[77.02406324000003,24.710198959000024],[77.03828499000008,24.698201459000074],[77.04181649000003,24.678001959000028],[77.06425499000005,24.63769570900007],[77.06319649000005,24.590113209000037],[77.06904699000006,24.55943695900004],[77.05497424000004,24.52187395900006],[77.03658749000004,24.52412995900005],[77.02866324000007,24.496683959000052],[76.99705024000008,24.468839209000066],[76.96463649000003,24.455619959000046],[76.91908399000005,24.483045209000068],[76.92286399000005,24.530968709000035],[76.90430224000005,24.54317295900006],[76.89339899000004,24.52213670900005],[76.88014924000004,24.521557959000063],[76.87062399000007,24.54473495900004],[76.85044223900007,24.546393459000058],[76.81892573900006,24.529763959000036],[76.85566499000004,24.464528209000036],[76.84546248900006,24.438247709000052],[76.85494998900003,24.432789209000077],[76.84665048900007,24.40396595900006],[76.85328098900004,24.363682209000046],[76.84117698900008,24.356189959000062],[76.84909198900004,24.323468709000053],[76.86296999000007,24.307806709000033],[76.87838874000005,24.266608709000025],[76.92065649000006,24.227496959000064],[76.92347149000005,24.216210459000024],[76.94806599000003,24.194399959000066],[76.92027549000005,24.18427770900007],[76.90402549000004,24.12670145900006],[76.86001549000008,24.134539459000052],[76.83169848900008,24.121195959000033],[76.79485323900008,24.12137745900003],[76.77277848900007,24.160280209000064],[76.75889873900007,24.167695209000044],[76.72454848900003,24.157329209000068],[76.67799448900007,24.18904445900006],[76.69163198900003,24.228036459000066],[76.70637798900003,24.244375459000025],[76.69687998900008,24.280593709000073],[76.68261348900006,24.266205209000077],[76.64386648900006,24.25790070900007],[76.62011123900004,24.258434709000028],[76.61768548900005,24.237783209000042],[76.57512123900005,24.209107709000023],[76.56938398900007,24.196438709000063],[76.58334998900006,24.176326709000023],[76.55832798900008,24.163885459000028],[76.52671873900005,24.158853459000056],[76.51399273900006,24.174700959000063],[76.51189973900006,24.195887709000033],[76.46690523900008,24.224581959000034],[76.45669948900007,24.212491709000062],[76.42701998900003,24.22263220900004],[76.41517023900008,24.205245959000024],[76.35632723900005,24.24461070900003],[76.32113798900008,24.24683495900007],[76.29285323900007,24.23276370900004],[76.27956048900006,24.21225270900004],[76.25079348900005,24.223673459000054],[76.22641873900005,24.21903745900005],[76.20927973900007,24.228520209000067],[76.20747148900006,24.26479045900004],[76.19775523900006,24.28055320900006],[76.20936523900008,24.306657959000063],[76.18860573900008,24.327255209000043],[76.17520123900005,24.31133845900007],[76.17229048900003,24.291854709000063],[76.14523248900008,24.276927959000034],[76.15743198900003,24.239559709000048],[76.12624648900004,24.201219709000043],[76.12345248900004,24.17407970900007],[76.13374673900006,24.164887959000055],[76.13971523900005,24.127190709000047],[76.13203323900007,24.11479595900005],[76.13747423900008,24.091161209000063],[76.10170648900004,24.085079459000042],[76.04595323900008,24.069891959000074],[76.02926823900003,24.04640495900003],[75.99254498900007,24.026048459000037],[75.96257748900007,24.02136795900003],[75.96260573900008,23.99346845900004],[75.98257048900007,23.970390459000043],[75.97814798900004,23.928970209000056],[75.95050723900005,23.918313209000075],[75.92341023900008,23.900235959000042],[75.88071298900007,23.88066120900004],[75.85546573900007,23.89031470900005],[75.80458548900003,23.86726795900006],[75.78178623900004,23.850875959000064],[75.76346023800005,23.853080959000067],[75.76102048800004,23.87750870900004],[75.73002923800004,23.898294209000028],[75.70409723800003,23.900252459000058],[75.69985273800006,23.873327709000023],[75.72932173800007,23.86071945900005],[75.72388748800006,23.823134959000072],[75.71491348800004,23.812701209000068],[75.69190548800003,23.815858209000055],[75.69992448800008,23.784256709000033],[75.68895773800006,23.769598459000065],[75.65086248800003,23.79563095900005],[75.61810473800006,23.802269959000057],[75.58393473800004,23.79669295900004],[75.56743373800003,23.812030959000026],[75.57073198800003,23.830965709000054],[75.56389023800006,23.854462459000047],[75.53928673800004,23.87306145900004],[75.50545173800003,23.888260709000065],[75.48875898800003,23.90719670900006],[75.45779273800008,23.917114709000032],[75.46614698800005,23.977079959000037],[75.49322573800004,24.000863709000043],[75.51592948800004,24.045014209000044],[75.53349573800006,24.02776120900006],[75.57336173800007,24.013657459000058],[75.57093473800006,23.995635459000027],[75.63646973800007,23.996038209000062],[75.64324473800008,24.014569709000057],[75.67105523800006,24.029722709000055],[75.68766348800006,24.01411145900005],[75.68536498800006,23.994390959000043],[75.70224823800004,23.965238209000063],[75.73743348800008,23.976718709000068],[75.73977998800007,23.991478709000035],[75.76401598800004,23.99408045900003],[75.78230373900004,24.032357209000054],[75.78171498900008,24.05817145900005],[75.83170998900005,24.06800670900003],[75.83287398900006,24.103974709000056],[75.81439898900004,24.098925459000043],[75.79177173900007,24.105865709000057],[75.78086573800005,24.130726209000045],[75.74560123800006,24.135678709000047],[75.77188873800003,24.193786209000052],[75.77577748800007,24.216924709000068],[75.80765048900008,24.225725209000075],[75.81491398900005,24.25664670900005],[75.81541898900008,24.29665145900003],[75.79982798900005,24.31033695900004],[75.76742698800007,24.306675209000048],[75.74025948800005,24.34398820900003],[75.73823248800005,24.39942920900006],[75.75771698800008,24.405292459000066],[75.75887148800007,24.423642709000035],[75.78866023900008,24.45435420900003],[75.79371348900008,24.471129209000026],[75.81772248900006,24.461026209000067],[75.81512423900006,24.432709459000023],[75.83159223900003,24.41844020900004],[75.86385848900005,24.419232959000055],[75.90614723900006,24.44200045900004],[75.91465623900007,24.48826445900005],[75.90830498900004,24.501155709000045],[75.92790448900007,24.534113959000024],[75.90991073900005,24.54628670900007],[75.91398523900006,24.57286195900008],[75.88723398900004,24.57757095900007],[75.87696773900007,24.60294120900005],[75.85540298900008,24.61016470900006],[75.84682423900006,24.665183709000075],[75.83105448900005,24.66406495900003],[75.84499723900007,24.713274709000075],[75.84171948900007,24.72568595900003],[75.78908898900005,24.761369709000064],[75.74464573800003,24.756246709000038],[75.68273448800005,24.723769709000067],[75.66180023800007,24.697666209000033],[75.61584723800007,24.684423459000072],[75.58440723800004,24.71872170900008],[75.55455998800005,24.70981770900005],[75.53748598800007,24.716088209000077],[75.48575148800006,24.69374495900007],[75.45413273800006,24.689372959000025],[75.36596648800008,24.705750459000058],[75.35293273800005,24.713338209000028],[75.30632973800004,24.717018709000058],[75.26916023800004,24.729040459000032],[75.23025648800007,24.731457959000068],[75.21874173800006,24.718784209000034],[75.19742723800005,24.75640420900004],[75.19413848800008,24.785138709000023],[75.21931398800007,24.81682070900007],[75.24870548800004,24.818165959000055],[75.25394123800004,24.833483209000065],[75.22972523800007,24.844101960000046],[75.20331898800004,24.880564460000073],[75.25204948800007,24.89200321000004],[75.24373098800004,24.857260460000077],[75.28592623800006,24.846307460000048],[75.30258923800005,24.81151795900007],[75.31512198800004,24.80980320900005],[75.33239748800008,24.827962709000076],[75.34625973800007,24.82901245900007],[75.41947073800003,24.860050710000053],[75.42665323800003,24.888883710000073],[75.37427173800006,24.87416471000006],[75.32820298800004,24.883239960000026],[75.31348473800006,24.865708460000064],[75.26357348800008,24.88596196000003],[75.26918873800008,24.91050346000003],[75.29010648800005,24.92252146000004],[75.26853798800005,24.95819971000003],[75.28762248800007,24.972947710000028],[75.29271373800003,24.948275960000046],[75.31977598800006,24.903466710000032],[75.33983923800008,24.95930971000007],[75.32546798800007,24.97845871000004],[75.32134173800006,25.002732210000033],[75.35402748800004,25.021338960000037],[75.35210548800006,25.03791171000006],[75.31292698800007,25.042303710000056],[75.20277173800008,25.03084221000006],[75.17595448800006,25.050168960000065],[75.15680398800004,25.02526596000007],[75.17134648800004,25.006351460000076],[75.16646598800008,24.988052210000035],[75.14001748800007,24.982777960000078],[75.11764848800004,24.961836960000028],[75.12070898800005,24.885495210000045],[75.09188373800004,24.87621696000008],[75.07526498800007,24.883812960000057],[75.04504348800003,24.85577796000007],[75.01421698800004,24.87065621000005],[74.94627848800008,24.874571210000056],[74.95023273800007,24.89145571000006],[74.91395198800006,24.895794710000075],[74.91441848800008,24.925082710000027],[74.90200248800005,24.936451460000058],[74.86860023800006,24.933694210000056],[74.86353648800008,24.962600210000062],[74.83408673800005,24.96424146000004],[74.82553423800005,24.936907460000043],[74.82839948800006,24.89593571000006],[74.85715298800005,24.849986960000024],[74.85979923800005,24.809835709000026],[74.87929723800005,24.809933459000035],[74.90644873800005,24.794177459000025],[74.97178023800006,24.78750620900007],[75.01442748800008,24.79040345900006],[75.02168673800008,24.749350959000026],[74.99483248800004,24.749350209000056],[74.99212998800004,24.730394459000024],[75.00123823800004,24.705105459000038],[74.96537623800003,24.69712320900004],[74.94504598800006,24.65897645900003],[74.90354798800007,24.65305145900004],[74.87446798800005,24.666257209000037],[74.86796448800004,24.687298459000033],[74.84988698800004,24.70552520900003],[74.81958723800005,24.762169459000063],[74.81090148800007,24.79323670900004],[74.80038948800006,24.79249820900003],[74.80416773800005,24.75170495900005],[74.78098948800005,24.739631459000066],[74.79059698800006,24.72350570900005],[74.77691548800004,24.682954709000057],[74.81427873800004,24.68299545900004],[74.81802323800008,24.668520459000035],[74.78425323800008,24.633652209000047],[74.79089573800007,24.607640959000037],[74.74864648800008,24.593744709000077],[74.75761973800007,24.560589959000026],[74.74829723800008,24.533182709000073],[74.71619423800007,24.519817959000022],[74.75784698800004,24.485762959000056],[74.77957323800007,24.480293459000052],[74.79251273800008,24.490164959000026],[74.81517223800006,24.489077959000042],[74.85819723800006,24.448328209000067],[74.81285323800006,24.406035459000066],[74.78504273800007,24.364284459000032],[74.78398573800007,24.313734709000073],[74.75772048800007,24.29319095900007],[74.75502773800008,24.275952709000023],[74.77280348800008,24.26893345900004],[74.81551573800004,24.273916959000076],[74.85376798800007,24.266840959000035],[74.87592548800006,24.274858709000057],[74.89482023800008,24.258491709000054],[74.90636348800007,24.230535959000065],[74.88059748800003,24.21331895900005],[74.90075298800008,24.171128459000045],[74.92795373800004,24.15395545900003],[74.93957123800004,24.117904709000072],[74.95997373800003,24.10687370900007],[74.96559223800006,24.07949995900003],[74.97986398800003,24.068785959000024],[74.98163598800005,24.03781170900004],[74.99341298800005,24.026466459000062],[74.97258373800008,24.000424209000073],[74.96365348800003,23.970482959000037],[74.94169273800003,23.957356709000067],[74.91472223800008,23.909346709000033],[74.90521798800006,23.865006709000056],[74.91582898800004,23.842566459000068],[74.91029373800006,23.797747709000078],[74.92760848800003,23.795228459000043],[74.93990123800006,23.762740708000024],[74.94050673800007,23.731770958000027],[74.92412698800007,23.716067458000055],[74.92290323800006,23.693512458000043],[74.90970998800003,23.67385145800006],[74.92403723800004,23.665432958000054],[74.93953673800007,23.627301458000034],[74.90575223800005,23.619919958000025],[74.88573148800003,23.603424708000034],[74.86891823800005,23.571824458000037],[74.85100623800008,23.554443708000065],[74.80226548800005,23.531148708000046],[74.79570673800004,23.54336145800005],[74.77336398800003,23.540426208000042],[74.76318798800008,23.52185195800007],[74.74157848800007,23.516649208000047],[74.73282723800008,23.497707208000065],[74.71001298800007,23.502834708000023],[74.66831998700007,23.481149708000032],[74.65786698700003,23.464076458000022],[74.61218023700008,23.458690208000064],[74.59718473700008,23.427116958000056],[74.57179023700007,23.416622208000035],[74.57102573700007,23.380722458000037],[74.55879673700008,23.36190345800003],[74.54434998700003,23.361235458000067],[74.53209823700007,23.320491208000078],[74.54699898700005,23.284214708000036],[74.56583873700004,23.29588645800004],[74.58527998700004,23.28186745800008],[74.61389473700007,23.28197570800006],[74.63074998700006,23.260761708000075],[74.65088848700003,23.258156708000058],[74.67184623700007,23.27218620800005],[74.69993923700008,23.26943120800007],[74.72096273800008,23.239786958000025],[74.69427048700004,23.225903208000034],[74.74454248800004,23.209373708000044],[74.71426098800004,23.191966958000023],[74.66778723700008,23.198839208000038],[74.65333223700003,23.179394958000046],[74.60646473700007,23.142242458000055],[74.54392748700008,23.12957345800004],[74.53360548700005,23.099031208000042],[74.51036523700003,23.086380458000065],[74.46521423700005,23.082860708000055],[74.43105073700008,23.103315708000025],[74.38897623700007,23.109682958000064],[74.35879948700006,23.08802970800008],[74.34550873700005,23.068549208000036],[74.31982421900005,23.05745579200004],[74.32299804700006,23.04058837900004],[74.34082031200006,23.032226562000062],[74.36499023400006,22.981018066000047],[74.33941650400004,22.96319580100004],[74.34259033200004,22.950195312000062],[74.37121582000003,22.92199707000003],[74.37860107400007,22.906799316000047],[74.40460205100004,22.89819335900006],[74.41918945300006,22.916992187000062],[74.44781494100005,22.920837402000075],[74.46142578100006,22.907592773000033],[74.47741699200003,22.85504150400004],[74.46563720700004,22.81604003900003],[74.43463134800004,22.807617187000062],[74.43603515600006,22.781799316000047],[74.41442871100008,22.742614746000072],[74.40258789100005,22.731201172000056],[74.39501953100006,22.684204102000024],[74.38159179700006,22.658020020000038],[74.38500976600005,22.645812988000046],[74.36181640600006,22.633422852000024],[74.34002685500008,22.63983154300007],[74.31738281200006,22.633605957000043],[74.27282714800003,22.63879394500003],[74.25463867200006,22.62139892600004],[74.23260498000008,22.61181640600006],[74.21099853500004,22.56402587900004],[74.17163085900006,22.54699707000003],[74.13482666000004,22.519409180000025],[74.11260986300005,22.53918457000003],[74.07580566400003,22.550842285000044],[74.05499267600004,22.548828125000057],[74.03918457000003,22.53424072300004],[74.03039550800008,22.507202148000033],[74.08361816400003,22.506225586000028],[74.08624267600004,22.48718261700003],[74.07482910200008,22.477233887000068],[74.10479736300005,22.46301269500003],[74.09838867200006,22.450012207000043],[74.11138916000004,22.425598145000038],[74.12878418000008,22.426391602000024]]]},"properties":{"OBJECTID":201,"object_id":8,"name":"WEST MADHYA PRADESH","state_code":"MADHYA PRADESH","region_cod":"CENTRAL INDIA","subdivisio":"WEST MADHYA PRADESH","uorder":19},"id": 36},
{"type":"Feature","geometry":{"type":"MultiPolygon","coordinates":[[[[79.36726849200005,25.127039210000078],[79.35720299200005,25.109078960000033],[79.37756674200006,25.10177446000006],[79.37828324200007,25.068732960000034],[79.36195524200008,25.049117710000075],[79.39955624200007,25.030694960000062],[79.42431249200007,25.04492946000005],[79.42414524200007,25.05683221000004],[79.39158449200005,25.083227710000074],[79.38099799200006,25.121433210000077],[79.36726849200005,25.127039210000078]]],[[[80.06658935500008,28.83679199200003],[80.06079101600005,28.816833496000072],[80.06658935500008,28.794433594000054],[80.03179931600005,28.748596191000047],[79.95581054700006,28.722839355000076],[79.92620849600007,28.77502441400003],[79.87719726600005,28.795593262000068],[79.88543701200007,28.837219238000046],[79.86541748000008,28.83819580100004],[79.85461425800008,28.805786133000026],[79.82598877000004,28.807189941000047],[79.84698486300005,28.85119628900003],[79.84759521500007,28.873229980000076],[79.82940673800005,28.88439941400003],[79.80102539100005,28.887390137000068],[79.79022216800007,28.87280273400006],[79.75323486300005,28.87158203100006],[79.74719238300008,28.859985352000024],[79.68481445300006,28.850036621000072],[79.65759277300003,28.869812012000068],[79.62298584000007,28.86444091800007],[79.58599853500004,28.84619140600006],[79.57659912100007,28.858398437000062],[79.58581543000008,28.87921142600004],[79.55859375000006,28.898986816000047],[79.53460693400007,28.869812012000068],[79.51141357400007,28.864624023000033],[79.49859619100005,28.87298584000007],[79.47882080100004,28.864624023000033],[79.45538330100004,28.870239258000026],[79.42858886700003,28.866638184000067],[79.43261718700006,28.885986328000058],[79.42382812500006,28.901611328000058],[79.42663574200003,28.923217773000033],[79.40960693400007,28.95202636700003],[79.39221191400003,28.94738769500003],[79.37298584000007,28.98718261700003],[79.35699462900004,28.968017578000058],[79.33880615200007,28.97222900400004],[79.30841064500004,28.966796875000057],[79.26220703100006,28.99139404300007],[79.24462890600006,29.01062011700003],[79.21240234400005,29.02783203100006],[79.20520019500003,29.020812988000046],[79.16662597700008,29.018005371000072],[79.17303466800007,29.042419434000067],[79.14398193400007,29.067016602000024],[79.15441894500003,29.115417480000076],[79.12841796900005,29.132812500000057],[79.11340332000003,29.12799072300004],[79.07641601600005,29.151794434000067],[79.03741455100004,29.15319824200003],[79.01641845700004,29.133605957000043],[78.99218750000006,29.131225586000028],[78.98382568400007,29.143188477000024],[78.95800781200006,29.11999511700003],[78.91900634800004,29.134216309000067],[78.88458252000004,29.21142578100006],[78.85418701200007,29.23858642600004],[78.82159423800005,29.23199462900004],[78.79138183600008,29.24761962900004],[78.76739502000004,29.278625488000046],[78.73498535200008,29.299011230000076],[78.76800537100007,29.337585449000073],[78.79681396500007,29.325195312000062],[78.82360839800003,29.359191895000038],[78.85058593700006,29.344421387000068],[78.91400146500007,29.39483642600004],[78.92742919900007,29.434204102000024],[78.88238525400004,29.443420410000044],[78.81201171900005,29.46600341800007],[78.80120849600007,29.46459960900006],[78.74481201200007,29.501403809000067],[78.70178222700008,29.50579834000007],[78.65179443400007,29.546203613000046],[78.62078857400007,29.557189941000047],[78.58178710900006,29.58642578100006],[78.53399658200004,29.63879394500003],[78.52301025400004,29.657592773000033],[78.51800537100007,29.71960449200003],[78.50823974600007,29.729614258000026],[78.44659423800005,29.750427246000072],[78.42999267600004,29.764587402000075],[78.39422607400007,29.767395020000038],[78.33703613300008,29.79681396500007],[78.31079101600005,29.780029297000056],[78.29339599600007,29.758789062000062],[78.24719238300008,29.734619141000053],[78.23999023400006,29.74139404300007],[78.20520019500003,29.737426758000026],[78.19738769500003,29.692810059000067],[78.18182373000008,29.69702148400006],[78.14379882800006,29.667785645000038],[78.13183593700006,29.652587891000053],[78.07000732400007,29.63061523400006],[78.01959228500004,29.598388672000056],[78.01702880900007,29.588439941000047],[77.97442627000004,29.58038330100004],[77.94158935500008,29.59283447300004],[77.94982910200008,29.617004395000038],[77.97741699200003,29.617431641000053],[77.98400878900003,29.640625],[77.96783447300004,29.650207520000038],[77.97039794900007,29.66760253900003],[77.95220947300004,29.67858886700003],[77.92779541000004,29.71441650400004],[77.91381835900006,29.695983887000068],[77.88043212900004,29.700439453000058],[77.83142089800003,29.668395996000072],[77.80041503900003,29.68640136700003],[77.81182861300005,29.702392578000058],[77.77099609400005,29.718017578000058],[77.78399658200004,29.736389160000044],[77.77081298800005,29.745422363000046],[77.78161621100008,29.76519775400004],[77.77484130900007,29.791381836000028],[77.75738525400004,29.806823730000076],[77.75701904300007,29.825439453000058],[77.74163818400007,29.83483886700003],[77.74279785200008,29.852233887000068],[77.71563720700004,29.86962890600006],[77.74121093700006,29.908020020000038],[77.73199462900004,29.932189941000047],[77.74499511700003,29.982604980000076],[77.76281738300008,30.008789062000062],[77.78338623000008,30.018798828000058],[77.77142334000007,30.042785645000038],[77.80279541000004,30.095397949000073],[77.82940673800005,30.085998535000044],[77.83978271500007,30.102783203000058],[77.86743164100005,30.119384766000053],[77.88360595700004,30.152038574000073],[77.91082763700007,30.17962646500007],[77.92022705100004,30.21142578100006],[77.94238281200006,30.228027344000054],[77.93798828100006,30.248229980000076],[77.89538574200003,30.265625],[77.84899902300003,30.27142334000007],[77.76721191400003,30.31439209000007],[77.72222900400004,30.330993652000075],[77.68743896500007,30.37939453100006],[77.66101074200003,30.390808105000076],[77.64923095700004,30.40478515600006],[77.62420654300007,30.405395508000026],[77.57739257800006,30.397583008000026],[77.58675537100004,30.379821777000075],[77.60540771500007,30.369018555000025],[77.57958984400005,30.33001709000007],[77.58398437500006,30.30639648400006],[77.53820800800008,30.275817871000072],[77.53179931600005,30.252624512000068],[77.50579834000007,30.225402832000043],[77.47863769500003,30.182617187000062],[77.45080566400003,30.166015625000057],[77.43103027300003,30.16418457000003],[77.42480468700006,30.131042480000076],[77.40698242200006,30.08941650400004],[77.38378906200006,30.092590332000043],[77.34838867200006,30.06939697300004],[77.33502197300004,30.05358886700003],[77.29821777300003,30.053405762000068],[77.28363037100007,30.02960205100004],[77.27722168000008,29.99621582000003],[77.24798584000007,29.976623535000044],[77.24542236300005,29.96002197300004],[77.21923828100006,29.924011230000076],[77.19122314500004,29.913391113000046],[77.20141601600005,29.889587402000075],[77.20263671900005,29.864196777000075],[77.17938232400007,29.84600830100004],[77.18041992200006,29.81280517600004],[77.14739990200007,29.77160644500003],[77.12139892600004,29.755004883000026],[77.14123535200008,29.735595703000058],[77.13543701200007,29.718627930000025],[77.15722656200006,29.69842529300007],[77.14379882800006,29.680603027000075],[77.14221191400003,29.655029297000056],[77.12939453100006,29.639404297000056],[77.10742187500006,29.63238525400004],[77.11083984400005,29.59759521500007],[77.09100341800007,29.59478759800004],[77.10803222700008,29.571594238000046],[77.10961914100005,29.547790527000075],[77.09881591800007,29.527404785000044],[77.13458252000004,29.483215332000043],[77.12438964800003,29.45538330100004],[77.14581298800005,29.44543457000003],[77.13458252000004,29.400817871000072],[77.15563964800003,29.38439941400003],[77.12438964800003,29.370422363000046],[77.13598632800006,29.340026855000076],[77.16241455100004,29.332397461000028],[77.15960693400007,29.30303955100004],[77.14099121100008,29.26202392600004],[77.15118408200004,29.232788086000028],[77.13378906200006,29.22259521500007],[77.14843750000006,29.180603027000075],[77.13720703100006,29.142028809000067],[77.14941406200006,29.11303710900006],[77.13519287100007,29.095214844000054],[77.16638183600008,29.076599121000072],[77.17340087900004,29.04663085900006],[77.18920898400006,29.030029297000056],[77.19219970700004,29.006042480000076],[77.20361328100006,28.985839844000054],[77.19403076200007,28.958984375000057],[77.19659423800005,28.94061279300007],[77.22363281200006,28.92822265600006],[77.23559570300006,28.910400391000053],[77.22882080100004,28.893981934000067],[77.19683837900004,28.886413574000073],[77.19201660200008,28.86639404300007],[77.21862793000008,28.851440430000025],[77.22558593700006,28.826232910000044],[77.20538330100004,28.79058837900004],[77.23699951200007,28.770812988000046],[77.30603027300003,28.71301269500003],[77.32781982400007,28.710388184000067],[77.31738281200006,28.641235352000024],[77.34381103500004,28.622009277000075],[77.34301757800006,28.606018066000047],[77.31500244100005,28.596618652000075],[77.29840087900004,28.56561279300007],[77.30499267600004,28.552429199000073],[77.33520507800006,28.525390625000057],[77.34899902300003,28.50421142600004],[77.37322998000008,28.49798584000007],[77.38183593700006,28.470214844000054],[77.40142822300004,28.455627441000047],[77.43481445300006,28.454589844000054],[77.44262695300006,28.42858886700003],[77.47900390600006,28.41900634800004],[77.48120117200006,28.398437500000057],[77.50640869100005,28.362792969000054],[77.49761962900004,28.348999023000033],[77.47302246100008,28.335998535000044],[77.50738525400004,28.304016113000046],[77.49218750000006,28.27124023400006],[77.49401855500008,28.251831055000025],[77.52020263700007,28.242431641000053],[77.53662109400005,28.210205078000058],[77.51702880900007,28.19299316400003],[77.54998779300007,28.175842285000044],[77.52343750000006,28.16119384800004],[77.49499511700003,28.132812500000057],[77.51062011700003,28.119812012000068],[77.47900390600006,28.080993652000075],[77.50158691400003,28.06243896500007],[77.48962402300003,28.036621094000054],[77.51403808600008,28.031799316000047],[77.52722168000008,28],[77.54241943400007,27.98199462900004],[77.52020263700007,27.962402344000054],[77.54638671900005,27.95361328100006],[77.53063964800003,27.92541503900003],[77.49401855500008,27.938232422000056],[77.47662353500004,27.929199219000054],[77.48083496100008,27.897827148000033],[77.47363281200006,27.883605957000043],[77.45178222700008,27.87103271500007],[77.42260742200006,27.890808105000076],[77.41162109400005,27.879821777000075],[77.41442871100008,27.851623535000044],[77.38922119100005,27.857604980000076],[77.33642578100006,27.84741210900006],[77.33239746100008,27.830993652000075],[77.29980468700006,27.815185547000056],[77.28503418000008,27.801025391000053],[77.30419921900005,27.79400634800004],[77.31280517600004,27.773986816000047],[77.30963134800004,27.753234863000046],[77.32061767600004,27.733398437000062],[77.30560302700007,27.70983886700003],[77.34222412100007,27.70343017600004],[77.34741210900006,27.639404297000056],[77.31823730500008,27.60662841800007],[77.33624267600004,27.59100341800007],[77.34118652300003,27.526611328000058],[77.40100097700008,27.49963378900003],[77.40319824200003,27.476623535000044],[77.43902587900004,27.45623779300007],[77.42242431600005,27.42199707000003],[77.43939209000007,27.408813477000024],[77.44079589800003,27.390625],[77.50842285200008,27.377014160000044],[77.51782226600005,27.36218261700003],[77.54919433600008,27.33679199200003],[77.57879638700007,27.327636719000054],[77.61383056600005,27.33178710900006],[77.62322998000008,27.31298828100006],[77.60699462900004,27.290405273000033],[77.65399169900007,27.234802246000072],[77.64642334000007,27.216796875000057],[77.68243408200004,27.19421386700003],[77.65979003900003,27.169982910000044],[77.63922119100005,27.16381835900006],[77.62298584000007,27.17199707000003],[77.61499023400006,27.150390625000057],[77.59899902300003,27.138183594000054],[77.60504150400004,27.123596191000047],[77.55139160200008,27.111022949000073],[77.52062988300008,27.066406250000057],[77.54278564500004,27.06243896500007],[77.56921386700003,27.072998047000056],[77.56939697300004,27.047241211000028],[77.60302734400005,27.022399902000075],[77.64318847700008,27.025390625000057],[77.66662597700008,27.017028809000067],[77.69122314500004,27.026184082000043],[77.71398925800008,26.99658203100006],[77.73138427700007,26.993835449000073],[77.73419189500004,27.023437500000057],[77.75079345700004,27.020996094000054],[77.76361084000007,27.000793457000043],[77.74481201200007,26.983032227000024],[77.72363281200006,26.987792969000054],[77.67498779300007,26.962219238000046],[77.65258789100005,26.963806152000075],[77.58441162100007,26.924011230000076],[77.55419921900005,26.919799805000025],[77.49139404300007,26.900390625000057],[77.46160888700007,26.884582520000038],[77.42138671900005,26.838989258000026],[77.39923095700004,26.83020019500003],[77.42181396500007,26.810424805000025],[77.43780517600004,26.783813477000024],[77.47161865200007,26.764587402000075],[77.48760986300005,26.748596191000047],[77.50402832000003,26.769226074000073],[77.48901367200006,26.78918457000003],[77.50201416000004,26.816589355000076],[77.51818847700008,26.825439453000058],[77.55883789100005,26.817382812000062],[77.67602539100005,26.857421875000057],[77.68762207000003,26.875],[77.72399902300003,26.87420654300007],[77.71899414100005,26.897033691000047],[77.73364257800006,26.919982910000044],[77.75439453100006,26.916809082000043],[77.77600097700008,26.932006836000028],[77.79943847700008,26.915832520000038],[77.82281494100005,26.91760253900003],[77.87878418000008,26.902221680000025],[77.90563964800003,26.883239746000072],[77.91021728500004,26.90618896500007],[77.96923828100006,26.903625488000046],[77.98858642600004,26.889221191000047],[78.00079345700004,26.901000977000024],[78.02343750000006,26.899230957000043],[78.03222656200006,26.850585937000062],[78.05139160200008,26.87921142600004],[78.05261230500008,26.901611328000058],[78.07299804700006,26.90618896500007],[78.09741210900006,26.89361572300004],[78.10760498000008,26.914428711000028],[78.12322998000008,26.922424316000047],[78.12579345700004,26.949218750000057],[78.17138671900005,26.947998047000056],[78.23962402300003,26.92663574200003],[78.26000976600005,26.933593750000057],[78.27301025400004,26.921020508000026],[78.25903320300006,26.89538574200003],[78.23840332000003,26.88879394500003],[78.23400878900003,26.87420654300007],[78.21398925800008,26.87121582000003],[78.22356916200005,26.83145987300003],[78.26401149100008,26.814475711000057],[78.27621599100007,26.843839711000044],[78.29053549100007,26.858266211000057],[78.34970424100004,26.868125211000063],[78.37101924100006,26.865497461000075],[78.39408949100005,26.822116711000035],[78.43440699100006,26.82648671100003],[78.46665874100006,26.789414711000063],[78.52411524100006,26.779294711000034],[78.57439424100005,26.75188021100007],[78.61054074100008,26.750254961000053],[78.62905649100009,26.769387211000037],[78.66764749100008,26.763416461000077],[78.68603774100006,26.786558461000027],[78.72405874100008,26.794388711000067],[78.74977574100006,26.786701961000063],[78.77083349100008,26.761026211000058],[78.82010899100004,26.759680461000073],[78.84937624100007,26.72028996100005],[78.87362799100003,26.69889371100004],[78.91268624100007,26.707596961000036],[78.95687624100003,26.690977461000045],[78.94569049100005,26.666525211000078],[78.95660174100004,26.65687821100005],[78.99264924100004,26.67995146100003],[79.00992649200003,26.66813921100004],[78.99558699100004,26.641633211000055],[79.01434824200004,26.604747711000073],[78.99078124100004,26.58846746100005],[79.00684449200008,26.56851271100004],[79.00659724200005,26.54524371100007],[79.04172049200008,26.53030171100005],[79.03990624200003,26.519093461000068],[79.06954649200003,26.497627211000065],[79.07201749200004,26.47910046100003],[79.05562174200008,26.455769961000044],[79.07761299200007,26.44088171100003],[79.10145249200008,26.45166646100006],[79.13534949200005,26.439178711000068],[79.12577774200008,26.41150046100006],[79.08924349200004,26.39988671100008],[79.09761374200008,26.37152271100007],[79.08525174200008,26.357087961000047],[79.12510224200008,26.347988961000055],[79.13503699200004,26.310468711000055],[79.10641149200006,26.309079711000038],[79.08608349200006,26.281651461000024],[79.06627074200003,26.278236461000063],[79.05526274200008,26.249837711000055],[79.07099974200008,26.24138146100006],[79.04887024200008,26.223732961000053],[79.01868599200003,26.246226961000048],[78.99847624100005,26.22616871100007],[79.02557574200006,26.218148211000027],[79.02888874200005,26.20303596100007],[79.01059074200003,26.19124221100003],[79.00892274200004,26.149465211000063],[78.96851199100007,26.148747961000026],[78.95253849100004,26.13200371100004],[78.97467824100005,26.120140211000034],[78.97999399100007,26.103200711000056],[79.01128574200004,26.07631671100006],[78.99059624100005,26.068280961000028],[78.95238049100004,26.031493711000053],[78.95855424100006,26.02036521100007],[78.95120574100008,25.985251461000075],[78.92328324100004,25.943945711000026],[78.88426499100007,25.910246960000052],[78.89506274100006,25.89356796000004],[78.89157024100007,25.871086210000044],[78.86567724100007,25.866616460000046],[78.85177699100007,25.839930210000034],[78.87354949100006,25.82897771000006],[78.87108449100003,25.796729210000024],[78.84905499100006,25.799839210000073],[78.84875549100008,25.81527846000006],[78.82358874100004,25.825764710000044],[78.82824249100008,25.79404746000006],[78.80727899100003,25.79399871000004],[78.78345324100007,25.75615546000006],[78.75444324100005,25.743743960000074],[78.76836324100003,25.715461960000027],[78.79887174100008,25.705229960000054],[78.81894324100006,25.669190710000066],[78.81884349100005,25.640174710000053],[78.80211324100003,25.61228921000003],[78.74033399100006,25.597795210000072],[78.71864124100006,25.601315460000023],[78.68444374100005,25.58883246000005],[78.65600249100004,25.560384210000052],[78.62757924100003,25.56829496000006],[78.61157424100008,25.58201346000004],[78.58852349100005,25.559044710000023],[78.55444249100003,25.559426460000054],[78.53481249100008,25.567652460000033],[78.48835124100003,25.575134210000044],[78.45635274100005,25.547460710000053],[78.43331549100003,25.556157960000064],[78.41581524100008,25.527636460000053],[78.39085024100007,25.51869096000007],[78.38957149100008,25.45691146000007],[78.35146224100004,25.452907710000034],[78.30753924100003,25.42198096000004],[78.33943574100005,25.399341210000046],[78.30112024100004,25.36243046000004],[78.33010349100005,25.350090710000075],[78.33818299100005,25.331552960000067],[78.31489999100006,25.305828210000072],[78.35203474100007,25.292792210000073],[78.35195374100005,25.27783696000006],[78.36909074100004,25.260302210000077],[78.39660644500003,25.18762207000003],[78.41802978500004,25.18322753900003],[78.44921875000006,25.152404785000044],[78.42822265600006,25.14624023400006],[78.44940185500008,25.12780761700003],[78.43579101600005,25.119812012000068],[78.40380859400005,25.12658691400003],[78.38323974600007,25.100585937000062],[78.35451549100003,25.094953710000027],[78.33192299100006,25.07904246000004],[78.34470224100005,25.022359210000047],[78.33414424100005,24.994600460000072],[78.31324649100003,24.984029960000044],[78.29613299100004,24.96319346000007],[78.26253124100003,24.93710421000003],[78.22033124100005,24.910648210000033],[78.20611824100007,24.891318960000035],[78.17679724100003,24.880354960000034],[78.17164199100006,24.843284960000062],[78.19322874100004,24.83792470900005],[78.21529024100005,24.80821295900006],[78.23214174100008,24.771737709000035],[78.22615249100005,24.753373209000074],[78.23259474100007,24.731444959000044],[78.25705549100007,24.70078970900005],[78.27426724100008,24.664841959000057],[78.26293149100007,24.64389070900006],[78.27607874100005,24.610663459000023],[78.26148574100006,24.547629959000062],[78.23029524100008,24.53667370900007],[78.22582424100005,24.518124709000062],[78.24416874100007,24.50704095900005],[78.24572124100007,24.484833709000043],[78.27576599100007,24.468503459000033],[78.26683974100007,24.44934145900004],[78.32441274100006,24.40580520900005],[78.34284399100005,24.399326459000065],[78.36870374100005,24.37363195900008],[78.33265199100003,24.333979209000063],[78.34746249100004,24.303344459000073],[78.39174424100008,24.268622459000028],[78.44092524100006,24.293231209000055],[78.44646049100004,24.321074709000072],[78.47401974100006,24.334889959000066],[78.48157974100008,24.362954459000036],[78.50623024100008,24.389840959000026],[78.55888524100004,24.356183959000077],[78.58475899100006,24.352643959000034],[78.62366699100005,24.29174370900006],[78.66078549100007,24.269399709000027],[78.67546024100005,24.24070345900003],[78.70521374100008,24.230180459000053],[78.72496424100007,24.234857959000067],[78.73293849100008,24.248400959000037],[78.76070199100008,24.24296620900003],[78.78132224100005,24.208038959000078],[78.79100399100008,24.180921959000045],[78.81213049100006,24.180089959000043],[78.81695599100004,24.20428645900006],[78.86469699100007,24.209338459000037],[78.88756849100008,24.224670209000067],[78.88562749100004,24.249768209000024],[78.91642949100003,24.268679709000025],[78.91435574100007,24.296960459000047],[78.93909399100005,24.314615709000066],[78.97481749100007,24.352651709000043],[78.97386374100006,24.369266459000073],[78.99451949100006,24.423623459000055],[78.98874874100005,24.44287895900004],[78.94738649100003,24.441604959000074],[78.91950249100006,24.459109709000074],[78.90766749100004,24.483943459000045],[78.94988899100008,24.480473459000052],[78.97317449100007,24.492538959000058],[78.95093649100005,24.505077709000034],[78.95229649100008,24.54884995900005],[78.91995024100004,24.576793459000044],[78.88853874100005,24.635142959000063],[78.86959199100005,24.636554459000024],[78.83760499100003,24.60434045900007],[78.80854799100007,24.60327145900004],[78.78357874100004,24.588532459000078],[78.75866474100008,24.597891709000066],[78.74676799100007,24.655341709000027],[78.76172549100005,24.668944959000044],[78.77915349100005,24.699489709000034],[78.77001099100005,24.762062209000078],[78.77137999100006,24.79027970900006],[78.78737774100006,24.810247709000066],[78.77135924100008,24.856596210000077],[78.70319099100004,24.88985621000006],[78.67522624100008,24.89758046000003],[78.66055974100004,24.93935896000005],[78.63174324100004,24.957068960000072],[78.64886549100004,25.056543960000056],[78.62726024100004,25.08662871000007],[78.60408924100005,25.092890960000034],[78.60069299100007,25.15237496000003],[78.57675974100005,25.196911210000053],[78.56850699100005,25.222383210000032],[78.57560949100008,25.253524210000023],[78.54303174100005,25.26684996000006],[78.52788099100007,25.28292896000005],[78.51232074100005,25.276437960000067],[78.49632374100008,25.286970960000076],[78.46097299100006,25.265485960000035],[78.43564724100008,25.27570596000004],[78.43678624100005,25.29188196000007],[78.47624549100004,25.29818946000006],[78.49456374100004,25.315050710000037],[78.51213499100004,25.29698471000006],[78.53213224100006,25.301402960000075],[78.54067249100007,25.325753210000073],[78.53515524100004,25.36071946000004],[78.56313149100004,25.343470960000047],[78.58333949100006,25.34679121000005],[78.58491724100008,25.371978960000035],[78.61071674100003,25.411896210000066],[78.64103299100003,25.40435221000007],[78.63975724100004,25.427828960000056],[78.66525949100003,25.438644710000062],[78.69656374100003,25.440171960000043],[78.70755199100006,25.420959710000034],[78.67634499100006,25.398722960000043],[78.66512249100003,25.382831210000063],[78.71702174100005,25.371142210000073],[78.71109974100006,25.353532460000054],[78.74293424100006,25.344084960000032],[78.77165049100006,25.35329446000003],[78.76597799100006,25.39895321000006],[78.75274249100005,25.41040596000005],[78.80203774100005,25.421455710000032],[78.79683749100008,25.436869710000053],[78.77272424100005,25.424880710000025],[78.73200924100007,25.45812871000004],[78.73370899100007,25.484871960000078],[78.76394449100007,25.470968710000022],[78.79694424100006,25.478328960000056],[78.86114249100007,25.44715996000008],[78.86462249100003,25.461988210000072],[78.85350824100004,25.48621496000004],[78.83445999100007,25.49852371000003],[78.84144074100004,25.51080821000005],[78.88353274100007,25.51912396000006],[78.87594574100007,25.538986460000046],[78.89310724100005,25.555568460000075],[78.93326424100007,25.554765710000027],[78.94929949100003,25.54625321000003],[78.94947899100003,25.525976210000067],[78.92423724100007,25.511567210000067],[78.94270049100004,25.489148960000023],[78.93756424100008,25.463454960000035],[78.91070474100007,25.441811460000054],[78.93662124100007,25.42322346000003],[78.95008124100008,25.436587960000054],[78.96764624100007,25.43378321000006],[78.97773499100003,25.415365460000032],[78.98194449100004,25.367501710000056],[78.95588149100007,25.36493771000005],[78.94613699100006,25.347769210000024],[78.90434599100007,25.36013396000004],[78.90279399100007,25.375699460000078],[78.93857624100008,25.372045710000066],[78.95087899100008,25.398028960000033],[78.92286474100007,25.394539460000033],[78.90851024100004,25.38416446000008],[78.88215524100008,25.382559210000068],[78.84508499100008,25.347081710000054],[78.84062399100003,25.326265960000057],[78.82186099100005,25.305903460000025],[78.79920699100006,25.309708460000024],[78.80054899100008,25.288045460000035],[78.84229324100005,25.22818796000007],[78.85320049100005,25.228786960000036],[78.86959874100006,25.27810271000004],[78.87919174100006,25.286765460000026],[78.86375824100008,25.311902460000056],[78.89262724100007,25.341624710000076],[78.93864024100003,25.32735696000003],[78.96320924100007,25.34271121000006],[78.96019074100008,25.306844710000064],[78.97766574100007,25.286086460000035],[78.95116224100008,25.275060960000076],[78.94796124100003,25.257687460000056],[78.91593724100005,25.269345960000066],[78.90374949100004,25.244933210000056],[78.87947174100003,25.245781210000075],[78.87434874100006,25.227540460000057],[78.88888299100006,25.210486460000027],[78.87461574100007,25.184996710000064],[78.88435774100003,25.157229210000025],[78.90789349100004,25.175582960000042],[78.93152024100004,25.205635960000052],[78.96016574100008,25.21573146000003],[78.97653649100005,25.211679460000028],[78.98974049100008,25.194211460000076],[79.00772374200005,25.211106960000052],[79.00236574100006,25.227326960000028],[78.97965474100005,25.23785946000004],[78.99416749100004,25.269963460000042],[79.01976749200008,25.269057460000056],[79.02213949200006,25.24278921000007],[79.03387049200006,25.229719960000068],[79.06384774200006,25.220779210000046],[79.03194924200005,25.181648460000076],[79.04312899200005,25.16899121000006],[79.02907774200008,25.13829971000007],[79.04620874200003,25.13234871000003],[79.06539774200007,25.14595446000004],[79.07144874200003,25.16759421000006],[79.09797349200005,25.171345710000026],[79.12662074200006,25.15857396000007],[79.11518799200007,25.138843460000032],[79.14074824200003,25.106233210000028],[79.18671599200007,25.11287746000005],[79.17579249200008,25.14047596000006],[79.19229674200005,25.146291210000072],[79.20536974200007,25.12337221000007],[79.24582724200008,25.11157496000004],[79.24501699200005,25.138012210000056],[79.25808599200008,25.156392210000035],[79.28403124200008,25.115482460000067],[79.30847724200004,25.12605596000003],[79.32208599200004,25.147091210000042],[79.30942349200006,25.17053246000006],[79.29105599200005,25.18463046000005],[79.28556849200004,25.205793710000023],[79.30091674200008,25.235338960000036],[79.31835649200008,25.214642710000078],[79.34874474200006,25.22565196000005],[79.34772774200007,25.26789221000007],[79.32229924200004,25.25652746000003],[79.29407274200008,25.27617171000003],[79.27871749200006,25.261614460000033],[79.26409374200006,25.27456871000004],[79.26775999200004,25.305318960000022],[79.30239699200007,25.335283960000027],[79.34141449200007,25.327671960000032],[79.35737799200007,25.283553460000064],[79.38024649200008,25.288451460000033],[79.40957324200008,25.274408960000073],[79.40889174200004,25.257530960000054],[79.46055249200003,25.251692460000072],[79.44184224200006,25.236976210000023],[79.45007149200006,25.216167460000065],[79.43978624200008,25.197998460000065],[79.41720049200006,25.203965460000063],[79.41149599200008,25.18480371000004],[79.39145949200008,25.165509710000038],[79.38780274200008,25.144363960000078],[79.39683674200006,25.11584596000006],[79.41673874200006,25.110939460000054],[79.42598649200005,25.12879171000003],[79.44283399200003,25.12181546000005],[79.44393624200006,25.103115710000054],[79.47780724200004,25.125978710000027],[79.46810774200003,25.09165446000003],[79.49746124200004,25.078091210000025],[79.50776949200008,25.09453596000003],[79.52484824200008,25.097130210000046],[79.52141224200005,25.121040460000074],[79.53634874200003,25.132694210000068],[79.55803149200005,25.16470096000006],[79.64056949200005,25.128195960000028],[79.67390474200005,25.12250496000007],[79.68435624200004,25.132383460000028],[79.71502649200005,25.12872396000006],[79.74736274200006,25.138367710000068],[79.77699249200003,25.120696960000032],[79.83500874200007,25.095610710000074],[79.85049074200003,25.111809960000073],[79.86845849200006,25.151518460000034],[79.87048774200008,25.17241646000008],[79.85973599200008,25.198892960000023],[79.87095099200008,25.214597710000078],[79.85314149200008,25.231935960000044],[79.88039824200007,25.249177460000055],[79.90155899200005,25.241621210000062],[79.92896799200008,25.246123460000035],[79.95721024200003,25.26072146000007],[80.00534524200003,25.26557371000007],[80.00188549200004,25.28426446000003],[80.02069199200008,25.297145210000053],[80.01795624200008,25.320150460000036],[80.02883474200007,25.33855346000007],[80.07813824300007,25.33852046000004],[80.10558946700007,25.346076251000056],[80.12042236300005,25.362792969000054],[80.13458252000004,25.397827148000033],[80.12744140600006,25.417419434000067],[80.14538574200003,25.459228516000053],[80.19464111300005,25.443237305000025],[80.19598388700007,25.46600341800007],[80.22283935500008,25.494201660000044],[80.22601318400007,25.52642822300004],[80.20959472700008,25.528991699000073],[80.22222900400004,25.557983398000033],[80.24279785200008,25.566406250000057],[80.25543212900004,25.590026855000076],[80.28100585900006,25.583801270000038],[80.30358886700003,25.63238525400004],[80.32159423800005,25.65441894500003],[80.30718994100005,25.67962646500007],[80.30700683600008,25.69683837900004],[80.32519531200006,25.712036133000026],[80.32781982400007,25.74304199200003],[80.30578613300008,25.762634277000075],[80.27239990200007,25.77142334000007],[80.26098632800006,25.807189941000047],[80.27783203100006,25.82043457000003],[80.29840087900004,25.822998047000056],[80.29919433600008,25.84619140600006],[80.33020019500003,25.84338378900003],[80.35003662100007,25.86639404300007],[80.34741210900006,25.899841309000067],[80.31243896500007,25.888183594000054],[80.29779052700007,25.895812988000046],[80.28338623000008,25.92022705100004],[80.26300048800005,25.933593750000057],[80.22180175800008,25.919433594000054],[80.20703125000006,25.92498779300007],[80.19561767600004,25.945190430000025],[80.15539550800008,25.960205078000058],[80.12042236300005,25.985839844000054],[80.08679199200003,25.996826172000056],[80.08740234400005,26.009033203000058],[80.10778808600008,26.028625488000046],[80.11138916000004,26.051391602000024],[80.09320068400007,26.06280517600004],[80.04663085900006,26.07238769500003],[79.99243164100005,26.065185547000056],[79.96258544900007,26.072814941000047],[79.95678710900006,26.093811035000044],[79.96740722700008,26.13079834000007],[79.96661377000004,26.15002441400003],[79.94122314500004,26.160400391000053],[79.92401123000008,26.093627930000025],[79.89178466800007,26.096801758000026],[79.86138916000004,26.11499023400006],[79.84204101600005,26.101989746000072],[79.79223632800006,26.107421875000057],[79.74719238300008,26.134582520000038],[79.76342773400006,26.183593750000057],[79.71539306600005,26.185791016000053],[79.64538574200003,26.21923828100006],[79.65399169900007,26.234619141000053],[79.64318847700008,26.249389648000033],[79.60363769500003,26.25103759800004],[79.55541992200006,26.268798828000058],[79.53021240200007,26.29541015600006],[79.52722168000008,26.31439209000007],[79.56604003900003,26.340026855000076],[79.55383300800008,26.36163330100004],[79.52539062500006,26.342590332000043],[79.50738525400004,26.364013672000056],[79.55541992200006,26.40441894500003],[79.57843017600004,26.43322753900003],[79.57739257800006,26.44702148400006],[79.60144043000008,26.470031738000046],[79.61163330100004,26.503784180000025],[79.63903808600008,26.52038574200003],[79.63641357400007,26.541015625000057],[79.64739990200007,26.571228027000075],[79.63403320300006,26.591796875000057],[79.64141845700004,26.606811523000033],[79.66259765600006,26.61499023400006],[79.70843505900007,26.64343261700003],[79.72021484400005,26.664794922000056],[79.72180175800008,26.688232422000056],[79.69519043000008,26.727783203000058],[79.67559814500004,26.73858642600004],[79.72442627000004,26.75158691400003],[79.74603271500007,26.764404297000056],[79.75842285200008,26.78240966800007],[79.74121093700006,26.81262207000003],[79.72723388700007,26.803833008000026],[79.70263671900005,26.823242187000062],[79.70721435500008,26.837036133000026],[79.66339111300005,26.867614746000072],[79.66699218700006,26.88684082000003],[79.64941406200006,26.894592285000044],[79.62518310500008,26.884582520000038],[79.60144043000008,26.892395020000038],[79.56121826200007,26.859802246000072],[79.53918457000003,26.875610352000024],[79.51440429700006,26.874816895000038],[79.48962402300003,26.89178466800007],[79.46038818400007,26.902587891000053],[79.44921875000006,26.930419922000056],[79.42639160200008,26.93603515600006],[79.39178466800007,26.930786133000026],[79.35998535200008,26.94720459000007],[79.34118652300003,26.932189941000047],[79.31842041000004,26.943603516000053],[79.32458496100008,26.958984375000057],[79.35638427700007,26.96478271500007],[79.38299560500008,26.987792969000054],[79.38220214800003,27.003784180000025],[79.40362548800005,27.038208008000026],[79.40258789100005,27.055419922000056],[79.42199707000003,27.058593750000057],[79.43841552700007,27.09423828100006],[79.39801025400004,27.09478759800004],[79.39562988300008,27.122009277000075],[79.41400146500007,27.140991211000028],[79.39123535200008,27.15618896500007],[79.39984130900007,27.190795898000033],[79.37280273400006,27.20623779300007],[79.33721923800005,27.215393066000047],[79.33843994100005,27.232421875000057],[79.31622314500004,27.24462890600006],[79.32598877000004,27.265441895000038],[79.31579589800003,27.28479003900003],[79.28918457000003,27.286987305000025],[79.26959228500004,27.303833008000026],[79.26019287100007,27.33038330100004],[79.27880859400005,27.350402832000043],[79.25579834000007,27.370605469000054],[79.25701904300007,27.393188477000024],[79.24658203100006,27.414794922000056],[79.26141357400007,27.428833008000026],[79.25061035200008,27.482421875000057],[79.27124023400006,27.492187500000057],[79.27484130900007,27.514587402000075],[79.25299072300004,27.517639160000044],[79.22198486300005,27.53619384800004],[79.23181152300003,27.555603027000075],[79.21722412100007,27.578796387000068],[79.18121337900004,27.579040527000075],[79.18438720700004,27.610595703000058],[79.13458252000004,27.629821777000075],[79.13684082000003,27.667785645000038],[79.12200927700007,27.684387207000043],[79.14923095700004,27.701782227000024],[79.18280029300007,27.715209961000028],[79.22064209000007,27.70080566400003],[79.23663330100004,27.708435059000067],[79.25762939500004,27.687194824000073],[79.29418945300006,27.685607910000044],[79.31060791000004,27.670837402000075],[79.34741210900006,27.66101074200003],[79.34838867200006,27.649841309000067],[79.37603759800004,27.641418457000043],[79.39398193400007,27.64642334000007],[79.42639160200008,27.627014160000044],[79.44561767600004,27.642395020000038],[79.46783447300004,27.632629395000038],[79.48419189500004,27.61181640600006],[79.47619628900003,27.598999023000033],[79.50482177700007,27.588989258000026],[79.51898193400007,27.601806641000053],[79.53521728500004,27.592041016000053],[79.55383300800008,27.59918212900004],[79.58758544900007,27.592224121000072],[79.62762451200007,27.63702392600004],[79.66119384800004,27.613830566000047],[79.64300537100007,27.579223633000026],[79.65722656200006,27.558837891000053],[79.66699218700006,27.497436523000033],[79.70300293000008,27.497009277000075],[79.69622802700007,27.47064209000007],[79.71002197300004,27.467407227000024],[79.73400878900003,27.48822021500007],[79.72943115200007,27.498413086000028],[79.73382568400007,27.53619384800004],[79.70599365200007,27.552001953000058],[79.71820068400007,27.570190430000025],[79.71520996100008,27.588623047000056],[79.69799804700006,27.601989746000072],[79.68603515600006,27.625],[79.69281005900007,27.652404785000044],[79.70739746100008,27.666809082000043],[79.73260498000008,27.674438477000024],[79.73321533200004,27.71282959000007],[79.75439453100006,27.721984863000046],[79.76861572300004,27.711608887000068],[79.78503418000008,27.684020996000072],[79.80822753900003,27.658386230000076],[79.86401367200006,27.648803711000028],[79.86804199200003,27.66760253900003],[79.88458252000004,27.67199707000003],[79.87658691400003,27.69439697300004],[79.89080810500008,27.704040527000075],[79.90838623000008,27.693603516000053],[79.93243408200004,27.71282959000007],[79.94921875000006,27.713439941000047],[79.96221923800005,27.73059082000003],[80.01239013700007,27.732788086000028],[80.06140136700003,27.75561523400006],[80.05261230500008,27.805786133000026],[80.03619384800004,27.835998535000044],[80.05798339800003,27.84759521500007],[80.05523681600005,27.873229980000076],[80.03759765600006,27.894592285000044],[80.03460693400007,27.922607422000056],[80.05523681600005,27.938598633000026],[80.08020019500003,27.92822265600006],[80.09478759800004,27.935241699000073],[80.09539794900007,27.959228516000053],[80.11419677700007,27.970031738000046],[80.12438964800003,27.99920654300007],[80.16259765600006,28.023620605000076],[80.17840576200007,28.025390625000057],[80.22479248000008,28.065185547000056],[80.23944091800007,28.05963134800004],[80.25561523400006,28.090026855000076],[80.24261474600007,28.10363769500003],[80.23980712900004,28.144409180000025],[80.24780273400006,28.160034180000025],[80.29779052700007,28.161804199000073],[80.30242919900007,28.195007324000073],[80.29840087900004,28.218994141000053],[80.31121826200007,28.231201172000056],[80.31243896500007,28.27783203100006],[80.32360839800003,28.28479003900003],[80.36041259800004,28.328796387000068],[80.38018798800005,28.343200684000067],[80.35900878900003,28.41400146500007],[80.31060791000004,28.463989258000026],[80.33642578100006,28.49182128900003],[80.39178466800007,28.46960449200003],[80.40319824200003,28.485595703000058],[80.43218994100005,28.48944091800007],[80.45159912100007,28.51483154300007],[80.43218994100005,28.530212402000075],[80.39123535200008,28.608215332000043],[80.37042236300005,28.603210449000073],[80.34503173800005,28.631408691000047],[80.31878662100007,28.632812500000057],[80.32720947300004,28.666381836000028],[80.31860351600005,28.700195312000062],[80.29620361300005,28.712402344000054],[80.27844238300008,28.71142578100006],[80.25842285200008,28.72900390600006],[80.26440429700006,28.748413086000028],[80.25201416000004,28.75738525400004],[80.21759033200004,28.754638672000056],[80.17419433600008,28.78118896500007],[80.11999511700003,28.828002930000025],[80.07678222700008,28.82379150400004],[80.06658935500008,28.83679199200003]]]]},"properties":{"OBJECTID":207,"object_id":1,"name":"WEST UTTAR PRADESH","state_code":"UTTAR PRADESH","region_cod":"NORTH WEST INDIA","subdivisio":"WEST UTTAR PRADESH","uorder":11},"id": 31},
{"type":"Feature","geometry":{"type":"Polygon","coordinates":[[[80.50226824300006,25.041247460000022],[80.47824199300004,25.040589460000035],[80.46806074300008,25.065575710000076],[80.44878599300006,25.077922710000053],[80.43079174300004,25.06717296000005],[80.40218699300004,25.067855460000033],[80.38728749300003,25.05179221000003],[80.37582849300009,25.021281960000067],[80.33391149300007,24.998968210000044],[80.32208499300003,24.999356960000057],[80.27489874300005,25.026035210000032],[80.28995049300005,25.058994960000064],[80.31281474300005,25.071288460000062],[80.33088999300008,25.10240796000005],[80.35560399300005,25.125772210000036],[80.35670049300006,25.136443710000037],[80.39487524300006,25.158635210000057],[80.42360424300006,25.161058710000077],[80.43182249300008,25.169905460000052],[80.40982574300006,25.216659210000046],[80.40723449300003,25.23866171000003],[80.38619849300005,25.23319721000007],[80.36588449300007,25.246791710000025],[80.34915199300008,25.27422221000006],[80.32019074300007,25.277759460000027],[80.31084149300005,25.292552210000053],[80.31996399300004,25.329776210000034],[80.31085349300008,25.35382321000003],[80.32148999300006,25.367792460000032],[80.31729349300008,25.387362710000048],[80.28198724300006,25.420508710000036],[80.26412824300007,25.424166710000065],[80.25342549300007,25.400361710000027],[80.19705249300006,25.401870210000027],[80.19608799300005,25.37911371000007],[80.16735499300006,25.373088710000047],[80.13520549300006,25.336076460000072],[80.10558946700007,25.346076251000056],[80.07813824300007,25.33852046000004],[80.02883474200007,25.33855346000007],[80.01795624200008,25.320150460000036],[80.02069199200008,25.297145210000053],[80.00188549200004,25.28426446000003],[80.00534524200003,25.26557371000007],[79.95721024200003,25.26072146000007],[79.92896799200008,25.246123460000035],[79.90155899200005,25.241621210000062],[79.88039824200007,25.249177460000055],[79.85314149200008,25.231935960000044],[79.87095099200008,25.214597710000078],[79.85973599200008,25.198892960000023],[79.87048774200008,25.17241646000008],[79.86845849200006,25.151518460000034],[79.85049074200003,25.111809960000073],[79.83500874200007,25.095610710000074],[79.77699249200003,25.120696960000032],[79.74736274200006,25.138367710000068],[79.71502649200005,25.12872396000006],[79.68435624200004,25.132383460000028],[79.67390474200005,25.12250496000007],[79.64056949200005,25.128195960000028],[79.55803149200005,25.16470096000006],[79.53634874200003,25.132694210000068],[79.52141224200005,25.121040460000074],[79.52484824200008,25.097130210000046],[79.50776949200008,25.09453596000003],[79.49746124200004,25.078091210000025],[79.46810774200003,25.09165446000003],[79.47780724200004,25.125978710000027],[79.44393624200006,25.103115710000054],[79.44283399200003,25.12181546000005],[79.42598649200005,25.12879171000003],[79.41673874200006,25.110939460000054],[79.39683674200006,25.11584596000006],[79.38780274200008,25.144363960000078],[79.39145949200008,25.165509710000038],[79.41149599200008,25.18480371000004],[79.41720049200006,25.203965460000063],[79.43978624200008,25.197998460000065],[79.45007149200006,25.216167460000065],[79.44184224200006,25.236976210000023],[79.46055249200003,25.251692460000072],[79.40889174200004,25.257530960000054],[79.40957324200008,25.274408960000073],[79.38024649200008,25.288451460000033],[79.35737799200007,25.283553460000064],[79.34141449200007,25.327671960000032],[79.30239699200007,25.335283960000027],[79.26775999200004,25.305318960000022],[79.26409374200006,25.27456871000004],[79.27871749200006,25.261614460000033],[79.29407274200008,25.27617171000003],[79.32229924200004,25.25652746000003],[79.34772774200007,25.26789221000007],[79.34874474200006,25.22565196000005],[79.31835649200008,25.214642710000078],[79.30091674200008,25.235338960000036],[79.28556849200004,25.205793710000023],[79.29105599200005,25.18463046000005],[79.30942349200006,25.17053246000006],[79.32208599200004,25.147091210000042],[79.30847724200004,25.12605596000003],[79.28403124200008,25.115482460000067],[79.25808599200008,25.156392210000035],[79.24501699200005,25.138012210000056],[79.24582724200008,25.11157496000004],[79.20536974200007,25.12337221000007],[79.19229674200005,25.146291210000072],[79.17579249200008,25.14047596000006],[79.18671599200007,25.11287746000005],[79.14074824200003,25.106233210000028],[79.11518799200007,25.138843460000032],[79.12662074200006,25.15857396000007],[79.09797349200005,25.171345710000026],[79.07144874200003,25.16759421000006],[79.06539774200007,25.14595446000004],[79.04620874200003,25.13234871000003],[79.02907774200008,25.13829971000007],[79.04312899200005,25.16899121000006],[79.03194924200005,25.181648460000076],[79.06384774200006,25.220779210000046],[79.03387049200006,25.229719960000068],[79.02213949200006,25.24278921000007],[79.01976749200008,25.269057460000056],[78.99416749100004,25.269963460000042],[78.97965474100005,25.23785946000004],[79.00236574100006,25.227326960000028],[79.00772374200005,25.211106960000052],[78.98974049100008,25.194211460000076],[78.97653649100005,25.211679460000028],[78.96016574100008,25.21573146000003],[78.93152024100004,25.205635960000052],[78.90789349100004,25.175582960000042],[78.88435774100003,25.157229210000025],[78.87461574100007,25.184996710000064],[78.88888299100006,25.210486460000027],[78.87434874100006,25.227540460000057],[78.87947174100003,25.245781210000075],[78.90374949100004,25.244933210000056],[78.91593724100005,25.269345960000066],[78.94796124100003,25.257687460000056],[78.95116224100008,25.275060960000076],[78.97766574100007,25.286086460000035],[78.96019074100008,25.306844710000064],[78.96320924100007,25.34271121000006],[78.93864024100003,25.32735696000003],[78.89262724100007,25.341624710000076],[78.86375824100008,25.311902460000056],[78.87919174100006,25.286765460000026],[78.86959874100006,25.27810271000004],[78.85320049100005,25.228786960000036],[78.84229324100005,25.22818796000007],[78.80054899100008,25.288045460000035],[78.79920699100006,25.309708460000024],[78.82186099100005,25.305903460000025],[78.84062399100003,25.326265960000057],[78.84508499100008,25.347081710000054],[78.88215524100008,25.382559210000068],[78.90851024100004,25.38416446000008],[78.92286474100007,25.394539460000033],[78.95087899100008,25.398028960000033],[78.93857624100008,25.372045710000066],[78.90279399100007,25.375699460000078],[78.90434599100007,25.36013396000004],[78.94613699100006,25.347769210000024],[78.95588149100007,25.36493771000005],[78.98194449100004,25.367501710000056],[78.97773499100003,25.415365460000032],[78.96764624100007,25.43378321000006],[78.95008124100008,25.436587960000054],[78.93662124100007,25.42322346000003],[78.91070474100007,25.441811460000054],[78.93756424100008,25.463454960000035],[78.94270049100004,25.489148960000023],[78.92423724100007,25.511567210000067],[78.94947899100003,25.525976210000067],[78.94929949100003,25.54625321000003],[78.93326424100007,25.554765710000027],[78.89310724100005,25.555568460000075],[78.87594574100007,25.538986460000046],[78.88353274100007,25.51912396000006],[78.84144074100004,25.51080821000005],[78.83445999100007,25.49852371000003],[78.85350824100004,25.48621496000004],[78.86462249100003,25.461988210000072],[78.86114249100007,25.44715996000008],[78.79694424100006,25.478328960000056],[78.76394449100007,25.470968710000022],[78.73370899100007,25.484871960000078],[78.73200924100007,25.45812871000004],[78.77272424100005,25.424880710000025],[78.79683749100008,25.436869710000053],[78.80203774100005,25.421455710000032],[78.75274249100005,25.41040596000005],[78.76597799100006,25.39895321000006],[78.77165049100006,25.35329446000003],[78.74293424100006,25.344084960000032],[78.71109974100006,25.353532460000054],[78.71702174100005,25.371142210000073],[78.66512249100003,25.382831210000063],[78.67634499100006,25.398722960000043],[78.70755199100006,25.420959710000034],[78.69656374100003,25.440171960000043],[78.66525949100003,25.438644710000062],[78.63975724100004,25.427828960000056],[78.64103299100003,25.40435221000007],[78.61071674100003,25.411896210000066],[78.58491724100008,25.371978960000035],[78.58333949100006,25.34679121000005],[78.56313149100004,25.343470960000047],[78.53515524100004,25.36071946000004],[78.54067249100007,25.325753210000073],[78.53213224100006,25.301402960000075],[78.51213499100004,25.29698471000006],[78.49456374100004,25.315050710000037],[78.47624549100004,25.29818946000006],[78.43678624100005,25.29188196000007],[78.43564724100008,25.27570596000004],[78.46097299100006,25.265485960000035],[78.49632374100008,25.286970960000076],[78.51232074100005,25.276437960000067],[78.52788099100007,25.28292896000005],[78.54303174100005,25.26684996000006],[78.57560949100008,25.253524210000023],[78.56850699100005,25.222383210000032],[78.57675974100005,25.196911210000053],[78.60069299100007,25.15237496000003],[78.60408924100005,25.092890960000034],[78.62726024100004,25.08662871000007],[78.64886549100004,25.056543960000056],[78.63174324100004,24.957068960000072],[78.66055974100004,24.93935896000005],[78.67522624100008,24.89758046000003],[78.70319099100004,24.88985621000006],[78.77135924100008,24.856596210000077],[78.78737774100006,24.810247709000066],[78.77137999100006,24.79027970900006],[78.77001099100005,24.762062209000078],[78.77915349100005,24.699489709000034],[78.76172549100005,24.668944959000044],[78.74676799100007,24.655341709000027],[78.75866474100008,24.597891709000066],[78.78357874100004,24.588532459000078],[78.80854799100007,24.60327145900004],[78.83760499100003,24.60434045900007],[78.86959199100005,24.636554459000024],[78.88853874100005,24.635142959000063],[78.91995024100004,24.576793459000044],[78.95229649100008,24.54884995900005],[78.95093649100005,24.505077709000034],[78.97317449100007,24.492538959000058],[78.94988899100008,24.480473459000052],[78.90766749100004,24.483943459000045],[78.91950249100006,24.459109709000074],[78.94738649100003,24.441604959000074],[78.98874874100005,24.44287895900004],[78.99451949100006,24.423623459000055],[78.97386374100006,24.369266459000073],[78.97481749100007,24.352651709000043],[78.93909399100005,24.314615709000066],[78.91435574100007,24.296960459000047],[78.91642949100003,24.268679709000025],[78.88562749100004,24.249768209000024],[78.88756849100008,24.224670209000067],[78.86469699100007,24.209338459000037],[78.81695599100004,24.20428645900006],[78.81213049100006,24.180089959000043],[78.79100399100008,24.180921959000045],[78.78132224100005,24.208038959000078],[78.76070199100008,24.24296620900003],[78.73293849100008,24.248400959000037],[78.72496424100007,24.234857959000067],[78.70521374100008,24.230180459000053],[78.67546024100005,24.24070345900003],[78.66078549100007,24.269399709000027],[78.62366699100005,24.29174370900006],[78.58475899100006,24.352643959000034],[78.55888524100004,24.356183959000077],[78.50623024100008,24.389840959000026],[78.48157974100008,24.362954459000036],[78.47401974100006,24.334889959000066],[78.44646049100004,24.321074709000072],[78.44092524100006,24.293231209000055],[78.39174424100008,24.268622459000028],[78.34746249100004,24.303344459000073],[78.33265199100003,24.333979209000063],[78.36870374100005,24.37363195900008],[78.34284399100005,24.399326459000065],[78.32441274100006,24.40580520900005],[78.26683974100007,24.44934145900004],[78.26312724100006,24.438907709000034],[78.20985024100008,24.406349959000067],[78.16072474100008,24.388273709000032],[78.15975149100007,24.368886709000037],[78.12809599100007,24.339325959000064],[78.09272449100007,24.319096459000036],[78.08489099100007,24.299588709000034],[78.09719249100004,24.26109070900003],[78.07238924100005,24.25626920900004],[78.05903049100004,24.22877020900006],[78.09708374100006,24.20948320900004],[78.13417674100003,24.210882209000033],[78.12335599100004,24.162753959000042],[78.10482274100008,24.16364745900006],[78.11761724100006,24.126193959000034],[78.13544424100007,24.11574470900007],[78.12575124100005,24.092563959000074],[78.11865674100005,24.049722209000038],[78.10566524100005,24.047430459000054],[78.09027274100004,24.06480895900006],[78.07515874100005,24.04413820900004],[78.11329824100005,24.02741320900003],[78.11846399100006,24.040763709000032],[78.15227499100007,24.02404720900006],[78.16401324100008,24.009455459000037],[78.18244849100006,24.01139020900007],[78.19188949100004,24.050397959000065],[78.21190324100007,24.067934709000042],[78.27810374100005,24.028755459000024],[78.29061224100008,23.985339459000045],[78.28603274100004,23.960807209000052],[78.26492099100005,23.945896709000067],[78.28901724100007,23.926279709000028],[78.29201299100004,23.906703709000055],[78.28031024100005,23.88856595900006],[78.27317324100005,23.84406320900007],[78.29373049100008,23.84780470900006],[78.29850249100008,23.828326709000066],[78.28427474100005,23.81044195900006],[78.28660874100007,23.783819959000027],[78.25735199100006,23.78846070900005],[78.26387474100005,23.768492209000044],[78.23941674100007,23.721738708000032],[78.26014449100006,23.72432870800003],[78.29269274100005,23.67370845800008],[78.32385624100004,23.692184458000042],[78.33917849100004,23.674938458000042],[78.33794499100003,23.660187458000053],[78.36166324100003,23.650381708000054],[78.37720049100005,23.653761708000047],[78.39867524100003,23.63240995800004],[78.41533849100006,23.64455595800007],[78.40011849100006,23.664354708000076],[78.42651649100003,23.673982958000067],[78.40942874100006,23.700131958000043],[78.42981599100005,23.715531208000073],[78.41281999100005,23.73093170800007],[78.38263049100004,23.710048208000046],[78.37792699100004,23.690434958000026],[78.35993574100007,23.67278870800004],[78.35518974100006,23.702440958000068],[78.36859774100003,23.725679958000057],[78.40045449100006,23.74234020800003],[78.43344024100008,23.744477208000035],[78.44399924100003,23.69851645800003],[78.46878449100006,23.668975958000033],[78.47808449100006,23.63950170800007],[78.51470624100006,23.64911945800003],[78.50832549100005,23.630152708000026],[78.51483074100008,23.612024958000063],[78.50027149100003,23.587714708000078],[78.50604099100008,23.556387458000074],[78.53347824100007,23.550556458000074],[78.57090999100006,23.563854958000036],[78.59411999100007,23.546512458000052],[78.63943424100006,23.547652458000073],[78.65091549100003,23.562044958000058],[78.68546124100004,23.56403345800004],[78.69833174100006,23.575098208000043],[78.73828124100004,23.57616770800007],[78.74274324100008,23.554477208000037],[78.73531499100005,23.53116220800007],[78.67880199100006,23.493871958000057],[78.67049749100005,23.46714320800004],[78.65376524100003,23.44447520800003],[78.63305174100003,23.450495958000033],[78.60913749100007,23.437117458000046],[78.62265349100005,23.418367458000034],[78.63038124100007,23.363599958000066],[78.64178124100005,23.346376708000037],[78.66397049100004,23.33314770800007],[78.67769974100008,23.34629620800007],[78.71869774100008,23.351291958000047],[78.74958349100007,23.310677458000043],[78.77024849100007,23.294701458000077],[78.75713449100004,23.248284458000057],[78.79089449100007,23.245608958000048],[78.80742024100005,23.23594270800004],[78.81366274100003,23.21148820800005],[78.80212049100004,23.18104470800006],[78.80216799100003,23.14909170800007],[78.79116524100004,23.127886208000064],[78.80338324100006,23.11055920800004],[78.79635824100006,23.092053458000066],[78.75201324100004,23.07399220800005],[78.72629049100004,23.04449020800007],[78.69348499100005,23.036642208000046],[78.66870599100008,23.03805520800006],[78.65198574100003,23.025565708000045],[78.62311224100006,23.030630208000048],[78.58620824100007,23.01121770800006],[78.54492849100006,23.016540708000036],[78.46361849100003,23.004227958000058],[78.44232924100004,22.985049958000047],[78.46861099100005,22.95841495800005],[78.48625649100006,22.965843708000023],[78.51462324100004,22.954475958000046],[78.53388974100005,22.96122445800006],[78.57169049100008,22.95557745800005],[78.58813399100006,22.910307958000033],[78.58110274100005,22.89203920800003],[78.59934424100004,22.85061220800003],[78.58885149100007,22.823499208000044],[78.61599724100006,22.79751570800005],[78.63150499100004,22.79056545800006],[78.63100499100005,22.76602495800006],[78.64353749100007,22.760676708000062],[78.67549299100006,22.776935208000054],[78.69713149100005,22.763820708000026],[78.67859949100006,22.731714208000028],[78.69197099100006,22.70600520800008],[78.66469199100004,22.69032095700004],[78.63725999100006,22.683546207000063],[78.61756749100005,22.65547620700005],[78.60196624100007,22.651000707000037],[78.58370299100005,22.661349707000056],[78.54396599100005,22.657870457000058],[78.52284749100005,22.66418595700003],[78.49972199100006,22.63427170700004],[78.50094224100008,22.592687957000066],[78.54842099100006,22.53207470700005],[78.53625574100005,22.49796920700004],[78.51699499100005,22.476389957000038],[78.55398624100008,22.453631207000058],[78.56219274100005,22.428231457000038],[78.55486999100003,22.419987957000046],[78.52494124100008,22.417056957000057],[78.48272874100007,22.38436520700003],[78.46121799100007,22.379931207000027],[78.42523474100005,22.383304457000065],[78.39206274100007,22.41436545700003],[78.37700249100004,22.41949470700007],[78.32108199100009,22.42432745700006],[78.28322049100007,22.414423707000026],[78.27320999100004,22.402075207000053],[78.28231349100008,22.383896707000076],[78.28312149100003,22.35228920700007],[78.25197774100008,22.32678470700006],[78.26654374100008,22.266910707000022],[78.29497549100006,22.253178707000075],[78.26996799100004,22.22686870700005],[78.26422724100007,22.19230170700007],[78.27707774100008,22.13078545700006],[78.27970974100003,22.089233457000034],[78.30560774100007,22.09461245700004],[78.34250224100003,22.110704957000053],[78.34724349100003,22.054737457000044],[78.36063949100003,22.037239457000055],[78.37896499100003,22.031105457000024],[78.40219749100004,22.005122207000056],[78.40365949100004,21.99104995700003],[78.38718774100005,21.963767957000073],[78.39007099100007,21.92641370700005],[78.41655549100005,21.951234207000027],[78.44532199100007,21.96027620700005],[78.47346424100004,21.958171957000047],[78.49091224100005,21.940614707000066],[78.51996674100008,21.929556207000076],[78.52081274100004,21.909178457000053],[78.53942099100004,21.89948670700005],[78.54669999100008,21.867003957000065],[78.52591474100007,21.83669420700005],[78.50048499100006,21.833923707000054],[78.46964449100005,21.815187457000036],[78.49879549100007,21.792129207000073],[78.47331399100005,21.785052457000063],[78.46145574100007,21.75967595700007],[78.46710224100008,21.742112957000074],[78.45849799100006,21.717936207000037],[78.42964799100008,21.718202207000047],[78.41571924100003,21.683336707000024],[78.39528524100007,21.675510707000058],[78.39859424100007,21.64634920700007],[78.38068574100004,21.63863795700007],[78.36725874100006,21.620185707000076],[78.35051349100007,21.627921207000043],[78.34298711000008,21.586605096000028],[78.356995,21.572388],[78.38324,21.591187],[78.393799,21.61322],[78.428833,21.597839],[78.421204,21.572388],[78.426392,21.542419],[78.438599,21.518799],[78.435791,21.503784],[78.458435,21.495422],[78.48822,21.505005],[78.506226,21.526001],[78.542236,21.52301],[78.561401,21.512634],[78.586792,21.486206],[78.611023,21.487793],[78.630005,21.474792],[78.644592,21.484802],[78.66803,21.47644],[78.690613,21.481201],[78.729187,21.461609],[78.752197,21.492188],[78.781616,21.47821],[78.80603,21.489807],[78.841187,21.486389],[78.86084,21.493225],[78.892212,21.484619],[78.900635,21.499817],[78.937195,21.485413],[78.945618,21.515198],[78.928589,21.521606],[78.914429,21.550232],[78.91803,21.590393],[78.946228,21.592224],[78.976807,21.617004],[78.999817,21.618408],[79.013794,21.598816],[79.078003,21.604797],[79.131592,21.625183],[79.164185,21.644836],[79.158813,21.659607],[79.225403,21.64801],[79.232605,21.669617],[79.222229,21.6922],[79.24658203100006,21.72082519500003],[79.27941894500003,21.708801270000038],[79.28723144500003,21.694824219000054],[79.354797,21.678223],[79.39318819200008,21.67321805800003],[79.417236,21.690613],[79.43658414500004,21.682007],[79.462219,21.686829],[79.497803,21.673218],[79.50878906200006,21.634033203000058],[79.50518798900004,21.612],[79.513611,21.583191],[79.54162597700008,21.570007324000073],[79.54162597800007,21.541992187000062],[79.56799316400003,21.54699707000003],[79.58282470700004,21.54058837900004],[79.62384033200004,21.557006837000074],[79.65423584000007,21.555419922000056],[79.66198730500008,21.575988770000038],[79.69219970700004,21.580810547000056],[79.70178222700008,21.592590332000043],[79.73638916000004,21.603210449000073],[79.79364013700007,21.585998535000044],[79.82342529300007,21.560607910000044],[79.83001709000007,21.54803466800007],[79.88378906200006,21.525390625000057],[79.919983,21.523804],[79.937439,21.555603],[79.973022,21.55719],[80.003235,21.533386],[80.034424,21.555603],[80.073792,21.55603],[80.1026,21.589233],[80.11859130900007,21.593994141000053],[80.12518310500008,21.611022949000073],[80.15618896500007,21.605834961000028],[80.194397,21.634827],[80.22082519500003,21.622009277000075],[80.27142334000007,21.615783691000047],[80.29919423100006,21.575622769000063],[80.321594,21.575989],[80.333008,21.546631],[80.377625,21.523193],[80.385193,21.490234135000037],[80.409607,21.467407],[80.41961669900007,21.447814941000047],[80.39801,21.402222],[80.414429,21.37561],[80.45019531200006,21.37139892600004],[80.45141601600005,21.386596680000025],[80.47259521500007,21.395202637000068],[80.51818847700008,21.394226074000073],[80.56542968700006,21.36444091800007],[80.566589,21.349182],[80.622437,21.319641],[80.66162107000008,21.33343501400003],[80.672791,21.337585],[80.692017,21.371399],[80.70898437500006,21.415039062000062],[80.70739746100008,21.430236816000047],[80.73663330100004,21.459228516000053],[80.730408,21.494629],[80.742432,21.538635],[80.721436,21.554993],[80.730408,21.569397],[80.718628,21.602417],[80.730591,21.618225],[80.728638,21.644592],[80.718018,21.662598],[80.737,21.702209],[80.735413,21.728027],[80.749207,21.755005],[80.773987,21.757996],[80.805603,21.744202],[80.825623,21.77002],[80.84021,21.799622],[80.846436,21.82843],[80.847595,21.87323],[80.833984,21.888611],[80.833984,21.90802],[80.848206,21.927429],[80.844421,21.945801],[80.861816,21.971191],[80.877625,22.012817],[80.877625,22.038391],[80.898804,22.064209],[80.909424,22.108826],[80.927185,22.11981201100008],[80.949219,22.117798],[80.968201,22.095642],[80.971008,22.057434],[80.991394,22.050842],[81.010803,22.069397],[81.013,22.094788],[80.981995,22.126038],[81.023621,22.132202],[81.028442,22.165833],[81.018433,22.185425],[81.03302,22.200989],[81.025208,22.228638],[81.05059814500004,22.243591309000067],[81.09503173800005,22.25299072300004],[81.10363769500003,22.27783203100006],[81.12042199300004,22.290588008000043],[81.115234,22.323608],[81.12298584000007,22.342041016000053],[81.10540771500007,22.383239746000072],[81.112793,22.437012],[81.128601,22.448792],[81.158203,22.455811],[81.17340087900004,22.48663330100004],[81.195801,22.490784],[81.201782,22.462219],[81.234985,22.451782],[81.26361084000007,22.471618652000075],[81.26379394500003,22.492797852000024],[81.28302,22.502441],[81.310242,22.481384],[81.324585,22.488586],[81.32019018400007,22.516235024000025],[81.340027,22.519836],[81.383789,22.509216],[81.39678955100004,22.44061279300007],[81.424011,22.446594],[81.42858886700003,22.47863769500003],[81.48443603500004,22.487792969000054],[81.49822998000008,22.518798828000058],[81.53442382800006,22.538024902000075],[81.54901123000008,22.527038574000073],[81.56921386700003,22.54998779300007],[81.60681152300003,22.533996582000043],[81.629822,22.5448],[81.63079828200006,22.56280511800003],[81.65521240200007,22.56243896500007],[81.648987,22.612793],[81.662598,22.618835],[81.684998,22.646423],[81.714783,22.647583],[81.73040771500007,22.675842285000044],[81.74481201200007,22.67199707000003],[81.75640875000005,22.64581306300005],[81.77343750000006,22.675842285000044],[81.754028,22.726196],[81.77001953100006,22.734985352000024],[81.79620361300005,22.765991211000028],[81.7854,22.778625],[81.78363,22.810425],[81.76879882800006,22.833801270000038],[81.77880859400005,22.856018066000047],[81.77740478500004,22.874023437000062],[81.86340304400005,22.88879402200007],[81.880005,22.909241],[81.92163085900006,22.946594238000046],[81.948608,22.957397],[81.952209,22.982422],[81.92321777300003,23.040405273000033],[81.92919921900005,23.05780029300007],[81.97039794900007,23.08038330100004],[81.98980712900004,23.085815430000025],[82.01062011700003,23.078796387000068],[82.038025,23.080811],[82.056824,23.106995],[82.072815,23.117615],[82.12762451200007,23.103393555000025],[82.14141845700004,23.131591797000056],[82.16302490200007,23.142395020000038],[82.14721679700006,23.162841797000056],[82.14483642600004,23.18640136700003],[82.15539550800008,23.210815430000025],[82.14721679700006,23.226440430000025],[82.16821289100005,23.24639892600004],[82.17620849600007,23.268188477000024],[82.19482421900005,23.276611328000058],[82.20123291000004,23.313415527000075],[82.19421386700003,23.325988770000038],[82.16558837900004,23.334228516000053],[82.14819335900006,23.36041259800004],[82.12658691400003,23.353393555000025],[82.11358642600004,23.359985352000024],[82.11444091800007,23.385986328000058],[82.10241699200003,23.397216797000056],[82.07379150400004,23.390991211000028],[82.05883789100005,23.376403809000067],[82.02581787100007,23.385009766000053],[82.03460693400007,23.409606934000067],[81.98718261700003,23.41400146500007],[81.97863769500003,23.451416016000053],[81.95678710900006,23.466796875000057],[81.94958496100008,23.500610352000024],[81.92498779300007,23.532226562000062],[81.90618896500007,23.528991699000073],[81.87744140600006,23.51220703100006],[81.82238769500003,23.51483154300007],[81.81103515600006,23.548828125000057],[81.76000976600005,23.549438477000024],[81.75659179700006,23.565185547000056],[81.73382568400007,23.562194824000073],[81.70318603500004,23.527038574000073],[81.66979980500008,23.532592773000033],[81.66418457000003,23.51361084000007],[81.64123535200008,23.477783203000058],[81.62878418000008,23.48162841800007],[81.61358642600004,23.510437012000068],[81.61779785200008,23.527587891000053],[81.61138916000004,23.55499267600004],[81.58581543000008,23.55322265600006],[81.57843017600004,23.58483886700003],[81.61322021500007,23.60119628900003],[81.62219238300008,23.651000977000024],[81.65698242200006,23.66259765600006],[81.65924072300004,23.68322753900003],[81.68579101600005,23.690429687000062],[81.69763183600008,23.72082519500003],[81.67999267600004,23.740234375000057],[81.67742919900007,23.756835937000062],[81.64642334000007,23.769592285000044],[81.65301513700007,23.799804687000062],[81.63623046900005,23.835205078000058],[81.61962890600006,23.83319091800007],[81.60504150400004,23.853210449000073],[81.62322998000008,23.87121582000003],[81.60601806600005,23.881408691000047],[81.61199951200007,23.903625488000046],[81.63403320300006,23.905395508000026],[81.66101074200003,23.916992187000062],[81.68939209000007,23.90600585900006],[81.71899414100005,23.861999512000068],[81.72644043000008,23.840393066000047],[81.75299072300004,23.832031250000057],[81.77398681600005,23.816589355000076],[81.82458496100008,23.807189941000047],[81.83819580100004,23.819641113000046],[81.86444091800007,23.82379150400004],[81.90820312500006,23.84600830100004],[81.92279052700007,23.870422363000046],[81.96142578100006,23.854614258000026],[82.00158691400003,23.862426758000026],[82.04602050800008,23.841186523000033],[82.05419921900005,23.81939697300004],[82.09539794900007,23.81604003900003],[82.12322998000008,23.82238769500003],[82.14581298800005,23.815795898000033],[82.18041992200006,23.821228027000075],[82.20043945300006,23.848632812000062],[82.20898437500006,23.825988770000038],[82.23919677700007,23.80480957000003],[82.26403808600008,23.82061767600004],[82.29364,23.809387],[82.31579589800003,23.812194824000073],[82.33862304700006,23.803405762000068],[82.375793,23.811584],[82.39502,23.799438],[82.47161865200007,23.810607910000044],[82.499817,23.785217],[82.527222,23.78363],[82.55041503900009,23.807983398000033],[82.55621319300008,23.825805643000024],[82.59259,23.821594],[82.66162109400005,23.854187012000068],[82.67022705100004,23.87103271500007],[82.65301513700007,23.889038086000028],[82.66339111300005,23.907226562000062],[82.68621826200007,23.90979003900003],[82.700806,23.924438],[82.756409,23.92041],[82.75738525400004,23.933410645000038],[82.780212,23.936584],[82.81219482400007,23.962402344000054],[82.80925874500008,23.99993070900007],[82.75367274500007,24.011917959000073],[82.74773099500004,24.029830709000066],[82.76357349500006,24.042378459000076],[82.76273599500007,24.07197970900006],[82.73410624500008,24.081272459000047],[82.71624024500005,24.079459709000048],[82.70919724500004,24.095727709000073],[82.67137749500006,24.122529459000077],[82.66526899500008,24.133386209000037],[82.67872099500005,24.157038709000062],[82.69621774500007,24.142834209000057],[82.72821199500004,24.137629209000067],[82.74401524500007,24.166958709000028],[82.73490049500003,24.221792959000027],[82.75782349500008,24.234673459000078],[82.75850099500008,24.266634209000074],[82.77204774500007,24.290912209000055],[82.76776499500005,24.317527959000074],[82.77245649500009,24.34596920900003],[82.76854899500006,24.37142895900007],[82.72647474500008,24.36957170900007],[82.71512424500008,24.383502209000028],[82.72295749500006,24.414460459000054],[82.73371249500008,24.42455695900003],[82.73178424500009,24.474564959000077],[82.74458999500007,24.497984959000064],[82.72367324500004,24.51147995900004],[82.72417099500007,24.555271209000068],[82.75409174500004,24.53969545900003],[82.80882999500005,24.550891209000042],[82.80446149500006,24.597908709000023],[82.77633024500005,24.595678459000055],[82.77389924500005,24.639712459000066],[82.69981999500004,24.646649959000058],[82.70407624500007,24.673709709000036],[82.67369049500007,24.697793709000052],[82.59577024500004,24.67162520900007],[82.58211074500008,24.660895959000072],[82.53740599500009,24.649832459000038],[82.52657124500007,24.676167959000054],[82.49490974500003,24.67330620900003],[82.42832274500006,24.70296895900003],[82.40976624500007,24.681530209000073],[82.41993224500004,24.655611959000055],[82.41165099500006,24.633942459000025],[82.41729024500006,24.59566070900007],[82.36895899500007,24.599779209000076],[82.33789724500008,24.62148920900006],[82.31753424500005,24.610667959000068],[82.30655199500006,24.625716209000075],[82.30004999500005,24.662438209000072],[82.27766774500003,24.67948620900006],[82.23700499500006,24.67218770900007],[82.25123624500003,24.69933645900005],[82.24656974500004,24.751926209000032],[82.23594799500006,24.763054459000045],[82.20388149400003,24.761222959000065],[82.21695774400007,24.795215959000075],[82.18158874400007,24.798371959000065],[82.16762699400005,24.789669209000067],[82.14047899400003,24.80185945900007],[82.12042399400008,24.789631959000076],[82.09012799400006,24.819427459000053],[82.07344124400004,24.820743709000055],[82.01314874400003,24.847910210000066],[81.96313224400006,24.83643470900006],[81.93498299400005,24.857942210000033],[81.93665124400007,24.87019721000007],[81.91095924400008,24.88124171000004],[81.90675399400004,24.90226571000005],[81.91860774400004,24.91757346000003],[81.90997174400007,24.979830960000072],[81.88187374400007,24.999109710000027],[81.85465374400007,25.00404696000004],[81.83773549400007,25.016238460000068],[81.80000324400004,25.00690471000007],[81.72476574400008,25.049753960000032],[81.71372224400005,25.03469971000004],[81.69025499400004,25.04054621000006],[81.68617124400004,25.061427710000032],[81.65519449400006,25.071755960000075],[81.63026899400006,25.05363521000004],[81.60283949400008,25.073607710000033],[81.64034899400008,25.099945210000044],[81.59942024400004,25.119619210000053],[81.60053249400005,25.13299821000004],[81.62809349400004,25.152250710000033],[81.59021449400007,25.164840210000023],[81.59645999400004,25.18035021000003],[81.57485149400003,25.19228596000005],[81.54097349400007,25.181943210000043],[81.52714524400005,25.14837496000007],[81.50041649400004,25.14528996000007],[81.48583324400005,25.134951960000024],[81.48609499400004,25.117628210000078],[81.50153574400008,25.107220960000063],[81.50299174400004,25.078695210000035],[81.49208149400005,25.071534710000037],[81.44476374400006,25.092693460000078],[81.44694149400004,25.110523710000052],[81.43615949400004,25.130101960000047],[81.39739974400004,25.120732960000055],[81.37482624400008,25.138170960000025],[81.35781024400006,25.16375721000003],[81.33834024400005,25.16887496000004],[81.27702899400003,25.16153096000005],[81.26630024400004,25.113235210000028],[81.25403049400006,25.101935710000078],[81.26989174400006,25.064891960000068],[81.25586824400006,25.03793546000003],[81.22849524400004,25.00370046000006],[81.20995599400004,24.99218196000004],[81.21422099400007,24.935751210000035],[81.16964824400003,24.954970960000026],[81.16051324400007,24.912774210000066],[81.14826599300005,24.912927960000047],[81.13634274300006,24.890120960000047],[81.09768099300004,24.920925710000063],[81.08462049300005,24.948663210000063],[81.03486349300005,24.95133371000003],[81.00817499300007,24.936572210000065],[80.96102574300005,24.93577496000006],[80.94499374300005,24.968791710000062],[80.86474699300004,24.932216710000034],[80.82893599300007,24.932831960000044],[80.81031324300005,24.940682460000062],[80.80693199300003,24.97107471000004],[80.82678099300006,24.96983496000007],[80.85842524300006,24.999339210000073],[80.83730874300005,25.026139210000053],[80.84933524300004,25.047422710000035],[80.87886499300004,25.06720271000006],[80.87246924300007,25.08428846000004],[80.88122924300006,25.098694210000076],[80.87322849300006,25.119745210000076],[80.91384874300007,25.16057046000003],[80.87783949300007,25.184699460000047],[80.84457749300003,25.188697710000042],[80.85016049300003,25.16398496000005],[80.84035699300006,25.137473210000053],[80.82688399300008,25.126609460000054],[80.80612774300005,25.142267210000057],[80.79038499300003,25.133112960000062],[80.75909224300005,25.137708960000055],[80.72551949300004,25.12491521000004],[80.72720349300005,25.100035710000043],[80.75396924300009,25.095438210000054],[80.78417924300004,25.08036996000004],[80.78411199300007,25.057785710000076],[80.74175499300003,25.05850546000005],[80.73536549300007,25.067873210000073],[80.68170999300008,25.050199460000044],[80.68743174300005,25.077828960000033],[80.66188224300004,25.072455710000042],[80.64961699300005,25.089122210000028],[80.61663024300003,25.094548210000028],[80.63046474300006,25.117962460000058],[80.60278024300004,25.151132460000042],[80.59594099300006,25.105022460000043],[80.58679674300004,25.08419721000007],[80.55153624300004,25.063590710000028],[80.52711449300006,25.077832210000054],[80.51762349300003,25.096908710000037],[80.49539624300007,25.087681210000028],[80.51040224300004,25.05877221000003],[80.50226824300006,25.041247460000022],[80.54964499300007,25.029730710000024],[80.55030449300006,25.00265096000004],[80.50673924300008,25.005181960000073],[80.48478949300005,24.989472960000057],[80.43364399300003,25.026555210000026],[80.45435449300004,25.04118871000003],[80.49292199300004,25.029804710000064],[80.50226824300006,25.041247460000022]],[[79.36726849200005,25.127039210000078],[79.38099799200006,25.121433210000077],[79.39158449200005,25.083227710000074],[79.42414524200007,25.05683221000004],[79.42431249200007,25.04492946000005],[79.39955624200007,25.030694960000062],[79.36195524200008,25.049117710000075],[79.37828324200007,25.068732960000034],[79.37756674200006,25.10177446000006],[79.35720299200005,25.109078960000033],[79.36726849200005,25.127039210000078]]]},"properties":{"OBJECTID":209,"object_id":26,"name":"EAST MADHYA PRADESH","state_code":"MADHYA PRADESH","region_cod":"CENTRAL INDIA","subdivisio":"EAST MADHYA PRADESH","uorder":20},"id": 8},
{"type":"Feature","geometry":{"type":"Polygon","coordinates":[[[83.33183,24.101173],[83.324741,24.105774],[83.284072,24.049227],[83.281068,24.017765],[83.26558999600007,24.008729008000046],[83.244539,24.011076],[83.228475,23.976436],[83.209865,23.920878],[83.156155,23.903525],[83.14342,23.884401],[83.076977,23.869599],[83.05617699500004,23.878779989000066],[83.020634,23.878949],[82.99787,23.872004],[82.956195,23.870306],[82.9276,23.892673],[82.90706505500003,23.897373987000037],[82.868556,23.924238],[82.86301,23.938418],[82.829502,23.96167],[82.81219482400007,23.962402344000054],[82.780212,23.936584],[82.75738525400004,23.933410645000038],[82.756409,23.92041],[82.700806,23.924438],[82.68621826200007,23.90979003900003],[82.66339111300005,23.907226562000062],[82.65301513700007,23.889038086000028],[82.67022705100004,23.87103271500007],[82.66162109400005,23.854187012000068],[82.59259,23.821594],[82.55621319300008,23.825805643000024],[82.55041503900009,23.807983398000033],[82.527222,23.78363],[82.499817,23.785217],[82.47161865200007,23.810607910000044],[82.39502,23.799438],[82.375793,23.811584],[82.33862304700006,23.803405762000068],[82.31579589800003,23.812194824000073],[82.29364,23.809387],[82.26403808600008,23.82061767600004],[82.23919677700007,23.80480957000003],[82.20898437500006,23.825988770000038],[82.20043945300006,23.848632812000062],[82.18041992200006,23.821228027000075],[82.14581298800005,23.815795898000033],[82.12322998000008,23.82238769500003],[82.09539794900007,23.81604003900003],[82.05419921900005,23.81939697300004],[82.04602050800008,23.841186523000033],[82.00158691400003,23.862426758000026],[81.96142578100006,23.854614258000026],[81.92279052700007,23.870422363000046],[81.90820312500006,23.84600830100004],[81.86444091800007,23.82379150400004],[81.83819580100004,23.819641113000046],[81.82458496100008,23.807189941000047],[81.77398681600005,23.816589355000076],[81.75299072300004,23.832031250000057],[81.72644043000008,23.840393066000047],[81.71899414100005,23.861999512000068],[81.68939209000007,23.90600585900006],[81.66101074200003,23.916992187000062],[81.63403320300006,23.905395508000026],[81.61199951200007,23.903625488000046],[81.60601806600005,23.881408691000047],[81.62322998000008,23.87121582000003],[81.60504150400004,23.853210449000073],[81.61962890600006,23.83319091800007],[81.63623046900005,23.835205078000058],[81.65301513700007,23.799804687000062],[81.64642334000007,23.769592285000044],[81.67742919900007,23.756835937000062],[81.67999267600004,23.740234375000057],[81.69763183600008,23.72082519500003],[81.68579101600005,23.690429687000062],[81.65924072300004,23.68322753900003],[81.65698242200006,23.66259765600006],[81.62219238300008,23.651000977000024],[81.61322021500007,23.60119628900003],[81.57843017600004,23.58483886700003],[81.58581543000008,23.55322265600006],[81.61138916000004,23.55499267600004],[81.61779785200008,23.527587891000053],[81.61358642600004,23.510437012000068],[81.62878418000008,23.48162841800007],[81.64123535200008,23.477783203000058],[81.66418457000003,23.51361084000007],[81.66979980500008,23.532592773000033],[81.70318603500004,23.527038574000073],[81.73382568400007,23.562194824000073],[81.75659179700006,23.565185547000056],[81.76000976600005,23.549438477000024],[81.81103515600006,23.548828125000057],[81.82238769500003,23.51483154300007],[81.87744140600006,23.51220703100006],[81.90618896500007,23.528991699000073],[81.92498779300007,23.532226562000062],[81.94958496100008,23.500610352000024],[81.95678710900006,23.466796875000057],[81.97863769500003,23.451416016000053],[81.98718261700003,23.41400146500007],[82.03460693400007,23.409606934000067],[82.02581787100007,23.385009766000053],[82.05883789100005,23.376403809000067],[82.07379150400004,23.390991211000028],[82.10241699200003,23.397216797000056],[82.11444091800007,23.385986328000058],[82.11358642600004,23.359985352000024],[82.12658691400003,23.353393555000025],[82.14819335900006,23.36041259800004],[82.16558837900004,23.334228516000053],[82.19421386700003,23.325988770000038],[82.20123291000004,23.313415527000075],[82.19482421900005,23.276611328000058],[82.17620849600007,23.268188477000024],[82.16821289100005,23.24639892600004],[82.14721679700006,23.226440430000025],[82.15539550800008,23.210815430000025],[82.14483642600004,23.18640136700003],[82.14721679700006,23.162841797000056],[82.16302490200007,23.142395020000038],[82.14141845700004,23.131591797000056],[82.12762451200007,23.103393555000025],[82.072815,23.117615],[82.056824,23.106995],[82.038025,23.080811],[82.01062011700003,23.078796387000068],[81.98980712900004,23.085815430000025],[81.97039794900007,23.08038330100004],[81.92919921900005,23.05780029300007],[81.92321777300003,23.040405273000033],[81.952209,22.982422],[81.948608,22.957397],[81.92163085900006,22.946594238000046],[81.880005,22.909241],[81.86340304400005,22.88879402200007],[81.77740478500004,22.874023437000062],[81.77880859400005,22.856018066000047],[81.76879882800006,22.833801270000038],[81.78363,22.810425],[81.7854,22.778625],[81.79620361300005,22.765991211000028],[81.77001953100006,22.734985352000024],[81.754028,22.726196],[81.77343750000006,22.675842285000044],[81.75640875000005,22.64581306300005],[81.74481201200007,22.67199707000003],[81.73040771500007,22.675842285000044],[81.714783,22.647583],[81.684998,22.646423],[81.662598,22.618835],[81.648987,22.612793],[81.65521240200007,22.56243896500007],[81.63079828200006,22.56280511800003],[81.629822,22.5448],[81.60681152300003,22.533996582000043],[81.56921386700003,22.54998779300007],[81.54901123000008,22.527038574000073],[81.53442382800006,22.538024902000075],[81.49822998000008,22.518798828000058],[81.48443603500004,22.487792969000054],[81.42858886700003,22.47863769500003],[81.424011,22.446594],[81.39678955100004,22.44061279300007],[81.383789,22.509216],[81.340027,22.519836],[81.32019018400007,22.516235024000025],[81.324585,22.488586],[81.310242,22.481384],[81.28302,22.502441],[81.26379394500003,22.492797852000024],[81.26361084000007,22.471618652000075],[81.234985,22.451782],[81.201782,22.462219],[81.195801,22.490784],[81.17340087900004,22.48663330100004],[81.158203,22.455811],[81.128601,22.448792],[81.112793,22.437012],[81.10540771500007,22.383239746000072],[81.12298584000007,22.342041016000053],[81.115234,22.323608],[81.12042199300004,22.290588008000043],[81.10363769500003,22.27783203100006],[81.09503173800005,22.25299072300004],[81.05059814500004,22.243591309000067],[81.025208,22.228638],[81.03302,22.200989],[81.018433,22.185425],[81.028442,22.165833],[81.023621,22.132202],[80.981995,22.126038],[81.013,22.094788],[81.010803,22.069397],[80.991394,22.050842],[80.971008,22.057434],[80.968201,22.095642],[80.949219,22.117798],[80.927185,22.11981201100008],[80.909424,22.108826],[80.898804,22.064209],[80.877625,22.038391],[80.877625,22.012817],[80.861816,21.971191],[80.844421,21.945801],[80.848206,21.927429],[80.833984,21.90802],[80.833984,21.888611],[80.847595,21.87323],[80.846436,21.82843],[80.84021,21.799622],[80.825623,21.77002],[80.805603,21.744202],[80.773987,21.757996],[80.749207,21.755005],[80.735413,21.728027],[80.737,21.702209],[80.718018,21.662598],[80.728638,21.644592],[80.730591,21.618225],[80.718628,21.602417],[80.730408,21.569397],[80.721436,21.554993],[80.742432,21.538635],[80.730408,21.494629],[80.73663330100004,21.459228516000053],[80.70739746100008,21.430236816000047],[80.70898437500006,21.415039062000062],[80.692017,21.371399],[80.672791,21.337585],[80.66162107000008,21.33343501400003],[80.683411,21.312439],[80.681213,21.298035],[80.652832,21.277039],[80.644409,21.24939],[80.619019,21.229004],[80.578186,21.215637],[80.554382,21.200012],[80.531189,21.20459],[80.51922600100005,21.191833],[80.462585,21.156006],[80.446838,21.119995],[80.451416,21.030212],[80.425842,21.007813],[80.445435,20.993225],[80.445435,20.97644],[80.46521,20.928406],[80.52179,20.929199],[80.536194,20.933838],[80.5578,20.888428],[80.560425,20.811401],[80.550842,20.795593],[80.553406,20.762634],[80.564392,20.746826],[80.568604,20.706787],[80.583435,20.696594],[80.581787,20.671997],[80.521606,20.655823],[80.489197,20.630005],[80.482605,20.617615],[80.506042,20.582642],[80.527039,20.580017],[80.578186,20.606995],[80.603027,20.608215],[80.627197,20.577393],[80.621216,20.503235],[80.614014,20.460388],[80.615234,20.436584],[80.593201,20.392822],[80.612427,20.37439],[80.627991,20.331787],[80.611389,20.317383],[80.585999,20.316406],[80.547607,20.305237],[80.547791,20.296814],[80.519226,20.265198],[80.494019,20.275391],[80.471436,20.271423],[80.453613,20.257385],[80.399841,20.243408],[80.406433,20.217834],[80.423035,20.196411],[80.402832,20.189392],[80.390198,20.164429],[80.406006,20.144836],[80.431641,20.135193],[80.457031,20.137206999000057],[80.461792,20.150208],[80.5,20.144836],[80.553589,20.117188],[80.545593,20.094788],[80.558228,20.069031],[80.544189,20.009399],[80.551025,19.984009],[80.539795,19.973999],[80.540588,19.950989],[80.525208,19.9328],[80.505798,19.927185],[80.482422,19.933594],[80.474792,19.950012],[80.453796,19.956787],[80.43219,19.940002],[80.412842,19.937622],[80.409607,19.911804],[80.451416,19.89563],[80.470215,19.906799],[80.491821,19.901611],[80.507385,19.869812011000022],[80.487793,19.862793],[80.471008,19.826599],[80.432617,19.806213],[80.450989,19.789001],[80.482239,19.826782],[80.52179,19.830994],[80.547791,19.817627],[80.544983,19.775818],[80.572815,19.758606],[80.588806,19.740234],[80.641785,19.724609],[80.656799,19.706787],[80.67804,19.698608],[80.678223,19.651611],[80.664185,19.621582],[80.671631,19.608398],[80.716187,19.615784],[80.742432,19.605408],[80.771423,19.585815],[80.777222,19.561584],[80.818237,19.570435],[80.836792,19.56604],[80.85199,19.528198],[80.876038,19.518005],[80.89679,19.519226],[80.900024,19.481018],[80.877441,19.44519],[80.832031,19.442627],[80.815002,19.4328],[80.813416,19.406433],[80.828186,19.381226],[80.85456300400006,19.36310300400004],[80.775635,19.312439],[80.761597,19.290588],[80.70318600200005,19.281189002000076],[80.691406,19.286011],[80.695007,19.313782],[80.684387,19.32843],[80.654785,19.321228],[80.625,19.30481],[80.614197,19.308594],[80.591614,19.351013],[80.593384,19.375183],[80.5802,19.400024],[80.566589,19.399231],[80.540222,19.376831],[80.522034,19.346802],[80.48822,19.340393],[80.4776,19.326416],[80.447815,19.263184],[80.431641,19.252991],[80.395386,19.244019],[80.385986,19.212402],[80.396423,19.194397],[80.390991,19.180603],[80.349609,19.159241],[80.329041,19.134399],[80.341187,19.098816],[80.32959,19.094421],[80.331238,19.069214],[80.301208,19.051025],[80.306824,19.026428],[80.275391,18.993591],[80.270996,18.941833],[80.301819,18.90979],[80.35144,18.846436],[80.356018,18.825806],[80.324036,18.798035],[80.298584,18.791199],[80.276184,18.764587],[80.251404,18.768188],[80.245789,18.755432],[80.272358,18.723699],[80.280807,18.720296],[80.306035,18.682509],[80.318897,18.641812],[80.327264,18.635735],[80.344664,18.597217],[80.36758,18.608214],[80.395877,18.604946],[80.427931,18.613011],[80.458168,18.628921],[80.49077100300008,18.62986700400006],[80.516272,18.618477],[80.536871,18.589688],[80.572446,18.564308],[80.607261,18.547409],[80.619975,18.526688],[80.639198,18.521645],[80.63986,18.501452],[80.657958,18.473921],[80.703704,18.443382],[80.697982,18.423045],[80.734429,18.402129],[80.733093,18.353867],[80.749252,18.328797],[80.750982,18.306719],[80.77034,18.287102],[80.79331,18.25],[80.738753,18.22118],[80.738396,18.176284],[80.777013,18.169173],[80.800687,18.170607],[80.825645,18.193475],[80.825169,18.238517],[80.86752,18.232569],[80.873525,18.207802],[80.860124,18.18889],[80.861744,18.150299],[80.868252,18.139358],[80.901718,18.139555],[80.922636,18.14672],[80.980625,18.177848],[80.980337,18.153235],[80.957812,18.132626],[80.955029,18.081057],[80.971355,18.046275],[80.965855,18.040567],[80.981221,18.005695],[80.990074,17.940649],[80.999996,17.91581],[80.995768,17.87972],[80.998038,17.848094],[81.009842,17.797302],[81.048218,17.781382],[81.08289674400004,17.793416969000077],[81.104047,17.815104],[81.124354,17.823057],[81.169934,17.854696],[81.201909,17.845406],[81.217231,17.833585],[81.266985,17.810155],[81.356401,17.812263],[81.394997,17.793694],[81.39782625000004,17.819030249000036],[81.390701,17.828972],[81.404974,17.848739],[81.396128,17.867098],[81.402365,17.893321],[81.435573,17.880405],[81.449428,17.888183],[81.455047,17.913051],[81.45075399600006,17.930994001000045],[81.461048,17.951407],[81.484033,17.974568],[81.479327,17.989286],[81.4842,18.054391],[81.515167,18.099614],[81.514496,18.135203],[81.527682,18.15903],[81.508801,18.184592],[81.5321,18.239362],[81.532875,18.264386],[81.565985,18.274281],[81.6022,18.30877],[81.614793,18.306217],[81.663838,18.324066],[81.661217,18.345785],[81.751978,18.352684],[81.770522,18.417173],[81.858918,18.493027],[81.869945,18.524018],[81.890967,18.537259],[81.91051,18.53713],[81.907363,18.560255],[81.951901,18.569069],[81.96474,18.593889],[81.936771,18.606457],[81.93245,18.617242],[81.895849,18.6418],[81.90331562000006,18.659712976000037],[81.92343135500005,18.642014137000047],[81.95065169500003,18.64281375300004],[81.96717031600008,18.692504109000026],[82.018459,18.718604],[82.041929,18.723016],[82.0867,18.717701],[82.095248,18.745924],[82.090467,18.759296],[82.158059,18.784256],[82.162025,18.818712],[82.170699,18.835137],[82.164178,18.854318],[82.177159,18.900411],[82.219217,18.921313],[82.247801,18.918231],[82.23162301700006,19.026539980000052],[82.203998,19.06577],[82.220818,19.094531],[82.200255,19.120642],[82.169308,19.135531],[82.175155,19.16244],[82.187883,19.165486],[82.163447,19.201387],[82.160167,19.264313],[82.178423,19.298628],[82.187785,19.33656],[82.155869,19.348956],[82.155009,19.37617],[82.180981,19.379555],[82.19102,19.414519],[82.179932,19.435767],[82.129036,19.429671],[82.104559,19.465267],[82.109702,19.493443],[82.101994,19.515754],[82.077763,19.522791],[82.06781499000004,19.51000299900005],[82.03095,19.506706],[82.049579,19.53413],[82.05111,19.567376],[82.04159,19.596385],[82.060753,19.627349],[82.0536,19.679645],[82.046323,19.699707],[82.051478,19.741268],[82.064939,19.75696],[82.06196,19.79556],[82.010872,19.803647],[81.987677,19.800301],[81.967101,19.836094],[81.96986,19.859086],[81.907979,19.8835],[81.871368,19.901731],[81.853523,19.922346],[81.857074,19.971481],[81.866746,20.025909],[81.898544,20.048799],[81.927607,20.090786],[81.947372,20.104379],[81.985594,20.07245],[81.997079,20.052772],[82.019413,20.048207],[82.02328,20.022937],[82.072209,20.056178],[82.090674,20.038663],[82.130238,20.013426],[82.162332,20.008345],[82.18485999700005,19.988678997000022],[82.21104,19.984942],[82.239239,20.002678],[82.270935,19.974457],[82.27758,19.947783],[82.303357,19.901902],[82.305295,19.888031],[82.346015,19.834202],[82.378271,19.861569],[82.419803,19.903261],[82.452461,19.908585],[82.466003,19.900035],[82.486569,19.906934],[82.506397,19.889814],[82.536707,19.886077],[82.550185,19.874887],[82.573194,19.876976],[82.605584,19.865497],[82.577587,19.832576],[82.586489,19.801096],[82.585027,19.778359],[82.625628,19.791294],[82.653968,19.831346],[82.705738,19.831193],[82.721607,19.856029],[82.709224,19.901225],[82.71489,19.937642],[82.72231,19.947481],[82.719958,19.98833],[82.711867,19.996205],[82.636129,20.002461],[82.625582,19.990795],[82.593146,19.991316],[82.586088,20.000765],[82.55289899900004,20.015366999000037],[82.535962,20.01289],[82.496496,20.021968],[82.481324,20.03578],[82.452344,20.037892],[82.402757,20.05373],[82.400384,20.121423],[82.388724,20.143185],[82.392719,20.161362],[82.413985,20.178963],[82.425201,20.218511],[82.416873,20.22616],[82.413061,20.259415],[82.437347,20.284866],[82.433177,20.312056],[82.402237,20.338495],[82.439816,20.43342],[82.399648,20.471961],[82.390121,20.495835],[82.391241,20.516242],[82.360534,20.527056],[82.338328,20.553116],[82.335577,20.568198],[82.352481,20.580614],[82.345506,20.594965],[82.364334,20.609513],[82.378339,20.631647],[82.370432,20.648208],[82.376001,20.666361],[82.35320700200003,20.705558019000023],[82.35527,20.735083],[82.34439,20.766004],[82.346565,20.790196],[82.341326,20.846107],[82.362187,20.87181],[82.408184,20.868188],[82.41269,20.843586],[82.429729,20.829458],[82.456747,20.825832],[82.483049,20.848802],[82.49359,20.876825],[82.489896,20.907913],[82.518737,20.919787],[82.561964,20.945972],[82.576042,20.972417],[82.610527,21.008152],[82.631593,21.039239],[82.613976,21.067579],[82.63106699700006,21.07619200700003],[82.651838,21.105625],[82.65343,21.125951],[82.638461,21.147157],[82.699066,21.163235],[82.75774900100004,21.166166002000068],[82.787593,21.14403],[82.802272,21.155107],[82.843371,21.166682],[82.852153,21.160399],[82.903353,21.165756],[82.933632,21.162197],[82.966918,21.192437],[82.988355,21.167419],[82.992309,21.139016],[83.014104,21.144141],[83.047245,21.123163],[83.079813,21.111101],[83.140681,21.108663],[83.168929,21.137941],[83.200123,21.144597],[83.200536,21.163413],[83.223978,21.231294],[83.22498,21.264936],[83.248295,21.280327],[83.269981,21.276555],[83.281304,21.294125],[83.264112,21.307005],[83.260594,21.336246],[83.270715,21.344662],[83.276278,21.376466],[83.313959,21.369696],[83.325015,21.361574],[83.392261,21.342008],[83.39985300200004,21.365130002000058],[83.400983,21.404523],[83.373477,21.435998],[83.356421,21.447256],[83.34867,21.489335],[83.362196,21.542045],[83.374263,21.561948],[83.367165,21.575437],[83.371712,21.599709],[83.384274,21.618488],[83.444454,21.654547],[83.44625104200009,21.623027990000026],[83.468546,21.609131],[83.488742,21.642581],[83.448122,21.657694],[83.420088,21.679149],[83.435214,21.698331],[83.455504,21.69384],[83.476659,21.719016],[83.490754,21.747344],[83.475107,21.786096],[83.497052,21.811419],[83.5292,21.796712],[83.543766,21.797468],[83.543418,21.835798],[83.571836,21.831605],[83.592982,21.850329],[83.576308,21.874335],[83.588121,21.901983],[83.60771,21.913389],[83.592451,21.928941],[83.558811,21.934583],[83.563653,21.947354],[83.543837,21.961638],[83.53924599900006,21.977202001000023],[83.557529,22.006287],[83.542213,22.019052],[83.53905,22.043792],[83.55214999300006,22.05283099600007],[83.59227,22.053879],[83.595732,22.072503],[83.564676,22.102279],[83.609809,22.153008],[83.629722,22.203573],[83.667879,22.232],[83.707708,22.245988],[83.759879,22.23961],[83.777982,22.257023],[83.781555,22.272919],[83.804914,22.289427],[83.827346,22.291619],[83.831865,22.322816],[83.854283,22.327187],[83.867801,22.342429],[83.899498,22.337231],[83.92544,22.357691],[83.972992,22.358335],[84.006587,22.372898],[84.032923,22.426243],[84.048944,22.436821],[84.047667,22.462467],[84.020934,22.487611],[83.987144,22.499554],[83.983785,22.52219],[84.01097905100005,22.525369],[84.004839,22.545304],[84.013578,22.575339],[84.02643,22.591207],[84.05141900900009,22.59435901100005],[84.08602,22.637523],[84.112717,22.640107],[84.152063,22.635891],[84.223079,22.667395],[84.240135,22.691252],[84.231596,22.736232],[84.261895,22.767049],[84.291397,22.765642],[84.30137,22.795304],[84.316807,22.799988],[84.336814,22.860969],[84.373549,22.864088],[84.384461,22.895942],[84.379586,22.909056],[84.398229,22.92529],[84.382514,22.971506],[84.330144,22.981331],[84.309669,22.966864],[84.282567,22.963403],[84.276472,22.985058],[84.255578,22.971671],[84.244604,22.98275],[84.220734,22.97872],[84.187822,23.026527],[84.17748,23.009248],[84.18033299800004,22.979227002000073],[84.151508,22.964808],[84.148972,22.989905],[84.12811000300007,23.03279899100005],[84.135475,23.08253],[84.092115,23.111856],[84.074262,23.108388],[84.042153,23.136433],[84.033901,23.157276],[84.045383,23.182675],[84.065465,23.206037],[84.055741,23.246752],[84.069497,23.293604],[84.063666,23.306773],[84.076489,23.332957],[84.053657,23.358984],[84.053014,23.373943],[84.02514,23.377415],[84.013725,23.353154],[83.971285,23.366282],[83.964342,23.384811],[83.983698,23.42174],[83.973006,23.466393],[84.016909,23.503602],[84.030063,23.545078],[84.032028,23.599029],[84.010703,23.627334],[83.944518,23.625476],[83.933902,23.619897],[83.941751,23.569965],[83.890592,23.578307],[83.81897,23.594129],[83.779094,23.607456],[83.774329,23.623265],[83.753894,23.638152],[83.760904,23.652998],[83.72557700600004,23.683367005000036],[83.748043,23.718987],[83.73971,23.759985],[83.723244,23.771944],[83.724021,23.787472],[83.706361,23.806107],[83.709609,23.816914],[83.676307,23.826675],[83.668523,23.843786],[83.6483,23.846279],[83.570877,23.8662],[83.587991,23.882117],[83.55981,23.892884],[83.548872,23.913814],[83.550824,23.933417],[83.517124,23.980995],[83.52581996200007,24.011831061000066],[83.510215,24.030674],[83.476801,24.04096],[83.456181,24.040971],[83.439623,24.057546],[83.436148,24.083726],[83.408582,24.079968],[83.389767,24.0995],[83.33183,24.101173]]]},"properties":{"OBJECTID":211,"object_id":27,"name":"CHHATTISGARH","state_code":"CHHATTISGARH","region_cod":"CENTRAL INDIA","subdivisio":"CHHATTISGARH","uorder":27},"id": 5},
{"type":"Feature","geometry":{"type":"Polygon","coordinates":[[[86.72943115200007,22.216186523000033],[86.69079589800003,22.22064209000007],[86.66339111300005,22.236206055000025],[86.65362548800005,22.262817383000026],[86.61541748000008,22.281799316000047],[86.59881591800007,22.276794434000067],[86.58721923800005,22.29998779300007],[86.53002929700006,22.306030273000033],[86.53179931600005,22.321594238000046],[86.51239013700007,22.326599121000072],[86.50183105500008,22.34564209000007],[86.47381591800007,22.335205078000058],[86.44921875000006,22.310241699000073],[86.41284179700006,22.31939697300004],[86.36218261700003,22.347839355000076],[86.35418701200007,22.36303710900006],[86.32519531200006,22.384033203000058],[86.32482910200008,22.39642334000007],[86.29681396500007,22.425598145000038],[86.28582763700007,22.44720459000007],[86.27160644500003,22.441589355000076],[86.22821044900007,22.452392578000058],[86.21398925800008,22.47082519500003],[86.12603759800004,22.48803710900006],[86.10620117200006,22.500183105000076],[86.07141113300008,22.555236816000047],[86.04779052700007,22.566833496000072],[86.02642822300004,22.54400634800004],[86.03619384800004,22.533203125000057],[86.00079345700004,22.512817383000026],[85.97558593700006,22.505187988000046],[85.95941162100007,22.463439941000047],[85.98883056600005,22.434387207000043],[86.02038574200003,22.42498779300007],[86.03143310500008,22.385192871000072],[86.01599121100008,22.351623535000044],[86.03143310500008,22.33361816400003],[86.01660156200006,22.320983887000068],[86.03363037100007,22.306640625000057],[85.99182128900009,22.253601074000073],[85.97619628900009,22.24639892600004],[86.00561523400006,22.21282959000007],[86.03381347700008,22.191833496000072],[86.00683593700006,22.147583008000026],[85.99938964800003,22.12744140600006],[86.01184082000003,22.117004395000038],[85.94720459000007,22.019409180000025],[85.93579101600005,22.02160644500003],[85.91479492200006,21.98999023400006],[85.88684082000003,21.97882080100004],[85.85778808600008,21.982238770000038],[85.82800293000008,21.974426270000038],[85.80780029300007,21.98803710900006],[85.78698730500008,21.983642578000058],[85.76818847700008,21.994201660000044],[85.76379394500003,22.010009766000053],[85.78558349600007,22.03082275400004],[85.77960205100004,22.05499267600004],[85.79803466800007,22.08001709000007],[85.82562255900007,22.072814941000047],[85.83599853500004,22.093017578000058],[85.80963134800004,22.115417480000076],[85.80120849600007,22.10363769500003],[85.77001953100006,22.092407227000024],[85.75939941400009,22.077636719000054],[85.71240234400005,22.057983398000033],[85.68762207000003,22.053833008000026],[85.65740966800007,22.09338378900003],[85.62939453100006,22.080627441000047],[85.60162353500004,22.077636719000054],[85.56481933600008,22.09460449200003],[85.54998779300007,22.08959960900006],[85.52923584000007,22.108642578000058],[85.49462890600006,22.119384766000053],[85.46459960900006,22.139221191000047],[85.41461181600005,22.16101074200003],[85.39019775400004,22.155395508000026],[85.37359619100005,22.160400391000053],[85.34759521500007,22.12921142600004],[85.32519531200006,22.126831055000025],[85.28338623000008,22.08978271500007],[85.26501464800003,22.057189941000047],[85.25421142600004,22.02642822300004],[85.24139404300007,22.008789062000062],[85.22381591800007,22.017395020000038],[85.21643066400009,22.048828125000057],[85.14721679700006,22.079040527000075],[85.11480712900004,22.07843017600004],[85.10223388700007,22.103393555000025],[85.05761718700006,22.11499023400006],[85.02642822300004,22.108642578000058],[85.01422119100005,22.090026855000076],[84.99279785200008,22.08020019500003],[84.98620605500008,22.09423828100006],[85.02703857400007,22.117431641000053],[85.03643798800005,22.137390137000068],[85.03198242200006,22.161804199000073],[85.05639648400006,22.182983398000033],[85.08020019500003,22.256408691000047],[85.07458496100008,22.275390625000057],[85.10443115200007,22.29400634800004],[85.11920166000004,22.29382324200003],[85.12023925800008,22.316833496000072],[85.09143066400009,22.319030762000068],[85.07958984400005,22.36444091800007],[85.08862304700006,22.399414062000062],[85.06182861300005,22.447998047000056],[85.08001709000007,22.476806641000053],[85.05920410200008,22.485595703000058],[85.04083252000004,22.481018066000047],[84.97283935500008,22.450988770000038],[84.95660400400004,22.45819091800007],[84.91162109400005,22.42199707000003],[84.87298584000007,22.43920898400006],[84.83898925800008,22.430786133000026],[84.80560302700007,22.44738769500003],[84.76123046900005,22.445983887000068],[84.75219726600005,22.418640137000068],[84.70239257800006,22.41558837900004],[84.66864013700007,22.41882324200003],[84.63018798800005,22.433593750000057],[84.57281494100005,22.427612305000025],[84.55059814500004,22.42163085900006],[84.50518798800005,22.419189453000058],[84.47680664100005,22.40740966800007],[84.47918701200007,22.386413574000073],[84.43481445300006,22.373596191000047],[84.43658447300004,22.359802246000072],[84.40258789100005,22.34582519500003],[84.36962890600006,22.35260009800004],[84.32000732400007,22.341796875000057],[84.29339599600007,22.342224121000072],[84.27099609400005,22.35382080100004],[84.25244140600006,22.378417969000054],[84.19903564500004,22.37744140600006],[84.15783691400009,22.407592773000033],[84.14318847700008,22.424621582000043],[84.14459228500004,22.471801758000026],[84.11700439500004,22.475585937000062],[84.08282470700004,22.493591309000067],[84.05139160200008,22.516418457000043],[84.01097905100005,22.525369],[83.983785,22.52219],[83.987144,22.499554],[84.020934,22.487611],[84.047667,22.462467],[84.048944,22.436821],[84.032923,22.426243],[84.006587,22.372898],[83.972992,22.358335],[83.92544,22.357691],[83.899498,22.337231],[83.867801,22.342429],[83.854283,22.327187],[83.831865,22.322816],[83.827346,22.291619],[83.804914,22.289427],[83.781555,22.272919],[83.777982,22.257023],[83.759879,22.23961],[83.707708,22.245988],[83.667879,22.232],[83.629722,22.203573],[83.609809,22.153008],[83.564676,22.102279],[83.595732,22.072503],[83.59227,22.053879],[83.55214999300006,22.05283099600007],[83.53905,22.043792],[83.542213,22.019052],[83.557529,22.006287],[83.53924599900006,21.977202001000023],[83.543837,21.961638],[83.563653,21.947354],[83.558811,21.934583],[83.592451,21.928941],[83.60771,21.913389],[83.588121,21.901983],[83.576308,21.874335],[83.592982,21.850329],[83.571836,21.831605],[83.543418,21.835798],[83.543766,21.797468],[83.5292,21.796712],[83.497052,21.811419],[83.475107,21.786096],[83.490754,21.747344],[83.476659,21.719016],[83.455504,21.69384],[83.435214,21.698331],[83.420088,21.679149],[83.448122,21.657694],[83.488742,21.642581],[83.468546,21.609131],[83.44625104200009,21.623027990000026],[83.444454,21.654547],[83.384274,21.618488],[83.371712,21.599709],[83.367165,21.575437],[83.374263,21.561948],[83.362196,21.542045],[83.34867,21.489335],[83.356421,21.447256],[83.373477,21.435998],[83.400983,21.404523],[83.39985300200004,21.365130002000058],[83.392261,21.342008],[83.325015,21.361574],[83.313959,21.369696],[83.276278,21.376466],[83.270715,21.344662],[83.260594,21.336246],[83.264112,21.307005],[83.281304,21.294125],[83.269981,21.276555],[83.248295,21.280327],[83.22498,21.264936],[83.223978,21.231294],[83.200536,21.163413],[83.200123,21.144597],[83.168929,21.137941],[83.140681,21.108663],[83.079813,21.111101],[83.047245,21.123163],[83.014104,21.144141],[82.992309,21.139016],[82.988355,21.167419],[82.966918,21.192437],[82.933632,21.162197],[82.903353,21.165756],[82.852153,21.160399],[82.843371,21.166682],[82.802272,21.155107],[82.787593,21.14403],[82.75774900100004,21.166166002000068],[82.699066,21.163235],[82.638461,21.147157],[82.65343,21.125951],[82.651838,21.105625],[82.63106699700006,21.07619200700003],[82.613976,21.067579],[82.631593,21.039239],[82.610527,21.008152],[82.576042,20.972417],[82.561964,20.945972],[82.518737,20.919787],[82.489896,20.907913],[82.49359,20.876825],[82.483049,20.848802],[82.456747,20.825832],[82.429729,20.829458],[82.41269,20.843586],[82.408184,20.868188],[82.362187,20.87181],[82.341326,20.846107],[82.346565,20.790196],[82.34439,20.766004],[82.35527,20.735083],[82.35320700200003,20.705558019000023],[82.376001,20.666361],[82.370432,20.648208],[82.378339,20.631647],[82.364334,20.609513],[82.345506,20.594965],[82.352481,20.580614],[82.335577,20.568198],[82.338328,20.553116],[82.360534,20.527056],[82.391241,20.516242],[82.390121,20.495835],[82.399648,20.471961],[82.439816,20.43342],[82.402237,20.338495],[82.433177,20.312056],[82.437347,20.284866],[82.413061,20.259415],[82.416873,20.22616],[82.425201,20.218511],[82.413985,20.178963],[82.392719,20.161362],[82.388724,20.143185],[82.400384,20.121423],[82.402757,20.05373],[82.452344,20.037892],[82.481324,20.03578],[82.496496,20.021968],[82.535962,20.01289],[82.55289899900004,20.015366999000037],[82.586088,20.000765],[82.593146,19.991316],[82.625582,19.990795],[82.636129,20.002461],[82.711867,19.996205],[82.719958,19.98833],[82.72231,19.947481],[82.71489,19.937642],[82.709224,19.901225],[82.721607,19.856029],[82.705738,19.831193],[82.653968,19.831346],[82.625628,19.791294],[82.585027,19.778359],[82.586489,19.801096],[82.577587,19.832576],[82.605584,19.865497],[82.573194,19.876976],[82.550185,19.874887],[82.536707,19.886077],[82.506397,19.889814],[82.486569,19.906934],[82.466003,19.900035],[82.452461,19.908585],[82.419803,19.903261],[82.378271,19.861569],[82.346015,19.834202],[82.305295,19.888031],[82.303357,19.901902],[82.27758,19.947783],[82.270935,19.974457],[82.239239,20.002678],[82.21104,19.984942],[82.18485999700005,19.988678997000022],[82.162332,20.008345],[82.130238,20.013426],[82.090674,20.038663],[82.072209,20.056178],[82.02328,20.022937],[82.019413,20.048207],[81.997079,20.052772],[81.985594,20.07245],[81.947372,20.104379],[81.927607,20.090786],[81.898544,20.048799],[81.866746,20.025909],[81.857074,19.971481],[81.853523,19.922346],[81.871368,19.901731],[81.907979,19.8835],[81.96986,19.859086],[81.967101,19.836094],[81.987677,19.800301],[82.010872,19.803647],[82.06196,19.79556],[82.064939,19.75696],[82.051478,19.741268],[82.046323,19.699707],[82.0536,19.679645],[82.060753,19.627349],[82.04159,19.596385],[82.05111,19.567376],[82.049579,19.53413],[82.03095,19.506706],[82.06781499000004,19.51000299900005],[82.077763,19.522791],[82.101994,19.515754],[82.109702,19.493443],[82.104559,19.465267],[82.129036,19.429671],[82.179932,19.435767],[82.19102,19.414519],[82.180981,19.379555],[82.155009,19.37617],[82.155869,19.348956],[82.187785,19.33656],[82.178423,19.298628],[82.160167,19.264313],[82.163447,19.201387],[82.187883,19.165486],[82.175155,19.16244],[82.169308,19.135531],[82.200255,19.120642],[82.220818,19.094531],[82.203998,19.06577],[82.23162301700006,19.026539980000052],[82.247801,18.918231],[82.219217,18.921313],[82.177159,18.900411],[82.164178,18.854318],[82.170699,18.835137],[82.162025,18.818712],[82.158059,18.784256],[82.090467,18.759296],[82.095248,18.745924],[82.0867,18.717701],[82.041929,18.723016],[82.018459,18.718604],[81.96717031600008,18.692504109000026],[81.95065169500003,18.64281375300004],[81.92343135500005,18.642014137000047],[81.90331562000006,18.659712976000037],[81.895849,18.6418],[81.93245,18.617242],[81.936771,18.606457],[81.96474,18.593889],[81.951901,18.569069],[81.907363,18.560255],[81.91051,18.53713],[81.890967,18.537259],[81.869945,18.524018],[81.858918,18.493027],[81.770522,18.417173],[81.751978,18.352684],[81.661217,18.345785],[81.663838,18.324066],[81.614793,18.306217],[81.6022,18.30877],[81.565985,18.274281],[81.532875,18.264386],[81.5321,18.239362],[81.508801,18.184592],[81.527682,18.15903],[81.514496,18.135203],[81.515167,18.099614],[81.4842,18.054391],[81.479327,17.989286],[81.484033,17.974568],[81.461048,17.951407],[81.45075399600006,17.930994001000045],[81.455047,17.913051],[81.449428,17.888183],[81.435573,17.880405],[81.402365,17.893321],[81.396128,17.867098],[81.404974,17.848739],[81.390701,17.828972],[81.39782625000004,17.819030249000036],[81.42059326200007,17.81420898400006],[81.48138427700007,17.835388184000067],[81.49023437500006,17.813415527000075],[81.53118896500007,17.82379150400004],[81.56622314500004,17.826599121000072],[81.57281494100005,17.836608887000068],[81.59619140600006,17.834594727000024],[81.61682128900003,17.82238769500003],[81.64239502000004,17.839233398000033],[81.66418457000003,17.881042480000076],[81.70660400400004,17.895812988000046],[81.71319580100004,17.872009277000075],[81.75018310500008,17.891601562000062],[81.75,17.898620605000076],[81.78961181600005,17.92498779300007],[81.80938720700004,17.95520019500003],[81.84381103500004,17.96124267600004],[81.90783691400003,17.982421875000057],[81.92279052700007,17.995605469000054],[81.96398925800008,18],[81.99438476600005,18.027221680000025],[82.00860595700004,18.02923584000007],[82.00738525400004,18.05621337900004],[82.03839111300005,18.06561279300007],[82.06500244100005,18.055786133000026],[82.07659912100007,18.075012207000043],[82.10198974600007,18.059997559000067],[82.13482666000004,18.058837891000053],[82.13720703100006,18.044189453000058],[82.16900634800004,18.05181884800004],[82.19042968700006,18.015014648000033],[82.20520019500003,18.014587402000075],[82.24603271500007,17.992797852000024],[82.26641845700004,17.99462890600006],[82.27362060500008,18.01843261700003],[82.27221679700006,18.056640625000057],[82.29162597700008,18.068786621000072],[82.30639648400006,18.055603027000075],[82.34399414100005,18.05780029300007],[82.35180664100005,18.076782227000024],[82.33843994100005,18.09918212900004],[82.33441162100007,18.12658691400003],[82.34039306600005,18.150390625000057],[82.36779785200008,18.13702392600004],[82.37243652300003,18.14801025400004],[82.35418701200007,18.171020508000026],[82.31658935500008,18.182983398000033],[82.31243896500007,18.20520019500003],[82.32501220700004,18.210205078000058],[82.33660888700007,18.240600586000028],[82.33343505900007,18.25280761700003],[82.34478759800004,18.280395508000026],[82.375,18.28082275400004],[82.39239502000004,18.297790527000075],[82.39300537100007,18.32580566400003],[82.37463378900003,18.327636719000054],[82.35021972700008,18.316223145000038],[82.34002685500008,18.322814941000047],[82.38439941400009,18.365600586000028],[82.37982177700007,18.403625488000046],[82.36462402300003,18.421203613000046],[82.38281250000006,18.433593750000057],[82.40362548800005,18.463989258000026],[82.42779541000004,18.482421875000057],[82.46459960900006,18.533203125000057],[82.48303222700008,18.53918457000003],[82.50561523400006,18.51342773400006],[82.52783203100006,18.515441895000038],[82.53601074200003,18.476806641000053],[82.52099609400005,18.466186523000033],[82.55999755900007,18.438781738000046],[82.54821777300003,18.427001953000058],[82.54223632800006,18.398803711000028],[82.56158447300004,18.39959716800007],[82.59661865200007,18.38842773400006],[82.60778808600008,18.37902832000003],[82.60400390600006,18.345397949000073],[82.59521484400005,18.326599121000072],[82.59222412100007,18.280212402000075],[82.63818359400005,18.236389160000044],[82.65100097700008,18.250793457000043],[82.64300537100007,18.27142334000007],[82.65679931600005,18.296020508000026],[82.70178222700008,18.310424805000025],[82.71478271500007,18.32220459000007],[82.73400878900009,18.320007324000073],[82.77441406200006,18.340209961000028],[82.79058837900004,18.36303710900006],[82.79278564500004,18.385192871000072],[82.78240966800007,18.430603027000075],[82.81579589800003,18.45080566400003],[82.87219238300008,18.418395996000072],[82.89678955100004,18.423217773000033],[82.89263916000004,18.38861084000007],[82.90362548800005,18.373229980000076],[82.92242431600005,18.375183105000076],[82.93981933600008,18.360595703000058],[82.96722412100007,18.358825684000067],[82.99621582000003,18.384826660000044],[83.02203369100005,18.391601562000062],[83.05462646500007,18.379821777000075],[83.07720947300004,18.40319824200003],[83.04321289100005,18.426025391000053],[83.04101562500006,18.440795898000033],[83.02099609400005,18.45623779300007],[83.05523681600005,18.485595703000058],[83.07519531200006,18.514587402000075],[83.08959960900006,18.55303955100004],[83.06182861300005,18.541015625000057],[83.04742431600005,18.543212891000053],[83.03259277300003,18.579223633000026],[83.00079345700004,18.620605469000054],[83.01959228500004,18.635437012000068],[83.02459716800007,18.65423584000007],[83.05822753900009,18.66558837900004],[83.07458496100008,18.70483398400006],[83.09381103500004,18.721984863000046],[83.12182617200006,18.773986816000047],[83.13903808600008,18.785400391000053],[83.15539550800008,18.768798828000058],[83.17803955100004,18.770996094000054],[83.19323730500008,18.753234863000046],[83.22540283200004,18.75103759800004],[83.24322509800004,18.76843261700003],[83.28143310500008,18.773986816000047],[83.28424072300004,18.797607422000056],[83.34802246100008,18.82702636700003],[83.36444091800007,18.842590332000043],[83.37939453100006,18.830993652000075],[83.40399169900007,18.84283447300004],[83.39941406200006,18.877624512000068],[83.35040283200004,18.92541503900003],[83.32818603500004,18.93121337900004],[83.34063720700004,18.952819824000073],[83.32141113300008,18.971435547000056],[83.31219482400007,18.994812012000068],[83.34020996100008,18.99920654300007],[83.34478759800004,19.017395020000038],[83.36840820300006,19.015014648000033],[83.37158203100006,19.002624512000068],[83.40222168000008,19.008422852000024],[83.41760253900009,18.989196777000075],[83.44104003900009,18.974792480000076],[83.44958496100008,18.955993652000075],[83.47198486300005,18.968200684000067],[83.45739746100008,18.990234375000057],[83.45404052700007,19.011413574000073],[83.47979736300005,19.006408691000047],[83.48541259800004,19.03283691400003],[83.47302246100008,19.041625977000024],[83.46838378900009,19.078796387000068],[83.49798584000007,19.06402587900004],[83.51300048800005,19.065185547000056],[83.52142334000007,19.038024902000075],[83.50299072300004,19.019592285000044],[83.53979492200006,19.010986328000058],[83.54364013700007,19.040039062000062],[83.56903076200007,19.07080078100006],[83.61279296900005,19.095031738000046],[83.59979248000008,19.117797852000024],[83.60363769500003,19.134216309000067],[83.62402343700006,19.14624023400006],[83.65179443400007,19.122192383000026],[83.66479492200006,19.098022461000028],[83.66241455100004,19.083435059000067],[83.68743896500007,19.057434082000043],[83.71099853500004,19.004821777000075],[83.73522949200003,18.98663330100004],[83.73638916000004,18.968200684000067],[83.75604248000008,18.924011230000076],[83.78240966800007,18.910583496000072],[83.78662109400005,18.932617187000062],[83.76123046900005,18.95080566400003],[83.74981689500004,18.973388672000056],[83.74963378900009,18.994812012000068],[83.79681396500007,19.017028809000067],[83.82379150400004,18.95678710900006],[83.82183837900004,18.938232422000056],[83.84802246100008,18.91259765600006],[83.84582519500003,18.873596191000047],[83.89300537100007,18.824829102000024],[83.92858886700003,18.821411133000026],[83.95538330100004,18.80639648400006],[83.97363281200006,18.814819336000028],[84.00518798800005,18.809204102000024],[84.01678466800007,18.81604003900003],[84.04559326200007,18.81280517600004],[84.04962158200004,18.799438477000024],[84.07843017600004,18.76519775400004],[84.10339355500008,18.760192871000072],[84.13818359400005,18.76184082000003],[84.14044189500004,18.777038574000073],[84.16979980500008,18.788208008000026],[84.24078369100005,18.797241211000028],[84.26763916000004,18.78424072300004],[84.28900146500007,18.804016113000046],[84.32098388700007,18.786987305000025],[84.33099365200007,18.815795898000033],[84.34979248000008,18.82061767600004],[84.34722900400004,18.848022461000028],[84.32818603500004,18.876220703000058],[84.33880615200007,18.88861084000007],[84.36419677700007,18.859802246000072],[84.37744140600006,18.86480712900004],[84.38458252000004,18.886230469000054],[84.41961669900007,18.89819335900006],[84.43878173800005,18.922790527000075],[84.42419433600008,18.94738769500003],[84.44958496100008,18.976989746000072],[84.44342041000004,18.99182128900003],[84.47802734400005,18.991027832000043],[84.48260498000008,19.016235352000024],[84.51641845700004,19.04840087900004],[84.58203125000006,19.06298828100006],[84.58178710900006,19.030212402000075],[84.59698486300005,19.02124023400006],[84.61883544900007,19.065795898000033],[84.63104248000008,19.060424805000025],[84.66320800800008,19.074584961000028],[84.64782714800003,19.09619140600006],[84.60961914100005,19.100830078000058],[84.60900878900009,19.128784180000025],[84.66680908200004,19.131835937000062],[84.67102050800008,19.166015625000057],[84.71759033200004,19.15478515600006],[84.70043945300006,19.126403809000067],[84.71099853500004,19.115234375000057],[84.76361084000007,19.078186035000044],[84.79681396500007,19.123596191000047],[84.81024169900007,19.15319824200003],[84.85198974600007,19.201782227000024],[84.94238281200006,19.283996582000043],[84.98223877000004,19.31439209000007],[85.08282470700004,19.374816895000038],[85.10418701200007,19.410034180000025],[85.14923095700004,19.447631836000028],[85.17840576200007,19.46478271500007],[85.28698730500008,19.541809082000043],[85.32818603500004,19.568603516000053],[85.42279052700007,19.619812012000068],[85.50439453100006,19.65478515600006],[85.64141845700004,19.723022461000028],[85.68243408200004,19.741210937000062],[85.78662109400005,19.778015137000068],[85.85620117200006,19.799621582000043],[85.95263671900005,19.82580566400003],[86.06243896500007,19.84722900400004],[86.20379638700007,19.888000488000046],[86.24218750000006,19.902587891000053],[86.28680419900007,19.927185059000067],[86.33422851600005,19.943786621000072],[86.35998535200008,19.94439697300004],[86.37683105500008,19.955993652000075],[86.38684082000003,19.975219727000024],[86.41461181600005,19.994812012000068],[86.41558837900004,20.00701904300007],[86.43762207000003,20.052185059000067],[86.47821044900007,20.095214844000054],[86.49438476600005,20.117187500000057],[86.52178955100004,20.168029785000044],[86.54663085900006,20.18939209000007],[86.60461425800008,20.227233887000068],[86.67443847700008,20.261596680000025],[86.72460937500006,20.289428711000028],[86.77502441400009,20.328002930000025],[86.80059814500004,20.362426758000026],[86.77819824200003,20.40441894500003],[86.75360107400007,20.38684082000003],[86.73181152300003,20.392639160000044],[86.73620605500008,20.419799805000025],[86.73138427700007,20.441406250000057],[86.73681640600006,20.46319580100004],[86.74884033200004,20.468200684000067],[86.76202392600004,20.499389648000033],[86.79278564500004,20.533630371000072],[86.90960693400007,20.615417480000076],[86.99938964800003,20.67199707000003],[87.06079101600005,20.715820312000062],[87.04663085900006,20.731384277000075],[87.04382324200003,20.757995605000076],[87.02484130900007,20.769409180000025],[86.97619628900009,20.77038574200003],[86.98840332000003,20.854187012000068],[86.94659423800005,20.917785645000038],[86.90820312500006,20.997192383000026],[86.87860107400007,21.041625977000024],[86.85522460900006,21.09283447300004],[86.84942627000004,21.11962890600006],[86.84899902300003,21.172424316000047],[86.86322021500007,21.201416016000053],[86.86962890600006,21.233032227000024],[86.88220214800003,21.24658203100006],[86.93603515600006,21.340820312000062],[87.05743408200004,21.46124267600004],[87.09143066400009,21.477233887000068],[87.11602783200004,21.50579834000007],[87.17480468700006,21.533203125000057],[87.25360107400007,21.552795410000044],[87.41662597700008,21.559814453000058],[87.44622802700007,21.59564209000007],[87.48663330100004,21.609985352000024],[87.48602294900007,21.618408203000058],[87.48779296900005,21.631591797000056],[87.47082519500003,21.663391113000046],[87.47619628900009,21.712219238000046],[87.46783447300004,21.730834961000028],[87.44738769500003,21.733215332000043],[87.44781494100005,21.767395020000038],[87.40600585900006,21.770629883000026],[87.34039306600005,21.783996582000043],[87.31842041000004,21.795593262000068],[87.27899169900007,21.804382324000073],[87.26782226600005,21.83819580100004],[87.25122070300006,21.853027344000054],[87.25421142600004,21.877197266000053],[87.24139404300007,21.899230957000043],[87.25762939500004,21.926025391000053],[87.21423339800003,21.965026855000076],[87.19860839800003,21.958801270000038],[87.16583252000004,21.96838378900003],[87.16558837900004,21.93920898400006],[87.13983154300007,21.922790527000075],[87.12640380900007,21.926025391000053],[87.09918212900004,21.91381835900006],[87.10021972700008,21.866027832000043],[87.04223632800006,21.86682128900003],[87.00439453100006,21.91241455100004],[87.00982666000004,21.940795898000033],[87.03442382800006,21.99499511700003],[87.02581787100007,22.01983642600004],[87.03039550800008,22.03601074200003],[86.99499511700003,22.054199219000054],[86.96258544900007,22.087219238000046],[86.90942382800006,22.09100341800007],[86.85443115200007,22.102233887000068],[86.84020996100008,22.096984863000046],[86.80761718700006,22.131835937000062],[86.79821777300003,22.15618896500007],[86.77099609400005,22.14819335900006],[86.72418212900004,22.145996094000054],[86.72021484400005,22.180419922000056],[86.72943115200007,22.216186523000033]]]},"properties":{"OBJECTID":213,"object_id":13,"name":"ORISSA","state_code":"ODISHA","region_cod":"CENTRAL INDIA","subdivisio":"ODISHA","uorder":7},"id": 1001},
{"type":"Feature","geometry":{"type":"Polygon","coordinates":[[[80.272358,18.723699],[80.249991,18.705479],[80.219972,18.707001],[80.20091,18.690033],[80.18021,18.682409],[80.157343,18.699754],[80.126629,18.681049],[80.113746,18.68202],[80.08928,18.706885],[80.056804,18.722723],[80.037583,18.75384],[80.020278,18.769288],[79.974707,18.770905],[79.9229,18.808828],[79.91542545100003,18.825245662000043],[79.963086,18.865783],[79.955217,18.901866],[79.959243,18.93539],[79.943102,18.991255],[79.939758,19.039784],[79.922105,19.048884],[79.903166,19.040007],[79.871287,19.041402],[79.859831,19.095028],[79.87562600300004,19.123480998000048],[79.918937,19.146002],[79.946104,19.166292],[79.94390699500008,19.183405997000023],[79.925701,19.214644],[79.937835,19.263312],[79.967415,19.310223],[79.960564,19.335131],[79.978664,19.39337],[79.976178,19.41019],[79.949091,19.448878],[79.945362,19.46991],[79.906968,19.499216],[79.865264,19.510388],[79.833641,19.538254],[79.817795,19.573238],[79.78007,19.598877],[79.754909,19.606745],[79.736703,19.604172],[79.715865,19.586069],[79.633609,19.574298],[79.616276,19.559968],[79.601903,19.508712],[79.585484,19.508336],[79.552223,19.525903],[79.541362,19.55387],[79.520043,19.542317],[79.52002,19.519389],[79.502193,19.506595],[79.470387,19.50878],[79.434756,19.536465],[79.406933,19.53475],[79.367144,19.575543],[79.319753,19.575898],[79.308248,19.595769],[79.274352,19.598053],[79.252498,19.615085],[79.252426,19.576711],[79.238522,19.556349],[79.241422,19.534449],[79.20886,19.505338],[79.205841,19.489681],[79.22381,19.466773],[79.191113,19.458338],[79.168853,19.471963],[79.163218,19.48702],[79.106771,19.521587],[79.047387,19.547537],[78.999401,19.539295],[78.98262,19.560051],[78.95346,19.548076],[78.948024,19.560884],[78.967651,19.573452],[78.973383,19.588814],[78.957118,19.598945],[78.963216,19.636661],[78.956828,19.655154],[78.903675,19.669257],[78.889011,19.654578],[78.8532,19.657819],[78.861277,19.688713],[78.842316,19.761118],[78.798281,19.759237],[78.787646,19.775756],[78.760322,19.771945],[78.739266,19.782386],[78.719978,19.766012],[78.700291,19.787788],[78.626844,19.807391],[78.60489,19.817598],[78.573608,19.815079],[78.553975,19.823198],[78.516579,19.818255],[78.509774,19.799238],[78.486345,19.795284],[78.476305,19.814736],[78.424255,19.81686],[78.388695,19.843837],[78.381969,19.879675],[78.338172,19.882242],[78.308317,19.913539],[78.299115,19.871488],[78.2866,19.855854],[78.301039,19.840233],[78.337707,19.837159],[78.335317,19.813826],[78.358737,19.804667],[78.36597,19.780463],[78.344427,19.712476],[78.323338,19.706804],[78.31311,19.690275],[78.277471,19.691641],[78.263932,19.664287],[78.291749,19.645223],[78.295186,19.618661],[78.305517,19.607075],[78.304976,19.568537],[78.294849,19.558199],[78.2928,19.523119],[78.310511,19.480293],[78.305628,19.455345],[78.269964,19.447674],[78.245788,19.428008],[78.221238,19.432225],[78.193717,19.405899],[78.173332,19.35892],[78.177496,19.334125],[78.194974,19.313673],[78.177965,19.27704],[78.176591,19.236771],[78.144132,19.229242],[78.118301,19.247831],[78.056931,19.236314],[78.037195,19.249827],[78.043761,19.269799],[78.016071,19.278233],[78.015578,19.292962],[77.987258,19.308236],[77.96287,19.334994],[77.944758,19.341942],[77.912898,19.315521],[77.86466,19.303331],[77.866809,19.283019],[77.904697,19.277156],[77.903924,19.255619],[77.87258,19.253009],[77.86724,19.225595],[77.848952,19.188785],[77.861727,19.179544],[77.853763,19.153865],[77.839176,19.136839],[77.848895,19.11519],[77.849811,19.085685],[77.830761,19.086249],[77.806096,19.100418],[77.801574,19.050302],[77.766033,19.061836],[77.764045,19.02821],[77.775379,18.996554],[77.792364,18.981993],[77.822985,18.977683],[77.817451,18.946449],[77.833682,18.940801],[77.859823,18.948283],[77.844483,18.907863],[77.885572,18.903939],[77.904468,18.865792],[77.9313,18.857892],[77.95014199500008,18.84245400100008],[77.931507,18.821658],[77.907909,18.825861],[77.871779,18.816942],[77.841183,18.803984],[77.828018,18.769001],[77.790894,18.694104],[77.760773,18.705813],[77.731285,18.666342],[77.731719,18.644296],[77.746873,18.620438],[77.75155,18.588061],[77.739715,18.555933],[77.702772,18.554316],[77.666085,18.535113],[77.640823,18.554086],[77.59756799900003,18.54808600800004],[77.601635,18.526439],[77.577565,18.485925],[77.574056,18.468954],[77.584751,18.444273],[77.561394,18.43642],[77.529678,18.442511],[77.529356,18.428049],[77.557859,18.418377],[77.552794,18.388031],[77.526661,18.371837],[77.521516,18.356998],[77.532777,18.337794],[77.559216,18.330545],[77.572148,18.307592],[77.55258296200003,18.29102070500005],[77.56420898400006,18.283996582000043],[77.60620117200006,18.280639648000033],[77.58020019500003,18.25439453100006],[77.57421875000006,18.23858642600004],[77.58660888700007,18.218994141000053],[77.57403564500004,18.180419922000056],[77.58538818400007,18.158386230000076],[77.59820556600005,18.15423584000007],[77.59582519500003,18.129638672000056],[77.60278320300006,18.10504150400004],[77.59698486300005,18.085205078000058],[77.54962158200004,18.06439209000007],[77.55499267600004,18.035034180000025],[77.58178710900006,18.03082275400004],[77.58642578100006,18.01519775400004],[77.65319824200003,17.993835449000073],[77.65698242200006,17.967224121000072],[77.65081787100007,17.949218750000057],[77.62420654300007,17.944641113000046],[77.62023925800008,17.90319824200003],[77.58758544900007,17.90783691400003],[77.59698486300005,17.88043212900004],[77.57122802700007,17.86682128900003],[77.56878662100007,17.84460449200003],[77.51599121100008,17.802612305000025],[77.51361084000007,17.78118896500007],[77.56762695300006,17.765991211000028],[77.56982421900005,17.74798584000007],[77.54821777300003,17.72760009800004],[77.52398681600005,17.725219727000024],[77.49499511700003,17.70819091800007],[77.45361328100006,17.693786621000072],[77.44940185500008,17.650207520000038],[77.45721435500008,17.633239746000072],[77.44439697300004,17.590820312000062],[77.47918701200007,17.565795898000033],[77.49481201200007,17.567626953000058],[77.50823974600007,17.541381836000028],[77.52960205100004,17.574584961000028],[77.55181884800004,17.550842285000044],[77.59503173800005,17.563598633000026],[77.59680175800008,17.535583496000072],[77.62561035200008,17.523986816000047],[77.66320800800008,17.522033691000047],[77.69360351600005,17.495422363000046],[77.68963623000008,17.47418212900004],[77.65362548800005,17.481811523000033],[77.63958740200007,17.47259521500007],[77.61718750000006,17.472839355000076],[77.61560058600008,17.445007324000073],[77.57739257800006,17.45520019500003],[77.57720947300004,17.42980957000003],[77.53918457000003,17.442810059000067],[77.51440429700006,17.430236816000047],[77.51544189500004,17.413391113000046],[77.53863525400004,17.401794434000067],[77.52539062500006,17.38720703100006],[77.52539062500006,17.36322021500007],[77.50421142600004,17.356201172000056],[77.47760009800004,17.359985352000024],[77.45483398400006,17.37298584000007],[77.45721435500008,17.33001709000007],[77.43920898400006,17.291015625000057],[77.45202636700003,17.269592285000044],[77.42779541000004,17.256042480000076],[77.42163085900006,17.23681640600006],[77.40618896500007,17.235595703000058],[77.39581298800005,17.195007324000073],[77.37542724600007,17.19561767600004],[77.36358642600004,17.163024902000075],[77.37902832000003,17.139221191000047],[77.40783691400003,17.123596191000047],[77.46600341800007,17.106811523000033],[77.46398925800008,17.093200684000067],[77.48321533200004,17.075012207000043],[77.49780273400006,17.041809082000043],[77.50378418000008,17.013183594000054],[77.48022460900006,16.993591309000067],[77.48260498000008,16.96960449200003],[77.46722412100007,16.958007812000062],[77.45922851600005,16.908630371000072],[77.46441650400004,16.84338378900003],[77.45819091800007,16.829223633000026],[77.47418212900004,16.780029297000056],[77.44219970700004,16.785400391000053],[77.44439697300004,16.761596680000025],[77.42822265600006,16.72760009800004],[77.43762207000003,16.711608887000068],[77.47503662100007,16.715820312000062],[77.46520996100008,16.67541503900003],[77.41998291000004,16.66760253900003],[77.44543457000003,16.638183594000054],[77.46362304700006,16.65319824200003],[77.47741699200003,16.649230957000043],[77.45520019500003,16.614624023000033],[77.46899414100005,16.608825684000067],[77.46221923800005,16.58361816400003],[77.44061279300007,16.585998535000044],[77.42498779300007,16.56799316400003],[77.40478515600006,16.57080078100006],[77.40502929700006,16.550231934000067],[77.42022705100004,16.54803466800007],[77.41802978500004,16.516418457000043],[77.38262939500004,16.51483154300007],[77.37023925800008,16.487792969000054],[77.33361816400003,16.484985352000024],[77.29998779300007,16.495239258000026],[77.29541015600006,16.475830078000058],[77.26519775400004,16.471618652000075],[77.26898193400007,16.432006836000028],[77.28942871100008,16.40783691400003],[77.33782959000007,16.393005371000072],[77.35083007800006,16.382629395000038],[77.38043212900004,16.384216309000067],[77.41381835900006,16.366210937000062],[77.44281005900007,16.380004883000026],[77.49279785200008,16.383422852000024],[77.51721191400003,16.373596191000047],[77.55621337900004,16.347839355000076],[77.58959960900006,16.33319091800007],[77.59680175800008,16.315002441000047],[77.58319091800007,16.290405273000033],[77.57000732400007,16.302429199000073],[77.54638671900005,16.290832520000038],[77.53839111300005,16.26678466800007],[77.50622558600008,16.274841309000067],[77.49121093700006,16.25421142600004],[77.49359130900007,16.228393555000025],[77.50360107400007,16.22259521500007],[77.49359130900007,16.186218262000068],[77.49102783200004,16.118591309000067],[77.50219726600005,16.10522460900006],[77.49481201200007,16.085388184000067],[77.50799560500008,16.079040527000075],[77.49523925800008,16.03601074200003],[77.51519775400004,16.00738525400004],[77.51080322300004,15.979187012000068],[77.52099609400005,15.96600341800007],[77.51499948200006,15.927449395000053],[77.54691893600005,15.920574896000062],[77.61320223700005,15.918427787000041],[77.65592369400008,15.887779479000073],[77.69380035900008,15.884458890000076],[77.71431440800006,15.895804074000068],[77.74836390800004,15.886301980000042],[77.76845183200004,15.886962896000057],[77.80533797700008,15.875578673000064],[77.83818016400005,15.885940901000026],[77.85787369200006,15.884591412000077],[77.88026209200007,15.906680989000051],[77.89059103100004,15.906474984000056],[77.93339118600005,15.885410831000058],[77.97441667400005,15.884404378000056],[78.00898308600006,15.86608248400006],[78.02577460500004,15.903753877000042],[78.04559058500007,15.905538641000078],[78.04715280800008,15.876211557000033],[78.07188841700008,15.863166291000027],[78.07173853700004,15.851695605000032],[78.09898338700003,15.837311329000045],[78.13496390200004,15.840397336000024],[78.14053105400006,15.855281293000075],[78.17554270200003,15.859582910000029],[78.17683368000007,15.877864377000037],[78.19004591500004,15.89387765500004],[78.18845422700008,15.913481023000031],[78.22740209900007,15.923629169000037],[78.25322929900005,15.940936878000059],[78.25117134900006,15.973436579000065],[78.25916231100007,15.993312916000036],[78.25555212200004,16.016555141000026],[78.27686726900004,16.025965928000062],[78.30116874600003,16.012443561000055],[78.32302345200003,16.020896454000024],[78.33020034300006,16.04117009600003],[78.36596123300006,16.047620429000062],[78.40713933900008,16.076021920000073],[78.46017557000005,16.073497497000062],[78.55953136800008,16.045135518000052],[78.58775475700008,16.064231722000045],[78.60225816100007,16.084571770000025],[78.62029522200004,16.08834471800003],[78.65041987400008,16.079089279000073],[78.68178166400008,16.034541025000067],[78.72323827000008,16.021069160000025],[78.73472274800008,16.010646232000056],[78.78267226200006,16.02111192900003],[78.81918188500003,16.049262878000036],[78.83654879500006,16.07093343100007],[78.84236985900003,16.090113106000047],[78.83345828800003,16.135128403000067],[78.84718783600005,16.14908587000002],[78.86918686700005,16.146387897000068],[78.87689150900007,16.134203263000074],[78.88921031100006,16.08509541500007],[78.92153285500007,16.103235617000053],[78.92158814400005,16.122854106000034],[78.92475421900008,16.134021964000056],[78.90399012000006,16.179375160000063],[78.93086453600006,16.19964486400005],[78.96980108200006,16.211640704000047],[78.98571174600005,16.211272585000074],[79.01309545300006,16.242384793000042],[79.05225130900004,16.239434381000024],[79.07144139900004,16.22744035200003],[79.09927272100003,16.223947980000048],[79.12223787400006,16.23271751300007],[79.14697335100004,16.21453867400004],[79.16982983800006,16.21150702700004],[79.20996818000003,16.22417422700005],[79.22208116800005,16.23583865100005],[79.23019598800005,16.281060452000077],[79.23426320700008,16.33499603200005],[79.21048073900005,16.356960598000057],[79.20768875200008,16.384853270000065],[79.21125954100006,16.44645236300005],[79.23317477400008,16.460587118000035],[79.21456255000004,16.484685857000045],[79.22831546500004,16.52531932100004],[79.24799366000008,16.53462754000003],[79.25694847600005,16.566290994000042],[79.28494385000005,16.56113781600004],[79.30892524700005,16.574757426000076],[79.33672248900007,16.582220619000054],[79.41750136700006,16.58003952400003],[79.43374732000007,16.592111243000033],[79.43985665100007,16.61370766400006],[79.45770234200006,16.623264507000044],[79.48114260700004,16.62265948000004],[79.50313016600006,16.636577094000074],[79.54428943600004,16.63385629900006],[79.57440466600008,16.649183166000057],[79.59951530100005,16.673513127000035],[79.63295134000003,16.660725738000053],[79.66296497800005,16.687601561000065],[79.68418586800004,16.694888697000067],[79.71197437700005,16.689996258000065],[79.72984737500008,16.697097018000022],[79.74636442300005,16.720633133000035],[79.78598639300003,16.730487011000037],[79.81181605600005,16.69510992100004],[79.84783737000004,16.70516490400007],[79.87740107800005,16.697563478000063],[79.88961544400007,16.659833543000047],[79.90741013500008,16.63535530000007],[79.93136785500008,16.631284100000073],[79.96466800500008,16.644725987000072],[79.99537319500007,16.699151318000077],[80.03172518900004,16.715848434000065],[80.05383022800004,16.743266842000025],[80.05492581900006,16.768037633000063],[80.06943313600004,16.796506872000066],[80.07024059200006,16.821879807000073],[80.04626749900007,16.836117113000057],[80.04654282700005,16.85297395400005],[80.01791788500003,16.85363147700002],[80.00399674200008,16.861436603000072],[80.01673355900004,16.911697650000065],[80.037828,16.920406550000052],[80.05109580700008,16.93669368600007],[80.05664639900004,16.970873503000064],[80.09275951300003,16.968271680000043],[80.09714933200007,16.989995787000055],[80.14202757100009,16.990557159000048],[80.15270817700008,17.007477576000042],[80.19782263700006,17.027323695000064],[80.20796347500004,17.011735388000034],[80.22525949100003,17.015808863000075],[80.23950116700007,17.003028475000065],[80.26432710100005,16.99758191600006],[80.28324351700007,17.007550386000048],[80.30266962400003,16.95415494200006],[80.31537396800007,16.948462420000055],[80.31195028300004,16.91740683200004],[80.32433102100003,16.901386536000075],[80.32099989100004,16.88027952400006],[80.34374481300006,16.87443697200007],[80.34027190200004,16.860353563000047],[80.37289391400003,16.852084870000056],[80.37562019100005,16.82235479900004],[80.40428412800003,16.83333966500004],[80.38589665000006,16.84981779900005],[80.38481816000007,16.863605576000054],[80.42624756600003,16.849834994000048],[80.43099740600007,16.837945088000026],[80.46590596000004,16.816518186000053],[80.46404297300006,16.794929328000023],[80.48498830700004,16.79184513000007],[80.51535293500007,16.77563363200005],[80.55115883000008,16.774957502000063],[80.56916138500003,16.76859661700007],[80.59357892900005,16.802354300000047],[80.56247759000007,16.833093991000055],[80.56804999200006,16.86967323600004],[80.59517880600004,16.884964641000067],[80.59190231600007,16.90696668000004],[80.60028743400005,16.917178163000074],[80.57878000100004,16.93731841400006],[80.53267624700004,16.961828215000025],[80.52568822600006,16.94792659700005],[80.49639926700007,16.954599469000073],[80.49287040400003,16.92812954300007],[80.44682495000006,16.955648360000055],[80.36354195000007,16.975914801000044],[80.38675928500004,17.008451217000072],[80.40598492300006,17.01575318500005],[80.39509531900006,17.03621847900007],[80.39739517400005,17.052854871000022],[80.38446307500004,17.067572127000062],[80.40739016300006,17.08751608700004],[80.43091596600004,17.055683501000033],[80.43816867900006,17.037459813000055],[80.46469577700003,17.030383966000045],[80.47124560700007,17.050041105000048],[80.50907852700004,17.059323766000034],[80.51878550900005,17.084237204000033],[80.54020065800006,17.098513970000056],[80.55033716100007,17.119310459000076],[80.58000351500004,17.145502884000052],[80.66986271200005,17.101576348000037],[80.65497398800005,17.087410747000035],[80.66528566700003,17.067650942000057],[80.69787455800008,17.082581995000055],[80.74559677400003,17.077516966000076],[80.76356326000007,17.06673031100007],[80.79814603600005,17.061508273000072],[80.84156411300006,17.04521057900007],[80.85579622700004,17.04622296100007],[80.87664367600007,17.073065075000045],[80.86811527400005,17.082365069000048],[80.87964451800008,17.134151001000077],[80.88045001400008,17.161001568000074],[80.90376300300005,17.154434308000077],[80.92386812800004,17.15729735000002],[80.91824893200004,17.218972696000037],[80.94463773400008,17.217032756000037],[80.95953967600008,17.204291357000045],[80.99845896400006,17.190003472000058],[81.03040506600007,17.190390625000077],[81.05616501600008,17.220272709000028],[81.07570297600006,17.215857382000024],[81.16192103300006,17.231387513000072],[81.18611533700005,17.248113146000037],[81.17624855000008,17.28404256700003],[81.18974140100005,17.324763897000025],[81.27155744400005,17.318038646000048],[81.30423285900008,17.345412913000075],[81.31494630000003,17.370613524000078],[81.29944045700006,17.383714952000048],[81.26169325500007,17.393079758000056],[81.23958828700006,17.409623133000025],[81.22712515500007,17.438008613000022],[81.20082909600006,17.421324261000052],[81.16056529600007,17.440802802000064],[81.16981463900004,17.46069712800005],[81.16034840000003,17.475884531000077],[81.12954801500007,17.48570852000006],[81.10171481700007,17.456474150000076],[81.01201808200005,17.49265555200003],[81.00000481500007,17.53001830900007],[80.97769575000007,17.547211955000023],[80.95419149100007,17.593662271000028],[80.89871770100007,17.591084326000043],[80.85577347200007,17.609451831000058],[80.84297765400004,17.624676118000025],[80.85953927800006,17.634997534000036],[80.90965214600004,17.639899503000038],[80.91513025100005,17.668797631000075],[80.88456656500006,17.676459085000033],[80.88076978100008,17.730919605000054],[80.89392510500005,17.743690333000075],[80.92782402600005,17.76125517400004],[80.94566352100009,17.760037991000047],[80.95857518700006,17.774073732000033],[80.97793124000003,17.77474228600005],[80.98588146300006,17.75419052600006],[81.01602146400006,17.743940017000057],[81.03537467200005,17.744540366000024],[81.04002990500004,17.727015960000074],[81.07317920100007,17.696544023000058],[81.08595594700006,17.734649236000052],[81.07505315000003,17.760047701000076],[81.08289674400004,17.793416969000077],[81.048218,17.781382],[81.009842,17.797302],[80.998038,17.848094],[80.995768,17.87972],[80.999996,17.91581],[80.990074,17.940649],[80.981221,18.005695],[80.965855,18.040567],[80.971355,18.046275],[80.955029,18.081057],[80.957812,18.132626],[80.980337,18.153235],[80.980625,18.177848],[80.922636,18.14672],[80.901718,18.139555],[80.868252,18.139358],[80.861744,18.150299],[80.860124,18.18889],[80.873525,18.207802],[80.86752,18.232569],[80.825169,18.238517],[80.825645,18.193475],[80.800687,18.170607],[80.777013,18.169173],[80.738396,18.176284],[80.738753,18.22118],[80.79331,18.25],[80.77034,18.287102],[80.750982,18.306719],[80.749252,18.328797],[80.733093,18.353867],[80.734429,18.402129],[80.697982,18.423045],[80.703704,18.443382],[80.657958,18.473921],[80.63986,18.501452],[80.639198,18.521645],[80.619975,18.526688],[80.607261,18.547409],[80.572446,18.564308],[80.536871,18.589688],[80.516272,18.618477],[80.49077100300008,18.62986700400006],[80.458168,18.628921],[80.427931,18.613011],[80.395877,18.604946],[80.36758,18.608214],[80.344664,18.597217],[80.327264,18.635735],[80.318897,18.641812],[80.306035,18.682509],[80.280807,18.720296],[80.272358,18.723699]]]},"properties":{"OBJECTID":229,"object_id":31,"name":"TELANGANA","state_code":"TELANGANA","region_cod":"SOUTH PENINSULA","subdivisio":"TELANGANA","uorder":29},"id": 33},
{"type":"Feature","geometry":{"type":"Polygon","coordinates":[[[76.007455,20.647705],[76.00937,20.635426],[75.987315,20.615924],[75.955482,20.619846],[75.955704,20.603316],[75.93452,20.59244],[75.933203,20.573827],[75.888478,20.568391],[75.887971,20.591071],[75.86958,20.596737],[75.870391,20.611649],[75.838116,20.613086],[75.840442,20.593313],[75.827734,20.555126],[75.787657,20.561763],[75.792393,20.580111],[75.760175,20.573956],[75.759257,20.608982],[75.731343,20.609366],[75.696308,20.619992],[75.704683,20.658244],[75.66696,20.667392],[75.655223,20.6496],[75.66193,20.629896],[75.648771,20.618147],[75.606015,20.621003],[75.59882501100003,20.599386012000025],[75.536428,20.605973],[75.52185399600006,20.589357003000032],[75.525816,20.556225],[75.504724,20.539052],[75.465466,20.542291],[75.459163,20.521997],[75.434665,20.53449],[75.418845,20.51275],[75.397811,20.520187],[75.389879,20.576828],[75.366735,20.574184],[75.356115,20.587731],[75.320108,20.590976],[75.317065,20.574458],[75.268668,20.567261],[75.258762,20.575739],[75.241046,20.550213],[75.223625,20.49844],[75.198089,20.491426],[75.199192,20.474425],[75.158083,20.471154],[75.161234,20.436843],[75.125294,20.431102],[75.114593,20.41356],[75.126526,20.349661],[75.094648,20.335205],[75.05979,20.334831],[75.051288,20.307286],[74.998301,20.336661],[74.987377,20.329987],[74.986773,20.303047],[74.968369,20.303875],[74.935621,20.269495],[74.933631,20.250624],[74.90638,20.245599],[74.90869,20.218775],[74.929042,20.216768],[74.929496,20.159775],[74.907489,20.154388],[74.896693,20.179674],[74.856126,20.178998],[74.85469,20.229638],[74.83085,20.234587],[74.819248,20.249453],[74.803509,20.237794],[74.783746,20.204974],[74.76344002800005,20.204161],[74.747394,20.185112],[74.719976,20.190711],[74.717638,20.160771],[74.707004,20.112162],[74.730703,20.113321],[74.736794,20.079636],[74.712158,20.078995],[74.720512,20.0536],[74.70687,20.041962],[74.717914,20.017461],[74.695874,20.01631],[74.682756,19.988604],[74.687193,19.968593],[74.671469,19.953938],[74.677334,19.923754],[74.650574,19.919368],[74.645803,19.860029],[74.660909,19.857004],[74.658045,19.834562],[74.60414,19.844918],[74.60072,19.806477],[74.592041,19.776032],[74.611885,19.769009],[74.632881,19.792054],[74.678689,19.766419],[74.719561,19.777947],[74.719129,19.762708],[74.787741,19.730026],[74.825268,19.667052],[74.845869,19.648208],[74.887503,19.65218],[74.965145,19.646115],[74.998787,19.623719],[75.038922,19.624874],[75.040082,19.613346],[75.062484,19.604109],[75.088445,19.611084],[75.128218,19.594166],[75.155319,19.589012],[75.187295,19.596457],[75.206663,19.576956],[75.228503,19.540148],[75.261397,19.527141],[75.274557,19.513745],[75.303956,19.510265],[75.312804,19.493997],[75.354645,19.501473],[75.339465,19.464921],[75.324183,19.4632],[75.32807,19.438041],[75.347499,19.448825],[75.356409,19.432434],[75.336787,19.406762],[75.367194,19.397362],[75.380943,19.408849],[75.409941,19.418396],[75.444688,19.41232],[75.488626,19.416873],[75.483752,19.383556],[75.532453,19.375214],[75.517826,19.329866],[75.540627,19.327747],[75.539995,19.307309],[75.5049,19.26624],[75.461379,19.250923],[75.442655,19.218197],[75.422604,19.219488],[75.403086,19.198557],[75.423578,19.172587],[75.445897,19.171218],[75.454786,19.143378],[75.423585,19.137466],[75.432763,19.116489],[75.454303,19.12675],[75.483339,19.126118],[75.486754,19.105065],[75.450426,19.082315],[75.445636,19.09213],[75.413382,19.079551],[75.371996,19.082496],[75.393847,19.125793],[75.351615,19.126797],[75.353389,19.147909],[75.331386,19.152025],[75.332365,19.130224],[75.350186,19.123613],[75.36536,19.097264],[75.365874,19.077612],[75.343898,19.077981],[75.322173,19.09385],[75.29895,19.088968],[75.28537,19.03331],[75.328461,19.032932],[75.345771,19.023708],[75.344066,18.991473],[75.314192,18.979183],[75.2883,18.981184],[75.269748,18.997406],[75.261793,19.022511],[75.271857,19.053028],[75.256087,19.069212],[75.225512,19.066345],[75.227845,19.089809],[75.220269,19.108066],[75.204741,19.102666],[75.194346,19.085185],[75.19542499300007,19.04913099500004],[75.210752,19.021529],[75.1823,19.011388],[75.168637,19.035523],[75.101126,19.042116],[75.075955,19.050997],[75.08326,19.083782],[75.110226,19.109255],[75.108054,19.12434],[75.072637,19.114378],[75.059457,19.097917],[75.033097,19.106378],[75.007894,19.103712],[74.975626,19.110099],[74.943571,19.132278],[74.921424,19.093185],[74.915514,19.037011],[74.951232,19.032015],[74.949392,19.003822],[74.954271,18.972278],[74.936186,18.974838],[74.904609,18.962822],[74.900469,18.978131],[74.872277,18.983549],[74.83680099600008,18.969339013000024],[74.825667,18.989832],[74.808871,18.976056],[74.828947,18.961538],[74.846978,18.909229],[74.86537,18.897259],[74.88413300300004,18.913580010000032],[74.888861,18.885731],[74.89871,18.875704],[74.894816,18.845277],[74.927285,18.840685],[74.971827,18.813565],[75.007566,18.781097],[75.040508,18.762626],[75.07778,18.713393],[75.105225,18.699982],[75.144707,18.650666],[75.160972,18.648999],[75.166436,18.694637],[75.176007,18.713923],[75.172603,18.735706],[75.20645,18.737989],[75.254919,18.718919],[75.277132,18.728774],[75.294357,18.765108],[75.331346,18.800316],[75.341074,18.785304],[75.385807,18.771289],[75.39193,18.818846],[75.415941,18.821588],[75.442205,18.791555],[75.447745,18.754926],[75.469809,18.750035],[75.492684,18.727516],[75.516241,18.724017],[75.525495,18.750608],[75.557168,18.735441],[75.554888,18.70706],[75.573151,18.702801],[75.582596,18.683366],[75.545547,18.680281],[75.541492,18.655412],[75.507937,18.622358],[75.49265,18.622097],[75.447822,18.585643],[75.434814,18.549836],[75.415838,18.530096],[75.398574,18.541896],[75.342826,18.559811],[75.330611,18.522493],[75.313654,18.519111],[75.297055,18.492801],[75.304357,18.478465],[75.298467,18.445792],[75.303925,18.434209],[75.28600003200006,18.40825303300005],[75.346154,18.376177],[75.382805,18.342367],[75.399643,18.314192],[75.396116,18.262277],[75.430468,18.260046],[75.422934,18.241831],[75.428786,18.213983],[75.438198,18.205536],[75.426976,18.177937],[75.46524199700008,18.158524998000075],[75.46795,18.171296],[75.518199,18.144792],[75.543259,18.147956],[75.545155,18.177077],[75.561482,18.201795],[75.569738,18.235615],[75.601565,18.250192],[75.628287,18.240254],[75.630383,18.264271],[75.61512400100008,18.269446],[75.647815,18.328024],[75.69604000800007,18.328468002000022],[75.718112,18.335309],[75.729522,18.361241],[75.724425,18.384739],[75.706475,18.39398],[75.724103,18.432334],[75.763494,18.438558],[75.772475,18.404539],[75.796785,18.37851],[75.825374,18.377024],[75.861249,18.357875],[75.883242,18.364539],[75.896721,18.356875],[75.907274,18.325812],[75.933909,18.284895],[75.929607,18.258223],[75.94838,18.230136],[75.936365,18.192242],[75.958539,18.159701],[75.941619,18.124631],[75.956838,18.084771],[75.98754,18.087472],[75.995014,18.06596],[76.015142,18.052024],[75.997032,17.999756],[75.984361,17.99277],[75.980814,17.971527],[75.953313,17.978446],[75.92685,17.972645],[75.909454,17.986559],[75.911053,17.999278],[75.85767699600007,18.011041008000063],[75.840445,17.97966],[75.838996,17.930594],[75.851354,17.915935],[75.845146,17.891814],[75.857321,17.868259],[75.875054,17.858809],[75.875286,17.84511],[75.925132,17.832356],[75.932502,17.851007],[75.975172,17.834483],[75.99581,17.838251],[76.016042,17.823738],[76.001941,17.754279],[76.028867,17.765026],[76.055957,17.762162],[76.088537,17.777255],[76.103149,17.763465],[76.129778,17.766499],[76.145575,17.755043],[76.148462,17.732598],[76.176222,17.728615],[76.166367,17.698323],[76.18914,17.682194],[76.223314,17.697711],[76.241134,17.697468],[76.270988,17.727072],[76.295571,17.727411],[76.316609,17.713109],[76.32318,17.694514],[76.380283,17.684378],[76.381313,17.658353],[76.429939,17.642572],[76.459988,17.657224],[76.487748,17.657512],[76.488305,17.713868],[76.525118,17.714511],[76.531771,17.757367],[76.56407,17.763666],[76.571382,17.704508],[76.588188,17.706563],[76.612887,17.769193],[76.630061,17.754638],[76.634354,17.727323],[76.653889,17.721235],[76.67186,17.689627],[76.691769,17.682643],[76.719426,17.752173],[76.722045,17.787163],[76.735451,17.781111],[76.762986,17.786044],[76.783703,17.805743],[76.788113,17.832306],[76.768512,17.851204],[76.739023,17.858548],[76.74235600100008,17.894511],[76.769274,17.900264],[76.776163,17.876823],[76.809187,17.869839],[76.811333,17.886152],[76.853309,17.89988],[76.88551398400006,17.893649999000047],[76.902876,17.914943],[76.920233,17.915335],[76.921799,17.940683],[76.906774,18.008826],[76.915447,18.034479],[76.945948,18.048108],[76.946357,18.080842],[76.967489,18.097323],[76.955412,18.109667],[76.921634,18.117307],[76.932499,18.131664],[76.925098,18.145759],[76.943499,18.155538],[76.953074,18.187227],[76.991753,18.189115],[76.998068,18.163948],[77.024451,18.157634],[77.034326,18.181119],[77.052318,18.17158],[77.065109,18.149775],[77.113728,18.155888],[77.117495,18.17014],[77.099586,18.19208],[77.110966,18.202877],[77.141507,18.206979],[77.160298,18.254919],[77.170914,18.26],[77.175978,18.283992],[77.198642,18.275739],[77.210522,18.287215],[77.212965,18.315413],[77.230619,18.346905],[77.227076,18.363822],[77.247181,18.369656],[77.235015,18.387034],[77.242944,18.411745],[77.318474,18.442428],[77.328082,18.450889],[77.346407,18.432748],[77.365649,18.433656],[77.374024,18.400237],[77.401358,18.401132],[77.41529,18.392241],[77.396063,18.367587],[77.396102,18.346948],[77.372595,18.324243],[77.386573,18.308401],[77.411331,18.300731],[77.42950301600007,18.31149199600003],[77.448775,18.26912],[77.466236,18.26166],[77.493869,18.266327],[77.513493,18.283673],[77.510025,18.303408],[77.52541,18.306936],[77.55258296200003,18.29102070500005],[77.572148,18.307592],[77.559216,18.330545],[77.532777,18.337794],[77.521516,18.356998],[77.526661,18.371837],[77.552794,18.388031],[77.557859,18.418377],[77.529356,18.428049],[77.529678,18.442511],[77.561394,18.43642],[77.584751,18.444273],[77.574056,18.468954],[77.577565,18.485925],[77.601635,18.526439],[77.59756799900003,18.54808600800004],[77.640823,18.554086],[77.666085,18.535113],[77.702772,18.554316],[77.739715,18.555933],[77.75155,18.588061],[77.746873,18.620438],[77.731719,18.644296],[77.731285,18.666342],[77.760773,18.705813],[77.790894,18.694104],[77.828018,18.769001],[77.841183,18.803984],[77.871779,18.816942],[77.907909,18.825861],[77.931507,18.821658],[77.95014199500008,18.84245400100008],[77.9313,18.857892],[77.904468,18.865792],[77.885572,18.903939],[77.844483,18.907863],[77.859823,18.948283],[77.833682,18.940801],[77.817451,18.946449],[77.822985,18.977683],[77.792364,18.981993],[77.775379,18.996554],[77.764045,19.02821],[77.766033,19.061836],[77.801574,19.050302],[77.806096,19.100418],[77.830761,19.086249],[77.849811,19.085685],[77.848895,19.11519],[77.839176,19.136839],[77.853763,19.153865],[77.861727,19.179544],[77.848952,19.188785],[77.86724,19.225595],[77.87258,19.253009],[77.903924,19.255619],[77.904697,19.277156],[77.866809,19.283019],[77.86466,19.303331],[77.912898,19.315521],[77.944758,19.341942],[77.96287,19.334994],[77.987258,19.308236],[78.015578,19.292962],[78.016071,19.278233],[78.043761,19.269799],[78.037195,19.249827],[78.056931,19.236314],[78.118301,19.247831],[78.144132,19.229242],[78.176591,19.236771],[78.177965,19.27704],[78.194974,19.313673],[78.177496,19.334125],[78.173332,19.35892],[78.193717,19.405899],[78.221238,19.432225],[78.245788,19.428008],[78.269964,19.447674],[78.305628,19.455345],[78.310511,19.480293],[78.2928,19.523119],[78.294849,19.558199],[78.304976,19.568537],[78.305517,19.607075],[78.295186,19.618661],[78.291749,19.645223],[78.263932,19.664287],[78.277471,19.691641],[78.31311,19.690275],[78.323338,19.706804],[78.344427,19.712476],[78.36597,19.780463],[78.358737,19.804667],[78.335317,19.813826],[78.337707,19.837159],[78.301039,19.840233],[78.2866,19.855854],[78.299115,19.871488],[78.308317,19.913539],[78.282725,19.901862],[78.280556,19.88124],[78.249911,19.866234],[78.242044,19.8819],[78.258168,19.901063],[78.218308,19.90889],[78.19264,19.895102],[78.176067,19.90495],[78.145669,19.910413],[78.129076,19.893308],[78.102195,19.889544],[78.078154,19.894309],[78.055104,19.923767],[77.96469,19.904763],[77.897737,19.874709],[77.874816,19.842951],[77.871513,19.820722],[77.850046,19.798911],[77.865364,19.769049],[77.858666,19.749561],[77.916436,19.728344],[77.935427,19.737283],[77.951304,19.727479],[77.981824,19.680358],[77.998429,19.672031],[78.028348,19.690422],[78.05138200300007,19.687609003000034],[78.055948,19.662558],[78.072198,19.657825],[78.093505,19.635718],[78.103796,19.655188],[78.120177,19.650257],[78.137535,19.663275],[78.179881,19.650244],[78.197679,19.617041],[78.187266,19.577337],[78.186451,19.554673],[78.149002,19.54407],[78.130247,19.550365],[78.137191,19.518742],[78.12397,19.509929],[78.112741,19.480255],[78.098374,19.482493],[78.068514,19.457887],[78.034646,19.487088],[78.018558,19.48462],[78.010789,19.452609997000025],[77.984943,19.460293],[77.987616,19.477711],[77.972511,19.507735],[77.954099,19.510409],[77.941058,19.496072],[77.916715,19.515205],[77.909887,19.533077],[77.878671,19.513665],[77.859689,19.521601],[77.842912,19.506873],[77.845625,19.489257],[77.827962,19.477152],[77.845659,19.458552],[77.83498,19.440686],[77.79961,19.449213],[77.749913,19.429089],[77.697318,19.438426],[77.696661,19.456204],[77.740437,19.482484],[77.734748,19.491727],[77.751409,19.517042],[77.73076,19.531628],[77.708354,19.530144],[77.65147,19.548548],[77.639323,19.590982],[77.60695,19.642022],[77.554233,19.650498],[77.539955,19.666832],[77.49991,19.678454],[77.459304,19.681584],[77.439765,19.724317],[77.411091,19.744889],[77.382706,19.736897],[77.380966,19.783988],[77.386045,19.822979],[77.357983,19.816142],[77.34202,19.828707],[77.36223,19.860143],[77.345536,19.863551],[77.312104,19.893545],[77.293047,19.902701],[77.244491,19.903854],[77.238263,19.934771],[77.208521,19.938844],[77.20386,19.989677],[77.180235,19.980849],[77.1355,19.942409],[77.104011,19.931393],[77.070123,19.973581],[77.061847,19.993594],[77.037428,20.007727],[77.019206,20.000739],[76.996593,20.016457],[76.98938900100006,19.997066017000066],[76.926781,19.976517],[76.873637,19.953646],[76.838591,19.963053],[76.822478,19.928694],[76.773857,19.934576],[76.765313,19.904112],[76.748112,19.911852],[76.741022,19.872377],[76.693755,19.872805],[76.681004,19.846055],[76.634217,19.867444],[76.624958,19.843198],[76.606495,19.840843],[76.536004,19.848207],[76.534733,19.86498],[76.505755,19.879397],[76.491606,19.897019],[76.494508,19.919564],[76.386575,19.91469],[76.367536,19.927659],[76.355182,19.898441],[76.337848,19.882278],[76.294188,19.871233],[76.241585,19.873413],[76.230809,19.864937],[76.198436,19.864276],[76.184491,19.850537],[76.14942,19.855142],[76.130093,19.864169],[76.098662,19.856411],[76.079837,19.880271],[76.080246,19.911909],[76.059599,19.918338],[76.048542,19.946231],[76.011685,19.954234],[76.01476,19.968227],[75.974684,19.982035],[75.964561,19.998265],[76.02444300600007,20.023872],[76.019815,20.057817],[76.053434,20.061252],[76.070726,20.072838],[76.059489,20.09893],[76.095447,20.095085],[76.099526,20.129813],[76.121455,20.166161],[76.146292,20.198445],[76.134565,20.222231],[76.167339,20.237724],[76.194514,20.299076],[76.169262,20.29404],[76.130554,20.32134],[76.124606,20.340711],[76.091806,20.35082],[76.049195,20.337369],[76.032359,20.304706],[75.977541,20.307231],[75.934509,20.29931],[75.923566,20.311651],[75.94195,20.340717],[75.942371,20.368894],[75.967029,20.373339],[75.950043,20.392175],[75.944122,20.438855],[75.955982,20.449985],[75.955664,20.472229],[75.941728,20.491236],[75.949645,20.517526],[75.960904,20.525465],[76.019922,20.52902],[76.016612,20.550555],[76.038822,20.558042],[76.040464,20.605075],[76.03271,20.63652],[76.007455,20.647705]]]},"properties":{"OBJECTID":231,"object_id":16,"name":"MARATHWADA","state_code":"MAHARASHTRA","region_cod":"CENTRAL INDIA","subdivisio":"MARATHWADA","uorder":25},"id": 22},
{"type":"Feature","geometry":{"type":"Polygon","coordinates":[[[76.38480572000003,21.075153096000065],[76.33819580100004,21.07043457000003],[76.28002929700006,21.06939697300004],[76.27301025400004,21.08819580100004],[76.19238281200006,21.085998535000044],[76.16760253900003,21.07843017600004],[76.17120361300005,21.10260009800004],[76.13641357400007,21.11999511700003],[76.11358642600004,21.15441894500003],[76.12023925800008,21.171203613000046],[76.16619873000008,21.16882324200003],[76.16619873000008,21.22064209000007],[76.14221191400003,21.23004150400004],[76.16003418000008,21.252197266000053],[76.14379882800006,21.285034180000025],[76.13018798800005,21.285400391000053],[76.12139892600004,21.32220459000007],[76.09661865200007,21.370605469000054],[76.04919433600008,21.348632812000062],[76.03039550800008,21.364196777000075],[75.98760986300005,21.36822509800004],[75.96398925800008,21.389038086000028],[75.91162109400005,21.381835937000062],[75.90344238300008,21.391235352000024],[75.875,21.392028809000067],[75.86260986300005,21.37921142600004],[75.83398437500006,21.376831055000025],[75.80603027300003,21.383422852000024],[75.75701904300007,21.378601074000073],[75.72863769500003,21.388000488000046],[75.68939209000007,21.383605957000043],[75.67120361300005,21.374023437000062],[75.63043212900004,21.374816895000038],[75.60223388700007,21.386596680000025],[75.53863525400004,21.372192383000026],[75.51959228500004,21.386230469000054],[75.45843505900007,21.386596680000025],[75.42761230500008,21.39019775400004],[75.38299560500008,21.378784180000025],[75.36083984400005,21.39959716800007],[75.35260009800004,21.390014648000033],[75.30102539100005,21.390991211000028],[75.30218505900007,21.409423828000058],[75.25421142600004,21.401184082000043],[75.23101806600005,21.41418457000003],[75.20800781200006,21.41223144500003],[75.18103027300003,21.42999267600004],[75.12780761700003,21.447998047000056],[75.10864257800006,21.46179199200003],[75.08959960900006,21.5],[75.09082031200006,21.51483154300007],[75.05261230500008,21.56604003900003],[75.02221679700006,21.572998047000056],[74.98242187500006,21.593627930000025],[74.91119384800004,21.614013672000056],[74.90283203100006,21.628417969000054],[74.86639404300007,21.62939453100006],[74.81298828100006,21.61322021500007],[74.77618408200004,21.61480712900004],[74.70721435500008,21.626220703000058],[74.66503906200006,21.651794434000067],[74.58300781200006,21.664428711000028],[74.58142089800003,21.682617187000062],[74.56359863300008,21.682983398000033],[74.54803466800007,21.718994141000053],[74.51458740200007,21.71783447300004],[74.51501464800003,21.764404297000056],[74.50262451200007,21.78100585900006],[74.50140380900007,21.806823730000076],[74.51098632800006,21.828796387000068],[74.51458740200007,21.889587402000075],[74.52520752000004,21.910217285000044],[74.51019287100007,21.92022705100004],[74.50939941400003,21.936828613000046],[74.48999023400006,21.95520019500003],[74.45422363300008,21.96142578100006],[74.44018554700006,21.97619628900003],[74.45300293000008,22.003417969000054],[74.43261718700006,22.02978515600006],[74.39123535200008,22.02124023400006],[74.37579345700004,21.999389648000033],[74.34539794900007,21.974609375000057],[74.30963134800004,21.971984863000046],[74.29779052700007,21.96282959000007],[74.28179931600005,21.932434082000043],[74.26300048800005,21.933410645000038],[74.20599365200007,21.92541503900003],[74.18243408200004,21.928833008000026],[74.14739990200007,21.952392578000058],[74.05139160200008,21.926025391000053],[74.02960205100004,21.910827637000068],[73.97619628900003,21.88842773400006],[73.93041992200006,21.864013672000056],[73.89044189500004,21.85504150400004],[73.87603759800004,21.842590332000043],[73.82702636700003,21.842224121000072],[73.79638671900005,21.824035645000038],[73.80859375000006,21.809387207000043],[73.82781982400007,21.80963134800004],[73.83703613300008,21.74621582000003],[73.86920166000004,21.717407227000024],[73.88183593700006,21.714233398000033],[73.89520263700007,21.67541503900003],[73.88879394500003,21.652587891000053],[73.83959960900006,21.632812500000057],[73.82183837900004,21.643005371000072],[73.78881835900006,21.633605957000043],[73.78222656200006,21.61804199200003],[73.81298828100006,21.601989746000072],[73.83538818400007,21.519592285000044],[73.85278320300006,21.497192383000026],[73.92962646500007,21.522399902000075],[73.93621826200007,21.511596680000025],[73.96661377000004,21.52178955100004],[73.97479248000008,21.542236328000058],[73.99902343700006,21.538208008000026],[74.01141357400007,21.548828125000057],[74.03082275400004,21.544982910000044],[74.07299804700006,21.547424316000047],[74.09918212900004,21.555419922000056],[74.13861084000007,21.54840087900004],[74.15838623000008,21.568237305000025],[74.19598388700007,21.536987305000025],[74.26263427700007,21.53918457000003],[74.27679443400007,21.56140136700003],[74.30023193400007,21.56799316400003],[74.30383300800008,21.55163574200003],[74.33123779300007,21.552185059000067],[74.32159423800005,21.528625488000046],[74.32141113300008,21.49798584000007],[74.30480957000003,21.487426758000026],[74.25659179700006,21.47619628900003],[74.21478271500007,21.481018066000047],[74.21002197300004,21.461608887000068],[74.16021728500004,21.468017578000058],[74.14898681600005,21.457397461000028],[74.12078857400007,21.46478271500007],[74.11718750000006,21.451782227000024],[74.06280517600004,21.463439941000047],[74.04760742200006,21.44842529300007],[74.04541015600006,21.418640137000068],[74.00921630900007,21.422241211000028],[73.94543457000003,21.380187988000046],[73.94982910200008,21.350402832000043],[73.94342041000004,21.29998779300007],[73.89941406200006,21.272399902000075],[73.88018798800005,21.26519775400004],[73.84942627000004,21.274230957000043],[73.82379150400004,21.264587402000075],[73.82904052700007,21.239196778000064],[73.81243896600006,21.23059082000003],[73.81182861300005,21.20861816400003],[73.82659912100007,21.199401855000076],[73.81640625000006,21.17340087900004],[73.78540039100005,21.183410645000038],[73.77282714800003,21.16400146500007],[73.74102783200004,21.166992187000062],[73.73419189500004,21.14221191400003],[73.71600341800007,21.140625],[73.67260742200006,21.153991699000073],[73.64318847700008,21.13879394500003],[73.63061523400006,21.15283203100006],[73.59918212900004,21.15600585900006],[73.61920166000004,21.117797852000024],[73.64678955100004,21.120605469000054],[73.65240478500004,21.106811523000033],[73.70660400400004,21.107604980000076],[73.73382568400007,21.098022461000028],[73.73040771500007,21.08178710900006],[73.78082275400004,21.063781738000046],[73.80841064500004,21.083984375000057],[73.81103515600006,21.057617187000062],[73.79602050800008,21.04382324200003],[73.82739257800006,21.013183594000054],[73.86840820300006,20.985595703000058],[73.90161132800006,20.981811523000033],[73.90960693400007,20.963989258000026],[73.89300537100007,20.95501709000007],[73.88879394500003,20.93280029300007],[73.91821289100005,20.906982422000056],[73.92559814500004,20.885192871000072],[73.92443847700008,20.850402832000043],[73.94482421900005,20.82379150400004],[73.93280029300007,20.808410645000038],[73.93280029300007,20.760192871000072],[73.94281005900007,20.74139404300007],[73.90563964800003,20.724792480000076],[73.87518310500008,20.729187012000068],[73.85241699200003,20.694641113000046],[73.82623291000004,20.700195312000062],[73.81262207000003,20.691406250000057],[73.83343505900007,20.64819335900006],[73.83898925800008,20.61999511700003],[73.80102539100005,20.600036621000072],[73.77618408200004,20.599609375000057],[73.76239013700007,20.574584961000028],[73.74700927700007,20.567626953000058],[73.69598388700007,20.577819824000073],[73.67041015600006,20.56262207000003],[73.65319824200003,20.563781738000046],[73.63104248000008,20.58001709000007],[73.61621093700006,20.624023437000062],[73.57000732400007,20.651000977000024],[73.55139160200008,20.64801025400004],[73.53363037100007,20.672607422000056],[73.48999023400006,20.655029297000056],[73.49102783200004,20.684814453000058],[73.46759033200004,20.721435547000056],[73.44580078100006,20.709411621000072],[73.44903564500004,20.691589355000076],[73.39483642600004,20.64019775400004],[73.42102050800008,20.62658691400003],[73.42980957000003,20.59564209000007],[73.47338867200006,20.58483886700003],[73.47979736300005,20.56158447300004],[73.46838378900003,20.495788574000073],[73.44641113300008,20.474792480000076],[73.42181396500007,20.429382324000073],[73.42382812500006,20.421386719000054],[73.38079834000007,20.39343261700003],[73.40002441400003,20.383789062000062],[73.41418457000003,20.356018066000047],[73.41302490200007,20.342407227000024],[73.42803955100004,20.277404785000044],[73.41583252000004,20.274230957000043],[73.41143798800005,20.237792969000054],[73.42199707000003,20.205810547000056],[73.40698242200006,20.195007324000073],[73.38659668000008,20.196411133000026],[73.35443115200007,20.212402344000054],[73.33758544900007,20.199584961000028],[73.29943847700008,20.20861816400003],[73.28424072300004,20.197814941000047],[73.27862548800005,20.147827148000033],[73.25463867200006,20.13720703100006],[73.24979360500004,20.12204876900006],[73.268899,20.109543],[73.272066,20.095393],[73.29502,20.097528],[73.314425,20.090452],[73.309492,20.05964],[73.314667,20.048905],[73.34604,20.036122],[73.357463,20.03993],[73.391417,20.012669],[73.40723,20.017764],[73.424195,19.986767],[73.451713,19.981504],[73.440422,19.955047],[73.440008,19.933729],[73.421662,19.91551],[73.43758,19.872777],[73.4145,19.857396],[73.420545,19.834922],[73.442733,19.825361],[73.444985,19.775286],[73.451485,19.764329],[73.500938,19.758485],[73.502786,19.739558],[73.485696,19.724269],[73.529864,19.696405],[73.544388,19.65821],[73.559456,19.645577],[73.566024,19.621371],[73.60786,19.594103],[73.626246,19.573103],[73.622457,19.547736],[73.657286,19.535896],[73.66491,19.511104],[73.686795,19.513742],[73.706382,19.478638],[73.686254,19.466752],[73.68507,19.444352],[73.707252,19.42891],[73.731127,19.429891],[73.73316,19.411812],[73.752941,19.395986],[73.779849,19.385725],[73.79739,19.338923],[73.761201,19.328869],[73.748543,19.334114],[73.710185,19.324537],[73.668511,19.293169],[73.690903,19.267972],[73.694197,19.251058],[73.66339,19.239464],[73.637474,19.213496],[73.612621,19.209997],[73.60938,19.19248],[73.576333,19.191052],[73.538045,19.174172],[73.533966,19.144715],[73.516388,19.096953],[73.523957,19.084135],[73.524913,19.053483],[73.552749,19.00808],[73.534579,18.996931],[73.510301,18.964852],[73.481053,18.979278],[73.46116,18.964292],[73.458995,18.92964],[73.433056,18.911379],[73.438635,18.885918],[73.428687,18.865512],[73.402015,18.841913],[73.389385,18.852471],[73.382239,18.800234],[73.362589,18.769387],[73.35574,18.720713],[73.388318,18.688565],[73.389975,18.660695],[73.361907,18.635984],[73.335266,18.595034],[73.323467,18.556973],[73.347711,18.543414],[73.400862,18.475237],[73.393982,18.443628],[73.40048,18.40513],[73.420352,18.402751],[73.423773,18.372529],[73.441878,18.358211],[73.422352,18.328882],[73.41806,18.308483],[73.476433,18.299355],[73.477424,18.271799],[73.49439,18.274501],[73.516645,18.245228],[73.529228,18.246485],[73.531305,18.219838],[73.56759,18.187036],[73.586177,18.176879],[73.598249,18.189241],[73.632428,18.173827],[73.653447,18.172515],[73.667101,18.157705],[73.637846,18.145964],[73.594704,18.107773],[73.609055,18.097471],[73.602926,18.08018],[73.612103,18.061197],[73.630605,18.044408],[73.660067,18.030857],[73.656808,18.011774],[73.627861,17.985238],[73.639175,17.97063],[73.613301,17.948709],[73.578585,17.933399],[73.553271,17.907032],[73.576012,17.866058],[73.596005,17.845825],[73.58495,17.828645],[73.59675,17.817917],[73.600143,17.790666],[73.57085708200003,17.72423811300007],[73.590748,17.702015],[73.618936,17.710906],[73.687266,17.684864],[73.700892,17.657538],[73.691999,17.632613],[73.721918,17.616803],[73.727002,17.588667],[73.716877,17.571774],[73.745003,17.556213],[73.740728,17.532644],[73.721934,17.525846],[73.694402,17.486332],[73.707155,17.464542],[73.709494,17.432768],[73.690266,17.421685],[73.666392,17.391283],[73.687234,17.342534],[73.678478,17.294151],[73.694761,17.260844],[73.690754,17.239968],[73.715594,17.20605],[73.686753,17.157447],[73.692842,17.136312],[73.710912,17.1417],[73.726123,17.123929],[73.744861,17.129415],[73.778046,17.10759],[73.806066,17.083351],[73.803415,17.060304],[73.830957,17.057201],[73.821419,17.037285],[73.833426,17.023444],[73.832057,16.989396],[73.786603,16.992275],[73.76662,16.966386],[73.796536,16.927617],[73.788782,16.905859],[73.75445,16.906477],[73.747274,16.883891],[73.768688,16.86661],[73.765972,16.847785],[73.734873,16.821525],[73.759711,16.802991],[73.75437,16.783788],[73.76184,16.769344],[73.785419,16.774817],[73.79313,16.761099],[73.819123,16.764384],[73.837962,16.735954],[73.820686,16.704706],[73.859622,16.679598],[73.86401,16.668028],[73.849074,16.641105],[73.862494,16.608635],[73.841477,16.585429],[73.846984,16.573344],[73.819883,16.548373],[73.846033,16.525341],[73.839795,16.506688],[73.863018,16.473187],[73.884184,16.474925],[73.887556,16.448663],[73.838572,16.404703],[73.864451,16.368685],[73.837501,16.342072],[73.848099,16.319876],[73.863228,16.307269],[73.884426,16.325983],[73.904645,16.326258],[73.900932,16.304355],[73.879535,16.278023],[73.905366,16.249793],[73.90265,16.236254],[73.929197,16.220129],[73.943837,16.17359],[73.922817,16.173199],[73.902999,16.134564],[73.854828,16.142631],[73.846068,16.1225],[73.842834,16.090466],[73.863358,16.095626],[73.952127,16.098306],[73.996795,16.090953],[74.006473,16.076452],[73.999239,16.038785],[74.044893,16.029775],[74.060674,16.049868],[74.073493,16.023533],[74.091783,16.006443],[74.062842,15.982132],[74.049538,15.948936],[74.083296,15.929311],[74.094437,15.889864],[74.087202,15.866643],[74.035977,15.83519],[74.035268,15.801454],[74.064768,15.812724],[74.073931,15.833161],[74.10385,15.839618],[74.109466,15.821673],[74.146196,15.831411],[74.159461,15.821182],[74.154409,15.785774],[74.173816,15.772412],[74.19992,15.784133],[74.209636,15.779934],[74.228547,15.787427],[74.228751,15.755056],[74.240458,15.742451],[74.26909999600008,15.753757004000022],[74.286519,15.740611],[74.308685,15.7475],[74.323858,15.771697],[74.346105,15.763656],[74.369868,15.787218],[74.367269,15.824909],[74.383882,15.84813],[74.346434,15.849808],[74.363872,15.873778],[74.398335,15.850171],[74.394217,15.899064],[74.38772199500005,15.90419100300005],[74.429011,15.951333],[74.464003,16.038918],[74.45171102600005,16.05266198100003],[74.4158,16.054744],[74.381801,16.034512],[74.365731,16.057424],[74.373028,16.077242],[74.392567,16.08044],[74.410786,16.101153],[74.42952,16.111037],[74.459501,16.102827],[74.482378,16.08792],[74.492055,16.103337],[74.485929,16.141338],[74.490377,16.176453],[74.507814,16.190324],[74.497466,16.211346],[74.503929,16.224445],[74.4789,16.249555],[74.469444,16.239226],[74.418429,16.257044],[74.416768,16.279145],[74.386879,16.276342],[74.363942,16.284672],[74.334958,16.267844],[74.321633,16.283522],[74.340971,16.301972],[74.317979,16.326875],[74.319791,16.370689],[74.340012,16.390007],[74.337548,16.427862],[74.330523,16.446557],[74.297855,16.463595],[74.291703,16.503963],[74.261574,16.479156],[74.253313,16.499679],[74.279023,16.503976],[74.281556,16.530509],[74.300315,16.529677],[74.315577,16.503255],[74.318377,16.552771],[74.379524,16.527449],[74.397447,16.582332],[74.421635,16.585186],[74.436264,16.600125],[74.464276,16.603554],[74.466639,16.623787],[74.455611,16.646363],[74.476025,16.646556],[74.491591,16.628821],[74.545328,16.634534],[74.544331,16.594381],[74.569377,16.552928],[74.599804,16.56337],[74.636705,16.582975],[74.636994,16.606483],[74.661619,16.601979],[74.689551,16.615682],[74.658092,16.642179],[74.666017,16.664737],[74.690203,16.675793],[74.691876,16.71461],[74.732953,16.717392],[74.775636,16.750714],[74.845387,16.760884],[74.850696,16.771825],[74.920559,16.771945],[74.911884,16.788003],[74.911176,16.834214],[74.902399,16.861625],[74.927411,16.863123],[74.936811,16.878311],[74.961444,16.880312],[74.964366,16.907381],[74.945664,16.909687],[74.922662,16.92894],[74.938926,16.942644],[74.961527,16.93903],[74.990184,16.951328],[75.027484,16.943214],[75.065126,16.941291],[75.090239,16.950659],[75.097019,16.91322],[75.118391,16.912519],[75.135752,16.893777],[75.137393,16.873559],[75.17749,16.866777],[75.18363,16.842218],[75.228559,16.842243],[75.238582,16.86701],[75.265644,16.861868],[75.282956,16.87936],[75.290863,16.903097],[75.280295,16.922504],[75.28053,16.955631],[75.343225,16.955319],[75.393075,16.979165],[75.428822,16.965567],[75.442549,16.981305],[75.466501,16.987439],[75.48418700300005,16.97506701900005],[75.490028,16.943493],[75.510614,16.949321],[75.53026998400003,16.968470984000078],[75.564282,16.966686],[75.56818,17.008119],[75.607853,17.003638],[75.611091,16.970734],[75.632951,16.969747],[75.646949,16.953079],[75.676106,16.964614],[75.667046,16.978841],[75.670667,17.037234],[75.641968,17.036655],[75.651278,17.05633],[75.677689,17.064491],[75.673263,17.115074],[75.651319,17.114771],[75.646508,17.142616],[75.62923,17.161776],[75.629405,17.187742],[75.662887,17.213663],[75.655144,17.272904],[75.631222,17.273019],[75.6231,17.294445],[75.604704,17.304595],[75.613059,17.32423],[75.610997,17.344135],[75.581814,17.350319],[75.57511100800008,17.38239698500007],[75.609977,17.393226],[75.622587,17.458348],[75.633956,17.476317],[75.657594,17.459005],[75.675819,17.456063],[75.684477,17.416022],[75.718732,17.409027],[75.731668,17.419446],[75.766142,17.405008],[75.781272,17.374731],[75.805205,17.366937],[75.822437,17.420319],[75.85047,17.411037],[75.858432,17.38641],[75.895069,17.400289],[75.891182,17.360265],[75.926979,17.323962],[75.969719,17.335556],[76.000667,17.338019],[76.011208,17.351473],[76.063381,17.353586],[76.07316,17.334401],[76.088006,17.335019],[76.100767,17.363738],[76.120763,17.369494],[76.163652,17.344305],[76.166113,17.302418],[76.182105,17.308136],[76.171369,17.351448],[76.197237,17.362703],[76.230487,17.364291],[76.273056,17.359676],[76.27740699400005,17.333657],[76.318715,17.331458],[76.315395,17.347473],[76.346354,17.353531],[76.355067,17.313397],[76.384218,17.313605],[76.397668,17.346185],[76.413251,17.350149],[76.410183,17.370471],[76.364484,17.376752],[76.37257,17.435511],[76.334317,17.432989],[76.331743,17.469284],[76.346822,17.491622],[76.34763,17.511673],[76.367133,17.514768],[76.36481,17.535379],[76.34258,17.540536],[76.33262,17.595077],[76.35109,17.593198],[76.382764,17.601348],[76.420753,17.602808],[76.429939,17.642572],[76.381313,17.658353],[76.380283,17.684378],[76.32318,17.694514],[76.316609,17.713109],[76.295571,17.727411],[76.270988,17.727072],[76.241134,17.697468],[76.223314,17.697711],[76.18914,17.682194],[76.166367,17.698323],[76.176222,17.728615],[76.148462,17.732598],[76.145575,17.755043],[76.129778,17.766499],[76.103149,17.763465],[76.088537,17.777255],[76.055957,17.762162],[76.028867,17.765026],[76.001941,17.754279],[76.016042,17.823738],[75.99581,17.838251],[75.975172,17.834483],[75.932502,17.851007],[75.925132,17.832356],[75.875286,17.84511],[75.875054,17.858809],[75.857321,17.868259],[75.845146,17.891814],[75.851354,17.915935],[75.838996,17.930594],[75.840445,17.97966],[75.85767699600007,18.011041008000063],[75.911053,17.999278],[75.909454,17.986559],[75.92685,17.972645],[75.953313,17.978446],[75.980814,17.971527],[75.984361,17.99277],[75.997032,17.999756],[76.015142,18.052024],[75.995014,18.06596],[75.98754,18.087472],[75.956838,18.084771],[75.941619,18.124631],[75.958539,18.159701],[75.936365,18.192242],[75.94838,18.230136],[75.929607,18.258223],[75.933909,18.284895],[75.907274,18.325812],[75.896721,18.356875],[75.883242,18.364539],[75.861249,18.357875],[75.825374,18.377024],[75.796785,18.37851],[75.772475,18.404539],[75.763494,18.438558],[75.724103,18.432334],[75.706475,18.39398],[75.724425,18.384739],[75.729522,18.361241],[75.718112,18.335309],[75.69604000800007,18.328468002000022],[75.647815,18.328024],[75.61512400100008,18.269446],[75.630383,18.264271],[75.628287,18.240254],[75.601565,18.250192],[75.569738,18.235615],[75.561482,18.201795],[75.545155,18.177077],[75.543259,18.147956],[75.518199,18.144792],[75.46795,18.171296],[75.46524199700008,18.158524998000075],[75.426976,18.177937],[75.438198,18.205536],[75.428786,18.213983],[75.422934,18.241831],[75.430468,18.260046],[75.396116,18.262277],[75.399643,18.314192],[75.382805,18.342367],[75.346154,18.376177],[75.28600003200006,18.40825303300005],[75.303925,18.434209],[75.298467,18.445792],[75.304357,18.478465],[75.297055,18.492801],[75.313654,18.519111],[75.330611,18.522493],[75.342826,18.559811],[75.398574,18.541896],[75.415838,18.530096],[75.434814,18.549836],[75.447822,18.585643],[75.49265,18.622097],[75.507937,18.622358],[75.541492,18.655412],[75.545547,18.680281],[75.582596,18.683366],[75.573151,18.702801],[75.554888,18.70706],[75.557168,18.735441],[75.525495,18.750608],[75.516241,18.724017],[75.492684,18.727516],[75.469809,18.750035],[75.447745,18.754926],[75.442205,18.791555],[75.415941,18.821588],[75.39193,18.818846],[75.385807,18.771289],[75.341074,18.785304],[75.331346,18.800316],[75.294357,18.765108],[75.277132,18.728774],[75.254919,18.718919],[75.20645,18.737989],[75.172603,18.735706],[75.176007,18.713923],[75.166436,18.694637],[75.160972,18.648999],[75.144707,18.650666],[75.105225,18.699982],[75.07778,18.713393],[75.040508,18.762626],[75.007566,18.781097],[74.971827,18.813565],[74.927285,18.840685],[74.894816,18.845277],[74.89871,18.875704],[74.888861,18.885731],[74.88413300300004,18.913580010000032],[74.86537,18.897259],[74.846978,18.909229],[74.828947,18.961538],[74.808871,18.976056],[74.825667,18.989832],[74.83680099600008,18.969339013000024],[74.872277,18.983549],[74.900469,18.978131],[74.904609,18.962822],[74.936186,18.974838],[74.954271,18.972278],[74.949392,19.003822],[74.951232,19.032015],[74.915514,19.037011],[74.921424,19.093185],[74.943571,19.132278],[74.975626,19.110099],[75.007894,19.103712],[75.033097,19.106378],[75.059457,19.097917],[75.072637,19.114378],[75.108054,19.12434],[75.110226,19.109255],[75.08326,19.083782],[75.075955,19.050997],[75.101126,19.042116],[75.168637,19.035523],[75.1823,19.011388],[75.210752,19.021529],[75.19542499300007,19.04913099500004],[75.194346,19.085185],[75.204741,19.102666],[75.220269,19.108066],[75.227845,19.089809],[75.225512,19.066345],[75.256087,19.069212],[75.271857,19.053028],[75.261793,19.022511],[75.269748,18.997406],[75.2883,18.981184],[75.314192,18.979183],[75.344066,18.991473],[75.345771,19.023708],[75.328461,19.032932],[75.28537,19.03331],[75.29895,19.088968],[75.322173,19.09385],[75.343898,19.077981],[75.365874,19.077612],[75.36536,19.097264],[75.350186,19.123613],[75.332365,19.130224],[75.331386,19.152025],[75.353389,19.147909],[75.351615,19.126797],[75.393847,19.125793],[75.371996,19.082496],[75.413382,19.079551],[75.445636,19.09213],[75.450426,19.082315],[75.486754,19.105065],[75.483339,19.126118],[75.454303,19.12675],[75.432763,19.116489],[75.423585,19.137466],[75.454786,19.143378],[75.445897,19.171218],[75.423578,19.172587],[75.403086,19.198557],[75.422604,19.219488],[75.442655,19.218197],[75.461379,19.250923],[75.5049,19.26624],[75.539995,19.307309],[75.540627,19.327747],[75.517826,19.329866],[75.532453,19.375214],[75.483752,19.383556],[75.488626,19.416873],[75.444688,19.41232],[75.409941,19.418396],[75.380943,19.408849],[75.367194,19.397362],[75.336787,19.406762],[75.356409,19.432434],[75.347499,19.448825],[75.32807,19.438041],[75.324183,19.4632],[75.339465,19.464921],[75.354645,19.501473],[75.312804,19.493997],[75.303956,19.510265],[75.274557,19.513745],[75.261397,19.527141],[75.228503,19.540148],[75.206663,19.576956],[75.187295,19.596457],[75.155319,19.589012],[75.128218,19.594166],[75.088445,19.611084],[75.062484,19.604109],[75.040082,19.613346],[75.038922,19.624874],[74.998787,19.623719],[74.965145,19.646115],[74.887503,19.65218],[74.845869,19.648208],[74.825268,19.667052],[74.787741,19.730026],[74.719129,19.762708],[74.719561,19.777947],[74.678689,19.766419],[74.632881,19.792054],[74.611885,19.769009],[74.592041,19.776032],[74.60072,19.806477],[74.60414,19.844918],[74.658045,19.834562],[74.660909,19.857004],[74.645803,19.860029],[74.650574,19.919368],[74.677334,19.923754],[74.671469,19.953938],[74.687193,19.968593],[74.682756,19.988604],[74.695874,20.01631],[74.717914,20.017461],[74.70687,20.041962],[74.720512,20.0536],[74.712158,20.078995],[74.736794,20.079636],[74.730703,20.113321],[74.707004,20.112162],[74.717638,20.160771],[74.719976,20.190711],[74.747394,20.185112],[74.76344002800005,20.204161],[74.783746,20.204974],[74.803509,20.237794],[74.819248,20.249453],[74.83085,20.234587],[74.85469,20.229638],[74.856126,20.178998],[74.896693,20.179674],[74.907489,20.154388],[74.929496,20.159775],[74.929042,20.216768],[74.90869,20.218775],[74.90638,20.245599],[74.933631,20.250624],[74.935621,20.269495],[74.968369,20.303875],[74.986773,20.303047],[74.987377,20.329987],[74.998301,20.336661],[75.051288,20.307286],[75.05979,20.334831],[75.094648,20.335205],[75.126526,20.349661],[75.114593,20.41356],[75.125294,20.431102],[75.161234,20.436843],[75.158083,20.471154],[75.199192,20.474425],[75.198089,20.491426],[75.223625,20.49844],[75.241046,20.550213],[75.258762,20.575739],[75.268668,20.567261],[75.317065,20.574458],[75.320108,20.590976],[75.356115,20.587731],[75.366735,20.574184],[75.389879,20.576828],[75.397811,20.520187],[75.418845,20.51275],[75.434665,20.53449],[75.459163,20.521997],[75.465466,20.542291],[75.504724,20.539052],[75.525816,20.556225],[75.52185399600006,20.589357003000032],[75.536428,20.605973],[75.59882501100003,20.599386012000025],[75.606015,20.621003],[75.648771,20.618147],[75.66193,20.629896],[75.655223,20.6496],[75.66696,20.667392],[75.704683,20.658244],[75.696308,20.619992],[75.731343,20.609366],[75.759257,20.608982],[75.760175,20.573956],[75.792393,20.580111],[75.787657,20.561763],[75.827734,20.555126],[75.840442,20.593313],[75.838116,20.613086],[75.870391,20.611649],[75.86958,20.596737],[75.887971,20.591071],[75.888478,20.568391],[75.933203,20.573827],[75.93452,20.59244],[75.955704,20.603316],[75.955482,20.619846],[75.987315,20.615924],[76.00937,20.635426],[76.007455,20.647705],[75.996115,20.666491],[76.002476,20.677625],[75.998445,20.71245],[76.016567,20.720419],[76.01395,20.73722],[75.984501,20.7529],[75.995161,20.773414],[76.013208,20.78337],[76.045883,20.78328],[76.057548,20.824502],[76.072415,20.832416],[76.087191,20.861421],[76.113773,20.886095],[76.101397,20.900782],[76.07868101500003,20.90782599700003],[76.090844,20.943144],[76.109475,20.948052],[76.11803000300006,20.971483999000043],[76.158127,21.002736],[76.170264,21.027649],[76.196866,21.012005],[76.226795,21.004289],[76.236957,20.991016],[76.266081,20.97944],[76.28092,20.956417],[76.317715,20.950102],[76.346724,20.951987],[76.368914,20.977346],[76.381017,20.976409],[76.398187,21.035646],[76.38480572000003,21.075153096000065]],[[74.26725181600005,15.821893097000043],[74.293027,15.831169],[74.314601,15.798957],[74.286479,15.786863],[74.269652,15.798883],[74.26725181600005,15.821893097000043]]]},"properties":{"OBJECTID":233,"object_id":3,"name":"MADHYA MAHARASHTRA","state_code":"MAHARASHTRA","region_cod":"CENTRAL INDIA","subdivisio":"MADHYA MAHARASHTRA","uorder":24},"id": 21},
{"type":"Feature","geometry":{"type":"Polygon","coordinates":[[[73.80938720700004,15.380004883000026],[73.84240722700008,15.358398437000062],[73.87341308600008,15.368225098000039],[73.89459228500004,15.330810547000056],[73.92358398400006,15.243408203000058],[73.94903564500004,15.14538574200003],[73.94158935500008,15.120239258000026],[73.92681884800004,15.108215332000043],[73.93182373000008,15.082397461000028],[73.95440673800005,15.07220459000007],[73.98480224600007,15.047790527000075],[73.98638916000004,15.02783203100006],[74.03503418000008,14.995788574000073],[74.04998779300007,14.957397461000028],[74.04278564500004,14.920837402000075],[74.08581543000008,14.898803711000028],[74.125,14.924438477000024],[74.16284179700006,14.911193848000039],[74.15521240200007,14.938415527000075],[74.16040039100005,14.95501709000007],[74.18023681600005,14.955993652000075],[74.20080566400003,14.925415039000029],[74.21838378900003,14.945007324000073],[74.25341796900005,14.95819091800007],[74.26519775400004,14.977600098000039],[74.25262451200007,14.992614746000072],[74.29724121100008,15.04022216800007],[74.28161621100008,15.067810059000067],[74.27343750000006,15.096618652000075],[74.28558349600007,15.11303710900006],[74.28442382800006,15.14178466800007],[74.29638671900005,15.150207520000038],[74.31799316400003,15.182617187000062],[74.30242919900007,15.223388672000056],[74.29241943400007,15.232788086000028],[74.26043701200007,15.23999023400006],[74.27239990200007,15.280212402000075],[74.29724121100008,15.287841797000056],[74.32720947300004,15.282836914000029],[74.33679199200003,15.294616699000073],[74.31781005900007,15.328186035000044],[74.32360839800003,15.36639404300007],[74.29962158200004,15.381042480000076],[74.28381347700008,15.38201904300007],[74.26959228500004,15.418212891000053],[74.27618408200004,15.448242187000062],[74.25183105500008,15.490417480000076],[74.27899169900007,15.52178955100004],[74.27880859400005,15.54522705100004],[74.25122070300006,15.566406250000057],[74.26519775400004,15.614624023000033],[74.24499511700003,15.625183105000076],[74.25280761700003,15.653442383000026],[74.22460937500006,15.668029785000044],[74.20343017600004,15.662231445000032],[74.16961669900007,15.671997070000032],[74.16522216800007,15.652587891000053],[74.13641357400007,15.647399902000075],[74.104457,15.656625],[74.103899,15.671201],[74.126534,15.679986],[74.13244,15.692557],[74.126582,15.723134],[74.151742,15.73483],[74.162326,15.750317],[74.202207,15.757643],[74.209636,15.779934],[74.19992,15.784133],[74.173816,15.772412],[74.154409,15.785774],[74.159461,15.821182],[74.146196,15.831411],[74.109466,15.821673],[74.10385,15.839618],[74.073931,15.833161],[74.064768,15.812724],[74.035268,15.801454],[74.035977,15.83519],[74.087202,15.866643],[74.094437,15.889864],[74.083296,15.929311],[74.049538,15.948936],[74.062842,15.982132],[74.091783,16.006443],[74.073493,16.023533],[74.060674,16.049868],[74.044893,16.029775],[73.999239,16.038785],[74.006473,16.076452],[73.996795,16.090953],[73.952127,16.098306],[73.863358,16.095626],[73.842834,16.090466],[73.846068,16.1225],[73.854828,16.142631],[73.902999,16.134564],[73.922817,16.173199],[73.943837,16.17359],[73.929197,16.220129],[73.90265,16.236254],[73.905366,16.249793],[73.879535,16.278023],[73.900932,16.304355],[73.904645,16.326258],[73.884426,16.325983],[73.863228,16.307269],[73.848099,16.319876],[73.837501,16.342072],[73.864451,16.368685],[73.838572,16.404703],[73.887556,16.448663],[73.884184,16.474925],[73.863018,16.473187],[73.839795,16.506688],[73.846033,16.525341],[73.819883,16.548373],[73.846984,16.573344],[73.841477,16.585429],[73.862494,16.608635],[73.849074,16.641105],[73.86401,16.668028],[73.859622,16.679598],[73.820686,16.704706],[73.837962,16.735954],[73.819123,16.764384],[73.79313,16.761099],[73.785419,16.774817],[73.76184,16.769344],[73.75437,16.783788],[73.759711,16.802991],[73.734873,16.821525],[73.765972,16.847785],[73.768688,16.86661],[73.747274,16.883891],[73.75445,16.906477],[73.788782,16.905859],[73.796536,16.927617],[73.76662,16.966386],[73.786603,16.992275],[73.832057,16.989396],[73.833426,17.023444],[73.821419,17.037285],[73.830957,17.057201],[73.803415,17.060304],[73.806066,17.083351],[73.778046,17.10759],[73.744861,17.129415],[73.726123,17.123929],[73.710912,17.1417],[73.692842,17.136312],[73.686753,17.157447],[73.715594,17.20605],[73.690754,17.239968],[73.694761,17.260844],[73.678478,17.294151],[73.687234,17.342534],[73.666392,17.391283],[73.690266,17.421685],[73.709494,17.432768],[73.707155,17.464542],[73.694402,17.486332],[73.721934,17.525846],[73.740728,17.532644],[73.745003,17.556213],[73.716877,17.571774],[73.727002,17.588667],[73.721918,17.616803],[73.691999,17.632613],[73.700892,17.657538],[73.687266,17.684864],[73.618936,17.710906],[73.590748,17.702015],[73.57085708200003,17.72423811300007],[73.600143,17.790666],[73.59675,17.817917],[73.58495,17.828645],[73.596005,17.845825],[73.576012,17.866058],[73.553271,17.907032],[73.578585,17.933399],[73.613301,17.948709],[73.639175,17.97063],[73.627861,17.985238],[73.656808,18.011774],[73.660067,18.030857],[73.630605,18.044408],[73.612103,18.061197],[73.602926,18.08018],[73.609055,18.097471],[73.594704,18.107773],[73.637846,18.145964],[73.667101,18.157705],[73.653447,18.172515],[73.632428,18.173827],[73.598249,18.189241],[73.586177,18.176879],[73.56759,18.187036],[73.531305,18.219838],[73.529228,18.246485],[73.516645,18.245228],[73.49439,18.274501],[73.477424,18.271799],[73.476433,18.299355],[73.41806,18.308483],[73.422352,18.328882],[73.441878,18.358211],[73.423773,18.372529],[73.420352,18.402751],[73.40048,18.40513],[73.393982,18.443628],[73.400862,18.475237],[73.347711,18.543414],[73.323467,18.556973],[73.335266,18.595034],[73.361907,18.635984],[73.389975,18.660695],[73.388318,18.688565],[73.35574,18.720713],[73.362589,18.769387],[73.382239,18.800234],[73.389385,18.852471],[73.402015,18.841913],[73.428687,18.865512],[73.438635,18.885918],[73.433056,18.911379],[73.458995,18.92964],[73.46116,18.964292],[73.481053,18.979278],[73.510301,18.964852],[73.534579,18.996931],[73.552749,19.00808],[73.524913,19.053483],[73.523957,19.084135],[73.516388,19.096953],[73.533966,19.144715],[73.538045,19.174172],[73.576333,19.191052],[73.60938,19.19248],[73.612621,19.209997],[73.637474,19.213496],[73.66339,19.239464],[73.694197,19.251058],[73.690903,19.267972],[73.668511,19.293169],[73.710185,19.324537],[73.748543,19.334114],[73.761201,19.328869],[73.79739,19.338923],[73.779849,19.385725],[73.752941,19.395986],[73.73316,19.411812],[73.731127,19.429891],[73.707252,19.42891],[73.68507,19.444352],[73.686254,19.466752],[73.706382,19.478638],[73.686795,19.513742],[73.66491,19.511104],[73.657286,19.535896],[73.622457,19.547736],[73.626246,19.573103],[73.60786,19.594103],[73.566024,19.621371],[73.559456,19.645577],[73.544388,19.65821],[73.529864,19.696405],[73.485696,19.724269],[73.502786,19.739558],[73.500938,19.758485],[73.451485,19.764329],[73.444985,19.775286],[73.442733,19.825361],[73.420545,19.834922],[73.4145,19.857396],[73.43758,19.872777],[73.421662,19.91551],[73.440008,19.933729],[73.440422,19.955047],[73.451713,19.981504],[73.424195,19.986767],[73.40723,20.017764],[73.391417,20.012669],[73.357463,20.03993],[73.34604,20.036122],[73.314667,20.048905],[73.309492,20.05964],[73.314425,20.090452],[73.29502,20.097528],[73.272066,20.095393],[73.268899,20.109543],[73.24979360500004,20.12204876900006],[73.21862793000008,20.13580322300004],[73.21142578100006,20.119812012000068],[73.21380615200007,20.090393066000047],[73.19061279300007,20.072631836000028],[73.18121337900004,20.04840087900004],[73.15863037100007,20.061828613000046],[73.15081787100007,20.07720947300004],[73.11138916000004,20.07379150400004],[73.10443115200007,20.088989258000026],[73.05639648400006,20.098205566000047],[73.05322265600006,20.063781738000046],[73.04022216800007,20.066589355000076],[73.01202392600004,20.10400390600006],[72.99322509800004,20.117004395000038],[72.97259521500007,20.114013672000056],[72.96099853500004,20.133422852000024],[72.97442627000004,20.157592773000033],[72.96221923800005,20.184020996000072],[72.96319593400005,20.208825770000033],[72.90002441400003,20.226989746000072],[72.87121582000003,20.22760009800004],[72.86181640600006,20.20678710900006],[72.83959960900006,20.20819091800007],[72.81781005900007,20.18280029300007],[72.81719970700004,20.155639648000033],[72.78918457000003,20.148437500000057],[72.79321289100005,20.129821777000075],[72.74810787900003,20.12984830700003],[72.730358,20.12852],[72.726904,20.111329],[72.701106,20.078395],[72.709034,20.052005],[72.702669,20.034001],[72.717769,20.006628],[72.719788,19.982848],[72.690848,19.964438],[72.660847,19.933812],[72.676981,19.892311],[72.677916,19.862939],[72.64751,19.85764],[72.656158,19.81621],[72.676451,19.810334],[72.687582,19.789531],[72.680007,19.750771],[72.683982,19.720624],[72.708428,19.70709],[72.700831,19.685722],[72.711133,19.645964],[72.72898,19.610821],[72.71213,19.597242],[72.709493,19.572165],[72.725751,19.536125],[72.722823,19.499852],[72.74493599600004,19.49493799800007],[72.741194,19.460968],[72.75579,19.416298],[72.759274,19.371669],[72.79555,19.32969],[72.807868,19.322918],[72.844198,19.34161],[72.869608,19.335134],[72.907563,19.29071],[72.900601,19.286311],[72.855273,19.318312],[72.808208,19.30137],[72.786386,19.304079],[72.784031,19.265737],[72.776202,19.226398],[72.796069,19.194536],[72.795491,19.1739],[72.782588,19.158491],[72.82262201400005,19.118396991000054],[72.828167,19.093546],[72.825081,19.055038],[72.839136,19.032245],[72.811737,19.000706],[72.814391,18.982145],[72.799805,18.956434],[72.843738,18.932699],[72.85543,18.99562],[72.879037,19.020662],[72.886364,19.011264],[72.881037,18.987608],[72.914017,18.966131],[72.904467,18.933623],[72.872115,18.915202],[72.857916,18.896721],[72.843414,18.862456],[72.920878,18.835668],[72.946092,18.83346],[72.993804,18.788702],[72.98879,18.780207],[72.956841,18.795668],[72.930638,18.801575],[72.915979,18.790634],[72.88312500200004,18.803704004000053],[72.865726,18.794742],[72.865306,18.721972],[72.856829,18.694774],[72.8658,18.650951],[72.884051,18.635699],[72.921929,18.555496],[72.895326,18.462715],[72.905927,18.440713],[72.908641,18.399615],[72.926136,18.387324],[72.912167,18.361536],[72.953339,18.334088],[72.969297,18.300837],[72.987626,18.287011],[73.016886,18.282777],[73.02128,18.268231],[73.043698,18.263964],[73.045305,18.249787],[73.000536,18.259348],[72.998819,18.244045],[72.97508,18.239154],[72.969803,18.273408],[72.937601,18.273756],[72.946653,18.220957],[72.976387,18.20003],[72.987088,18.148086],[72.971675,18.130583],[73.001842,18.068725],[72.990109,18.055259],[73.026129,18.050549],[73.080533,18.06676],[73.086836,18.049509],[73.071833,18.04025],[73.036196,18.032364],[73.005298,18.018241],[73.029381,17.973128],[73.029667,17.943879],[73.047009,17.93105],[73.050719,17.905178],[73.070534,17.886937],[73.089256,17.839982],[73.088574,17.814842],[73.101017,17.801547],[73.12203,17.753246],[73.134823,17.707466],[73.113694,17.688512],[73.137365,17.609894],[73.164037,17.577562],[73.140968,17.567253],[73.142556,17.544574],[73.17387399400008,17.516852981000056],[73.192822,17.465708],[73.1845,17.454731],[73.187974,17.413708],[73.167648,17.403599],[73.184416,17.383075],[73.205809,17.384066],[73.215733,17.369202],[73.225034,17.335023],[73.242348,17.314279],[73.223568,17.301252],[73.195392,17.295417],[73.205927,17.267392],[73.222594,17.264],[73.244721,17.214366],[73.243889,17.196491],[73.26007,17.168141],[73.271633,17.117199],[73.288346,17.071535],[73.275796,17.043076],[73.257026,17.046498],[73.258274,17.018486],[73.278592,17.018411],[73.296109,16.982107],[73.281749,16.896115],[73.287917,16.881157],[73.296158,16.814409],[73.317769,16.805246],[73.305461,16.765196],[73.306272,16.727594],[73.327329,16.685628],[73.338612,16.635498],[73.331763,16.607129],[73.317682,16.599728],[73.32459,16.581054],[73.340731,16.579277],[73.348517,16.563526],[73.327237,16.556228],[73.31384,16.539492],[73.365101,16.414943],[73.367437,16.376836],[73.390149,16.346596],[73.394157,16.314254],[73.404843,16.297174],[73.427838,16.203129],[73.43933600100007,16.193371995000064],[73.459329,16.11558],[73.469035,16.044751],[73.48441,16.032981],[73.489911,15.988573],[73.512397,15.935793],[73.540692,15.936023],[73.570851,15.91088],[73.588689,15.907682],[73.609991,15.870254],[73.629802,15.845838],[73.660818,15.771902],[73.663827,15.738675],[73.68939209000007,15.71923828100006],[73.71502685500008,15.64819335900006],[73.73663330100004,15.611389160000044],[73.73199462900004,15.598205566000047],[73.74200439500004,15.562194824000073],[73.75042724600007,15.558837891000053],[73.76800537100007,15.498596191000047],[73.78979492200006,15.463806152000075],[73.78320312500006,15.409606934000067],[73.80438232400007,15.393615723000039],[73.80938720700004,15.380004883000026],[73.80963134800004,15.380187988000046],[73.80938720700004,15.380004883000026]]]},"properties":{"OBJECTID":237,"object_id":36,"name":"KONKAN & GOA","state_code":"MAHARASHTRA","region_cod":"CENTRAL INDIA","subdivisio":"KONKAN & GOA","uorder":23},"id": 18},
{"type":"Feature","geometry":{"type":"Polygon","coordinates":[[[75.05181884800004,14.648437500000057],[75.03680419900007,14.674438477000024],[75.03302002000004,14.707031250000057],[75.04803466800007,14.743408203000058],[75.04101562500006,14.766418457000043],[75.07043457000003,14.782592773000033],[75.06939697300004,14.797424316000047],[75.09118652300003,14.81921386700003],[75.06878662100007,14.835998535000044],[75.07482910200008,14.854797363000046],[75.06823730500008,14.917602539000029],[75.10223388700007,14.925842285000044],[75.09539794900007,14.950195312000062],[75.07702636700003,14.972839355000076],[75.07000732400007,15.01483154300007],[75.07800293000008,15.036193848000039],[75.07183837900004,15.069396973000039],[75.05499267600004,15.08178710900006],[75.02362060500008,15.069396973000039],[74.96441650400004,15.068420410000044],[74.94061279300007,15.064636230000076],[74.94122314500004,15.050598145000038],[74.89178466800007,15.04382324200003],[74.87939453100006,15.072814941000047],[74.88763427700007,15.099609375000057],[74.86199951200007,15.101196289000029],[74.83642578100006,15.130187988000046],[74.83599853500004,15.147583008000026],[74.87823486300005,15.192626953000058],[74.87640380900007,15.215820312000062],[74.91119384800004,15.25],[74.89739990200007,15.300598145000038],[74.85461425800008,15.33978271500007],[74.83239746100008,15.33624267600004],[74.82000732400007,15.369384766000053],[74.79803466800007,15.376220703000058],[74.78320312500006,15.39343261700003],[74.75518798800005,15.410034180000025],[74.70898437500006,15.406982422000056],[74.69042968700006,15.397033691000047],[74.65020752000004,15.389038086000028],[74.63323974600007,15.366027832000043],[74.61480712900004,15.357421875000057],[74.56921386700003,15.401428223000039],[74.53619384800004,15.417785645000038],[74.51782226600005,15.401428223000039],[74.48162841800007,15.39501953100006],[74.47143554700006,15.408386230000076],[74.42718505900007,15.39819335900006],[74.42279052700007,15.462585449000073],[74.39538574200003,15.479797363000046],[74.37561035200008,15.479797363000046],[74.34320068400007,15.517028809000067],[74.27899169900007,15.52178955100004],[74.25183105500008,15.490417480000076],[74.27618408200004,15.448242187000062],[74.26959228500004,15.418212891000053],[74.28381347700008,15.38201904300007],[74.29962158200004,15.381042480000076],[74.32360839800003,15.36639404300007],[74.31781005900007,15.328186035000044],[74.33679199200003,15.294616699000073],[74.32720947300004,15.282836914000029],[74.29724121100008,15.287841797000056],[74.27239990200007,15.280212402000075],[74.26043701200007,15.23999023400006],[74.29241943400007,15.232788086000028],[74.30242919900007,15.223388672000056],[74.31799316400003,15.182617187000062],[74.29638671900005,15.150207520000038],[74.28442382800006,15.14178466800007],[74.28558349600007,15.11303710900006],[74.27343750000006,15.096618652000075],[74.28161621100008,15.067810059000067],[74.29724121100008,15.04022216800007],[74.25262451200007,14.992614746000072],[74.26519775400004,14.977600098000039],[74.25341796900005,14.95819091800007],[74.21838378900003,14.945007324000073],[74.20080566400003,14.925415039000029],[74.18023681600005,14.955993652000075],[74.16040039100005,14.95501709000007],[74.15521240200007,14.938415527000075],[74.16284179700006,14.911193848000039],[74.125,14.924438477000024],[74.08581543000008,14.898803711000028],[74.09661865200007,14.897216797000056],[74.11279296900005,14.845825195000032],[74.12561035200008,14.838623047000056],[74.12701416000004,14.815795898000033],[74.09600830100004,14.798400879000042],[74.12121582000003,14.782226562000062],[74.14318847700008,14.777587891000053],[74.16400146500007,14.751586914000029],[74.17803955100004,14.749633789000029],[74.19561767600004,14.729614258000026],[74.23999023400006,14.74603271500007],[74.26361084000007,14.718811035000044],[74.28338623000008,14.675598145000038],[74.28601074200003,14.645996094000054],[74.27520752000004,14.623413086000028],[74.29382324200003,14.595397949000073],[74.31579589800003,14.542236328000058],[74.31658935500008,14.524841309000067],[74.33142089800003,14.517211914000029],[74.35559082000003,14.52124023400006],[74.38439941400003,14.43798828100006],[74.39501953100006,14.415588379000042],[74.40563964800003,14.37420654300007],[74.41418457000003,14.315002441000047],[74.45458984400005,14.198791504000042],[74.46520996100008,14.199218750000057],[74.48419189500004,14.122619629000042],[74.48638916000004,14.093383789000029],[74.50122070300006,14.04541015600006],[74.50262451200007,14.020812988000046],[74.51483154300007,13.985839844000054],[74.54998779300007,13.947998047000056],[74.57000732400007,13.94580078100006],[74.59063720700004,13.908386230000076],[74.59600830100004,13.884582520000038],[74.60900878900003,13.864807129000042],[74.61981201200007,13.82342529300007],[74.64160156200006,13.717407227000024],[74.64562988300008,13.683593750000057],[74.66442871100008,13.650817871000072],[74.68322753900003,13.539794922000056],[74.68981933600008,13.462585449000073],[74.69683837900004,13.41400146500007],[74.69879150400004,13.341613770000038],[74.71081543000008,13.32983398400006],[74.71978759800004,13.285217285000044],[74.73260498000008,13.249389648000033],[74.75140380900007,13.177001953000058],[74.79418945300006,12.995422363000046],[74.81359863300008,12.895996094000054],[74.82519531200006,12.848022461000028],[74.84783935500008,12.79382324200003],[74.87042236300005,12.759399414000029],[74.88323974600007,12.752990723000039],[74.92840576200007,12.777587891000053],[74.95898437500006,12.783630371000072],[74.96740722700008,12.775390625000057],[75.00402832000003,12.790588379000042],[75.00561523400006,12.759826660000044],[74.98400878900003,12.74304199200003],[75.01202392600004,12.726806641000053],[75.05401611300005,12.71124267600004],[75.04339599600007,12.692199707000043],[75.04321289100005,12.670837402000075],[75.08721923800005,12.674011230000076],[75.08520507800006,12.69580078100006],[75.10583496100008,12.69720459000007],[75.11260986300005,12.67962646500007],[75.16180419900007,12.67181396500007],[75.14459228500004,12.640625],[75.15478515600006,12.622619629000042],[75.18298339800003,12.630432129000042],[75.19879150400004,12.61444091800007],[75.22119140600006,12.567016602000024],[75.23840332000003,12.567199707000043],[75.27642822300004,12.618591309000067],[75.29919433600008,12.606018066000047],[75.32641601600005,12.581420898000033],[75.29058837900004,12.582641602000024],[75.27301025400004,12.569030762000068],[75.27062988300008,12.548400879000042],[75.28100585900006,12.523010254000042],[75.30401611300005,12.52142334000007],[75.30499267600004,12.502197266000053],[75.33099365200007,12.49780273400006],[75.34619140600006,12.46179199200003],[75.37322998000008,12.476196289000029],[75.38281250000006,12.500793457000043],[75.41723632800006,12.498413086000028],[75.41741943400007,12.514404297000056],[75.44238281200006,12.52142334000007],[75.47338867200006,12.498229980000076],[75.46179199200003,12.475830078000058],[75.49078369100005,12.458984375000057],[75.49420166000004,12.482604980000076],[75.53540039100005,12.493591309000067],[75.55218505900007,12.492187500000057],[75.56420898400006,12.508789062000062],[75.59680175800008,12.527038574000073],[75.61523437500006,12.509033203000058],[75.64501953100006,12.538208008000026],[75.67163085900006,12.550231934000067],[75.66943359400005,12.570983887000068],[75.65399169900007,12.61962890600006],[75.64318847700008,12.625],[75.64599609400005,12.655395508000026],[75.66760253900003,12.696411133000026],[75.64483642600004,12.692810059000067],[75.65924072300004,12.741638184000067],[75.61541748000008,12.796020508000026],[75.61621093700006,12.832641602000024],[75.62219238300008,12.854187012000068],[75.60382080100004,12.874389648000033],[75.56500244100005,12.867431641000053],[75.56103515600006,12.877990723000039],[75.55603027300003,12.943237305000025],[75.52600097700008,12.965393066000047],[75.51818847700008,12.983398437000062],[75.53338623000008,13.002990723000039],[75.52062988300008,13.026184082000043],[75.52600097700008,13.049621582000043],[75.50518798800005,13.07702636700003],[75.43420410200008,13.119201660000044],[75.41479492200006,13.105834961000028],[75.40539550800008,13.15740966800007],[75.38323974600007,13.177612305000025],[75.35418701200007,13.18280029300007],[75.32904052700007,13.169799805000025],[75.31219482400007,13.13079834000007],[75.28179931600005,13.131591797000056],[75.26898193400007,13.124389648000033],[75.23461914100005,13.13720703100006],[75.20623779300007,13.176818848000039],[75.19018554700006,13.182189941000047],[75.16998291000004,13.203186035000044],[75.15423584000007,13.26202392600004],[75.13763427700007,13.288635254000042],[75.10620117200006,13.291381836000028],[75.08300781200006,13.334594727000024],[75.09063720700004,13.359985352000024],[75.11279296900005,13.35522460900006],[75.12860107400007,13.36499023400006],[75.12799072300004,13.384033203000058],[75.14739990200007,13.394592285000044],[75.14398193400007,13.406982422000056],[75.15582275400004,13.429199219000054],[75.15539550800008,13.45202636700003],[75.14160156200006,13.460205078000058],[75.11663818400007,13.455627441000047],[75.10479736300005,13.481384277000075],[75.07843017600004,13.495605469000054],[75.07763671900005,13.513183594000054],[75.04962158200004,13.536621094000054],[75.05041503900003,13.55303955100004],[75.03442382800006,13.572814941000047],[75.05981445300006,13.588439941000047],[75.05664062500006,13.609436035000044],[75.04022216800007,13.609191895000038],[75.01641845700004,13.633422852000024],[75.01300048800005,13.675415039000029],[75.02239990200007,13.696594238000046],[74.99200439500004,13.708984375000057],[74.99981689500004,13.736999512000068],[74.93859863300008,13.762817383000026],[74.91723632800006,13.82202148400006],[74.90783691400003,13.859191895000038],[74.85723877000004,13.876831055000025],[74.83178710900006,13.901794434000067],[74.77844238300008,13.91400146500007],[74.73480224600007,13.913024902000075],[74.72363281200006,13.90618896500007],[74.69598388700007,13.927429199000073],[74.69958496100008,13.949584961000028],[74.66619873000008,13.980041504000042],[74.67761230500008,14.033813477000024],[74.65600585900006,14.038024902000075],[74.66162109400005,14.057189941000047],[74.63818359400005,14.093627930000025],[74.64721679700006,14.113403320000032],[74.64379882800006,14.135009766000053],[74.62982177700007,14.143188477000024],[74.62603759800004,14.161437988000046],[74.65142822300004,14.169006348000039],[74.66619873000008,14.183410645000038],[74.69140625000006,14.16522216800007],[74.72961425800008,14.173828125000057],[74.71679687500006,14.232238770000038],[74.72979736300005,14.261840820000032],[74.76458740200007,14.23681640600006],[74.79260253900003,14.226196289000029],[74.83319091800007,14.22900390600006],[74.84942627000004,14.21600341800007],[74.89361572300004,14.216613770000038],[74.90478515600006,14.229614258000026],[74.92181396500007,14.227233887000068],[74.93859863300008,14.255004883000026],[74.92803955100004,14.275390625000057],[74.91082763700007,14.277221680000025],[74.90783691400003,14.29382324200003],[74.92138671900005,14.315002441000047],[74.97283935500008,14.315002441000047],[74.97460937500006,14.33679199200003],[74.94018554700006,14.357421875000057],[74.95019531200006,14.374633789000029],[74.94958496100008,14.398010254000042],[74.93438720700004,14.40283203100006],[74.91802978500004,14.430419922000056],[74.88159179700006,14.42822265600006],[74.87542724600007,14.446594238000046],[74.890625,14.460815430000025],[74.89019775400004,14.477783203000058],[74.90301513700007,14.514221191000047],[74.90179443400007,14.52819824200003],[74.92761230500008,14.528015137000068],[74.93658447300004,14.517639160000044],[74.95520019500003,14.550231934000067],[74.97760009800004,14.547607422000056],[74.97961425800008,14.515808105000076],[75.00299072300004,14.477783203000058],[75.01940918000008,14.495788574000073],[75.04162597700008,14.49920654300007],[75.03784179700006,14.528442383000026],[75.05578613300008,14.53881835900006],[75.02520752000004,14.559997559000067],[75.02758789100005,14.614624023000033],[75.05181884800004,14.648437500000057]]]},"properties":{"OBJECTID":239,"object_id":33,"name":"COASTAL KARNATAKA","state_code":"KARNATAKA","region_cod":"SOUTH PENINSULA","subdivisio":"COASTAL KARNATAKA","uorder":32},"id": 7},
{"type":"Feature","geometry":{"type":"Polygon","coordinates":[[[78.23223877000004,12.759399414000029],[78.24682617200006,12.786804199000073],[78.25360107400007,12.827819824000073],[78.25341796900005,12.859436035000044],[78.31359863300008,12.857238770000038],[78.32379150400004,12.89624023400006],[78.34100341800007,12.902038574000073],[78.36138916000004,12.935791016000053],[78.39099121100008,12.905395508000026],[78.42999267600004,12.900817871000072],[78.46539306600005,12.876586914000029],[78.46801757800006,12.90423584000007],[78.41241455100004,12.944030762000068],[78.43798828100006,12.960998535000044],[78.43762207000003,12.980041504000042],[78.46881103500004,12.97381591800007],[78.47601318400007,12.990234375000057],[78.46478271500007,13.00421142600004],[78.46343994100005,13.041992187000062],[78.47442627000004,13.041809082000043],[78.49938964800003,13.059997559000067],[78.51544189500004,13.060607910000044],[78.51159668000008,13.091430664000029],[78.53399658200004,13.108398437000062],[78.51983642600004,13.118591309000067],[78.55139160200008,13.163024902000075],[78.57861328100006,13.170593262000068],[78.56903076200007,13.200195312000062],[78.57159423800005,13.24639892600004],[78.58660888700007,13.260986328000058],[78.58862304700006,13.279418945000032],[78.57080078100006,13.307983398000033],[78.56298828100006,13.28741455100004],[78.54058837900004,13.286621094000054],[78.52801513700007,13.267211914000029],[78.51458740200007,13.289184570000032],[78.48059082000003,13.29998779300007],[78.46801757800006,13.314025879000042],[78.44543457000003,13.307006836000028],[78.44158935500008,13.327209473000039],[78.40240478500004,13.31420898400006],[78.38842773400006,13.330627441000047],[78.40960693400007,13.34460449200003],[78.37023925800008,13.372009277000075],[78.38299560500008,13.395812988000046],[78.37579345700004,13.460815430000025],[78.38360595700004,13.523986816000047],[78.40802002000004,13.575622559000067],[78.38641357400007,13.59100341800007],[78.35180664100005,13.585632324000073],[78.32720947300004,13.593627930000025],[78.26062011700003,13.583801270000038],[78.24499511700003,13.596435547000056],[78.21759033200004,13.590026855000076],[78.20422363300008,13.567626953000058],[78.19158935500008,13.588989258000026],[78.20483398400006,13.606994629000042],[78.20538330100004,13.627197266000053],[78.17639160200008,13.62939453100006],[78.17022705100004,13.65283203100006],[78.09100341800007,13.658020020000038],[78.06762695300006,13.675231934000067],[78.08142089800003,13.695434570000032],[78.11444091800007,13.691589355000076],[78.12200927700007,13.714416504000042],[78.10522460900006,13.735595703000058],[78.10119628900003,13.757385254000042],[78.11499023400006,13.76220703100006],[78.12780761700003,13.787231445000032],[78.11602783200004,13.810791016000053],[78.12658691400003,13.830993652000075],[78.11602783200004,13.86181640600006],[78.08398437500006,13.861022949000073],[78.08020019500003,13.880004883000026],[78.04998779300007,13.89501953100006],[78.04724121100008,13.860839844000054],[77.99322509800004,13.867614746000072],[77.97698974600007,13.828186035000044],[77.95739746100008,13.83001709000007],[77.95019531200006,13.86999511700003],[77.95343017600004,13.888793945000032],[77.98583984400005,13.89624023400006],[77.98138427700007,13.926391602000024],[77.98883056600005,13.954406738000046],[77.96862793000008,13.958984375000057],[77.96124267600004,13.93939209000007],[77.94738769500003,13.934204102000024],[77.92718505900007,13.90423584000007],[77.89660644500003,13.924438477000024],[77.89678955100004,13.940002441000047],[77.83898925800008,13.934997559000067],[77.81542968700006,13.929199219000054],[77.82122802700007,13.898620605000076],[77.83178710900006,13.896606445000032],[77.83819580100004,13.868591309000067],[77.81323242200006,13.847839355000076],[77.78338623000008,13.843017578000058],[77.79003906200006,13.82202148400006],[77.73339843700006,13.807006836000028],[77.72039794900007,13.798828125000057],[77.72338867200006,13.768005371000072],[77.68121337900004,13.761230469000054],[77.68121337900004,13.785583496000072],[77.65240478500004,13.783020020000038],[77.62219238300008,13.767395020000038],[77.64263916000004,13.740783691000047],[77.62561035200008,13.734191895000038],[77.61480712900004,13.750793457000043],[77.60040283200004,13.74920654300007],[77.58758544900007,13.732421875000057],[77.57281494100005,13.736999512000068],[77.56024169900007,13.721984863000046],[77.54241943400007,13.754821777000075],[77.52319335900006,13.743591309000067],[77.53741455100004,13.73022460900006],[77.52923584000007,13.691589355000076],[77.51440429700006,13.712219238000046],[77.48620605500008,13.713623047000056],[77.49322509800004,13.688598633000026],[77.45642089800003,13.681213379000042],[77.45123291000004,13.70983886700003],[77.46459960900006,13.721801758000026],[77.46881103500004,13.752014160000044],[77.45764160200008,13.78759765600006],[77.41821289100005,13.809387207000043],[77.43218994100005,13.83483886700003],[77.38061523400006,13.83959960900006],[77.36358642600004,13.853210449000073],[77.33801269500003,13.831604004000042],[77.31762695300006,13.86218261700003],[77.25781250000006,13.845397949000073],[77.24798584000007,13.866638184000067],[77.24938964800003,13.900024414000029],[77.23181152300003,13.902221680000025],[77.22119140600006,13.868591309000067],[77.20159912100007,13.861999512000068],[77.18261718700006,13.868591309000067],[77.19201660200008,13.910827637000068],[77.17102050800008,13.919433594000054],[77.16302490200007,13.905395508000026],[77.16979980500008,13.863403320000032],[77.14880371100008,13.867431641000053],[77.13323974600007,13.84460449200003],[77.15722656200006,13.843200684000067],[77.16662597700008,13.832031250000057],[77.16400146500007,13.797607422000056],[77.17999267600004,13.780395508000026],[77.17419433600008,13.760986328000058],[77.15222168000008,13.765014648000033],[77.13800048800005,13.757202148000033],[77.10302734400005,13.767028809000067],[77.08660888700007,13.761230469000054],[77.08581543000008,13.741210937000062],[77.06579589800003,13.742797852000024],[77.04443359400005,13.776611328000058],[77.02563476600005,13.77819824200003],[77.01763916000004,13.737426758000026],[76.99798584000007,13.74658203100006],[76.98638916000004,13.78900146500007],[76.99078369100005,13.811828613000046],[76.97918701200007,13.825805664000029],[76.99340820300006,13.847839355000076],[77.00762939500004,13.851013184000067],[77.01959228500004,13.87139892600004],[77.02423095700004,13.901428223000039],[77.04840087900004,13.905395508000026],[77.04278564500004,13.932189941000047],[77.01519775400004,13.953796387000068],[76.99481201200007,13.96142578100006],[77.00140380900007,13.987792969000054],[76.96643066400003,14.010437012000068],[76.95098877000004,14.014038086000028],[76.93621826200007,14.031799316000047],[76.93481445300006,14.052795410000044],[76.97283935500008,14.057006836000028],[76.97460937500006,14.082397461000028],[76.95458984400005,14.098022461000028],[76.94543457000003,14.11962890600006],[76.890625,14.134399414000029],[76.89562988300008,14.166809082000043],[76.94342041000004,14.172241211000028],[76.96179199200003,14.180603027000075],[77.00659179700006,14.18280029300007],[77.02703857400007,14.173400879000042],[77.02178955100004,14.157226562000062],[77.03259277300003,14.055419922000056],[77.06701660200008,14.051025391000053],[77.07641601600005,14.042419434000067],[77.13299560500008,14.042785645000038],[77.14221191400003,14.00280761700003],[77.17224121100008,14.010986328000058],[77.20623779300007,14.007202148000033],[77.24639892600004,14.010803223000039],[77.27099609400005,14.033203125000057],[77.29943847700008,14.02038574200003],[77.32379150400004,14.02178955100004],[77.34082031200006,13.99462890600006],[77.36218261700003,13.989624023000033],[77.35058593700006,13.957031250000057],[77.37243652300003,13.951599121000072],[77.35260009800004,13.923400879000042],[77.35559082000003,13.903015137000068],[77.39898681600005,13.905029297000056],[77.40661621100008,13.88842773400006],[77.43621826200007,13.91381835900006],[77.41699218700006,13.92303466800007],[77.41320800800008,13.944396973000039],[77.43182373000008,13.944030762000068],[77.43902587900004,13.973388672000056],[77.42700195300006,13.984985352000024],[77.39678955100004,13.982604980000076],[77.38079834000007,13.98858642600004],[77.38720703100006,14.014587402000075],[77.33343505900007,14.02960205100004],[77.34161377000004,14.059020996000072],[77.36163330100004,14.06140136700003],[77.38238525400004,14.096801758000026],[77.39880371100008,14.108398437000062],[77.39178466800007,14.125610352000024],[77.36279296900005,14.114196777000075],[77.35778808600008,14.129028320000032],[77.38018798800005,14.134826660000044],[77.39483642600004,14.173217773000033],[77.41741943400007,14.175231934000067],[77.48199462900004,14.163635254000042],[77.50463867200006,14.15600585900006],[77.51818847700008,14.184997559000067],[77.50579834000007,14.192810059000067],[77.49560546900005,14.223205566000047],[77.50500488300008,14.262634277000075],[77.48303222700008,14.290588379000042],[77.44921875000006,14.281433105000076],[77.44738769500003,14.316406250000057],[77.41339111300005,14.335388184000067],[77.39398193400007,14.33483886700003],[77.37799072300004,14.305236816000047],[77.38983154300007,14.26843261700003],[77.40661621100008,14.265625],[77.41082763700007,14.230834961000028],[77.41943359400005,14.208007812000062],[77.38879394500003,14.199035645000038],[77.38543701200007,14.219787598000039],[77.36059570300006,14.232788086000028],[77.36499023400006,14.27459716800007],[77.30639648400006,14.28240966800007],[77.29040527300003,14.280212402000075],[77.28961181600005,14.325988770000038],[77.28503418000008,14.33642578100006],[77.25878906200006,14.329406738000046],[77.24841308600008,14.316589355000076],[77.19860839800003,14.320007324000073],[77.16802978500004,14.34100341800007],[77.14099121100008,14.339233398000033],[77.13104248000008,14.304199219000054],[77.11663818400007,14.291015625000057],[77.11138916000004,14.267395020000038],[77.11938476600005,14.243408203000058],[77.11602783200004,14.221984863000046],[77.08239746100008,14.213012695000032],[77.06298828100006,14.228393555000025],[77.05883789100005,14.242797852000024],[77.03723144500003,14.245605469000054],[77.00683593700006,14.234619141000053],[76.98663330100004,14.246215820000032],[76.94079589800003,14.243835449000073],[76.92602539100005,14.272583008000026],[76.95782470700004,14.293212891000053],[76.94702148400006,14.310607910000044],[76.90441894500003,14.321594238000046],[76.88580322300004,14.346435547000056],[76.88598632800006,14.394592285000044],[76.89984130900007,14.39678955100004],[76.91699218700006,14.419616699000073],[76.93841552700007,14.405212402000075],[76.94879150400004,14.411193848000039],[76.94702148400006,14.451416016000053],[76.96099853500004,14.449584961000028],[76.97601318400007,14.484191895000038],[76.90179443400007,14.48822021500007],[76.86901855500008,14.473022461000028],[76.85699462900004,14.508239746000072],[76.83081054700006,14.529418945000032],[76.80718994100005,14.530395508000026],[76.79241943400007,14.554016113000046],[76.78381347700008,14.588989258000026],[76.76641845700004,14.601013184000067],[76.77362060500008,14.638000488000046],[76.77563476600005,14.674804687000062],[76.80401611300005,14.740783691000047],[76.79058837900004,14.759033203000058],[76.78381347700008,14.784790039000029],[76.83782959000007,14.789794922000056],[76.85260009800004,14.807617187000062],[76.84661865200007,14.833007812000062],[76.85479736300005,14.841613770000038],[76.85339355500008,14.88562011700003],[76.86499023400006,14.894592285000044],[76.87078857400007,14.936584473000039],[76.86859130900007,14.968811035000044],[76.84301757800006,14.965393066000047],[76.76818847700008,14.97381591800007],[76.79119873000008,15.019409180000025],[76.77441406200006,15.059997559000067],[76.78723144500003,15.08679199200003],[76.80139160200008,15.094787598000039],[76.83721923800005,15.078186035000044],[76.87042236300005,15.052001953000058],[76.87902832000003,15.034423828000058],[76.91943359400005,15.034423828000058],[76.95080566400003,15.029418945000032],[76.96704101600005,15.017028809000067],[77.00518798800005,15.032836914000029],[77.05059814500004,15.031982422000056],[77.04522705100004,15.008789062000062],[77.08361816400003,15.005004883000026],[77.08581543000008,15.02960205100004],[77.11401367200006,15.033020020000038],[77.12841796900005,15.067993164000029],[77.13122558600008,15.099792480000076],[77.15740966800007,15.121826172000056],[77.16741943400007,15.187194824000073],[77.14880371100008,15.222839355000076],[77.12622070300006,15.226013184000067],[77.15399169900007,15.273010254000042],[77.15258789100005,15.291015625000057],[77.11938476600005,15.294433594000054],[77.11822509800004,15.324584961000028],[77.10260009800004,15.332641602000024],[77.07562255900007,15.324829102000024],[77.04583740200007,15.354614258000026],[77.04840087900004,15.389038086000028],[77.03039550800008,15.403442383000026],[77.03320312500006,15.434631348000039],[77.01184082000003,15.447814941000047],[76.99841308600008,15.476989746000072],[76.97821044900007,15.488830566000047],[76.97558593700006,15.509399414000029],[77.03002929700006,15.499389648000033],[77.03240966800007,15.543029785000044],[77.02740478500004,15.576599121000072],[77.03399658200004,15.604187012000068],[77.03179931600005,15.633605957000043],[77.06903076200007,15.644226074000073],[77.08239746100008,15.65600585900006],[77.12261962900004,15.630187988000046],[77.13000488300008,15.664794922000056],[77.11041259800004,15.680419922000056],[77.07983398400006,15.69421386700003],[77.08843994100005,15.713989258000026],[77.08099365200007,15.726440430000025],[77.05023193400007,15.729187012000068],[77.06481933600008,15.802185059000067],[77.06439209000007,15.82861328100006],[77.03698730500008,15.82861328100006],[77.02642822300004,15.836608887000068],[76.96820068400007,15.77319335900006],[76.94519043000008,15.762390137000068],[76.92041015600006,15.718017578000058],[76.91802978500004,15.698608398000033],[76.89202880900007,15.684997559000067],[76.83538818400007,15.626831055000025],[76.83319091800007,15.559814453000058],[76.81158447300004,15.546203613000046],[76.81103515600006,15.511230469000054],[76.77960205100004,15.49139404300007],[76.72760009800004,15.491638184000067],[76.68640136700003,15.471984863000046],[76.67199707000003,15.451416016000053],[76.64501953100006,15.443786621000072],[76.61578369100005,15.442626953000058],[76.59338378900003,15.411987305000025],[76.55603027300003,15.395629883000026],[76.55059814500004,15.38702392600004],[76.49438476600005,15.343994141000053],[76.48120117200006,15.348205566000047],[76.43560791000004,15.338623047000056],[76.40423584000007,15.324584961000028],[76.36682128900003,15.328186035000044],[76.35180664100005,15.309387207000043],[76.33343505900007,15.261413574000073],[76.30163574200003,15.252014160000044],[76.29241943400007,15.221984863000046],[76.25,15.189819336000028],[76.23059082000003,15.18743896500007],[76.21881103500004,15.200622559000067],[76.22863769500003,15.23162841800007],[76.18243408200004,15.23162841800007],[76.16082763700007,15.213989258000026],[76.15380859400005,15.194396973000039],[76.12603759800004,15.202392578000058],[76.11279296900005,15.197631836000028],[76.10443115200007,15.167419434000067],[76.05780029300007,15.15600585900006],[76.02819824200003,15.14178466800007],[75.97943115200007,15.151794434000067],[75.94824218700006,15.136413574000073],[75.92523193400007,15.140197754000042],[75.90258789100005,15.129028320000032],[75.88659668000008,15.101806641000053],[75.90979003900003,15.075805664000029],[75.90441894500003,15.055603027000075],[75.88458252000004,15.051391602000024],[75.87603759800004,15.035034180000025],[75.85119628900003,15.043029785000044],[75.83001709000007,15.026428223000039],[75.81439209000007,15.026184082000043],[75.78918457000003,15.005187988000046],[75.78063964800003,14.976806641000053],[75.76159668000008,14.967407227000024],[75.74438476600005,14.945190430000025],[75.72119140600006,14.950195312000062],[75.68798828100006,14.942810059000067],[75.68420410200008,14.926391602000024],[75.69720459000007,14.890991211000028],[75.72839355500008,14.89642334000007],[75.73364257800006,14.862609863000046],[75.71343994100005,14.851623535000044],[75.69000244100005,14.854431152000075],[75.66479492200006,14.806030273000033],[75.69281005900007,14.78118896500007],[75.72381591800007,14.76843261700003],[75.72259521500007,14.75244140600006],[75.70440673800005,14.732421875000057],[75.72100830100004,14.71923828100006],[75.75781250000006,14.737792969000054],[75.76519775400004,14.722229004000042],[75.74200439500004,14.699401855000076],[75.74023437500006,14.684387207000043],[75.76458740200007,14.674194336000028],[75.79638671900005,14.682006836000028],[75.81182861300005,14.653015137000068],[75.80541992200006,14.59741210900006],[75.82122802700007,14.567993164000029],[75.80059814500004,14.54022216800007],[75.80059814500004,14.510803223000039],[75.77258300800008,14.517395020000038],[75.75842285200008,14.51342773400006],[75.72619628900003,14.478393555000025],[75.70898437500006,14.473999023000033],[75.69158935500008,14.491027832000043],[75.66461181600005,14.452392578000058],[75.63781738300008,14.46459960900006],[75.63140869100005,14.443786621000072],[75.64379882800006,14.430236816000047],[75.62463378900003,14.337585449000073],[75.63439941400003,14.314025879000042],[75.61322021500007,14.31439209000007],[75.60461425800008,14.292236328000058],[75.58343505900007,14.277221680000025],[75.53662109400005,14.276428223000039],[75.53503418000008,14.288391113000046],[75.50360107400007,14.306640625000057],[75.50183105500008,14.342224121000072],[75.48040771500007,14.330993652000075],[75.45520019500003,14.327392578000058],[75.43023681600005,14.348022461000028],[75.41162109400005,14.351196289000029],[75.39862060500008,14.36499023400006],[75.36938476600005,14.372192383000026],[75.34942627000004,14.386840820000032],[75.35638427700007,14.403991699000073],[75.37799072300004,14.406799316000047],[75.38299560500008,14.432434082000043],[75.34820556600005,14.456420898000033],[75.34698486300005,14.483642578000058],[75.33038330100004,14.493408203000058],[75.32080078100006,14.51220703100006],[75.27520752000004,14.509826660000044],[75.26922607400007,14.526794434000067],[75.29681396500007,14.536987305000025],[75.28619384800004,14.559631348000039],[75.26641845700004,14.578796387000068],[75.24462890600006,14.57702636700003],[75.24304199200003,14.555419922000056],[75.18499755900007,14.58483886700003],[75.20599365200007,14.596435547000056],[75.21124267600004,14.618835449000073],[75.18280029300007,14.623596191000047],[75.15899658200004,14.617187500000057],[75.14343261700003,14.632812500000057],[75.12518310500008,14.630004883000026],[75.10021972700008,14.651794434000067],[75.07379150400004,14.653991699000073],[75.05181884800004,14.648437500000057],[75.02758789100005,14.614624023000033],[75.02520752000004,14.559997559000067],[75.05578613300008,14.53881835900006],[75.03784179700006,14.528442383000026],[75.04162597700008,14.49920654300007],[75.01940918000008,14.495788574000073],[75.00299072300004,14.477783203000058],[74.97961425800008,14.515808105000076],[74.97760009800004,14.547607422000056],[74.95520019500003,14.550231934000067],[74.93658447300004,14.517639160000044],[74.92761230500008,14.528015137000068],[74.90179443400007,14.52819824200003],[74.90301513700007,14.514221191000047],[74.89019775400004,14.477783203000058],[74.890625,14.460815430000025],[74.87542724600007,14.446594238000046],[74.88159179700006,14.42822265600006],[74.91802978500004,14.430419922000056],[74.93438720700004,14.40283203100006],[74.94958496100008,14.398010254000042],[74.95019531200006,14.374633789000029],[74.94018554700006,14.357421875000057],[74.97460937500006,14.33679199200003],[74.97283935500008,14.315002441000047],[74.92138671900005,14.315002441000047],[74.90783691400003,14.29382324200003],[74.91082763700007,14.277221680000025],[74.92803955100004,14.275390625000057],[74.93859863300008,14.255004883000026],[74.92181396500007,14.227233887000068],[74.90478515600006,14.229614258000026],[74.89361572300004,14.216613770000038],[74.84942627000004,14.21600341800007],[74.83319091800007,14.22900390600006],[74.79260253900003,14.226196289000029],[74.76458740200007,14.23681640600006],[74.72979736300005,14.261840820000032],[74.71679687500006,14.232238770000038],[74.72961425800008,14.173828125000057],[74.69140625000006,14.16522216800007],[74.66619873000008,14.183410645000038],[74.65142822300004,14.169006348000039],[74.62603759800004,14.161437988000046],[74.62982177700007,14.143188477000024],[74.64379882800006,14.135009766000053],[74.64721679700006,14.113403320000032],[74.63818359400005,14.093627930000025],[74.66162109400005,14.057189941000047],[74.65600585900006,14.038024902000075],[74.67761230500008,14.033813477000024],[74.66619873000008,13.980041504000042],[74.69958496100008,13.949584961000028],[74.69598388700007,13.927429199000073],[74.72363281200006,13.90618896500007],[74.73480224600007,13.913024902000075],[74.77844238300008,13.91400146500007],[74.83178710900006,13.901794434000067],[74.85723877000004,13.876831055000025],[74.90783691400003,13.859191895000038],[74.91723632800006,13.82202148400006],[74.93859863300008,13.762817383000026],[74.99981689500004,13.736999512000068],[74.99200439500004,13.708984375000057],[75.02239990200007,13.696594238000046],[75.01300048800005,13.675415039000029],[75.01641845700004,13.633422852000024],[75.04022216800007,13.609191895000038],[75.05664062500006,13.609436035000044],[75.05981445300006,13.588439941000047],[75.03442382800006,13.572814941000047],[75.05041503900003,13.55303955100004],[75.04962158200004,13.536621094000054],[75.07763671900005,13.513183594000054],[75.07843017600004,13.495605469000054],[75.10479736300005,13.481384277000075],[75.11663818400007,13.455627441000047],[75.14160156200006,13.460205078000058],[75.15539550800008,13.45202636700003],[75.15582275400004,13.429199219000054],[75.14398193400007,13.406982422000056],[75.14739990200007,13.394592285000044],[75.12799072300004,13.384033203000058],[75.12860107400007,13.36499023400006],[75.11279296900005,13.35522460900006],[75.09063720700004,13.359985352000024],[75.08300781200006,13.334594727000024],[75.10620117200006,13.291381836000028],[75.13763427700007,13.288635254000042],[75.15423584000007,13.26202392600004],[75.16998291000004,13.203186035000044],[75.19018554700006,13.182189941000047],[75.20623779300007,13.176818848000039],[75.23461914100005,13.13720703100006],[75.26898193400007,13.124389648000033],[75.28179931600005,13.131591797000056],[75.31219482400007,13.13079834000007],[75.32904052700007,13.169799805000025],[75.35418701200007,13.18280029300007],[75.38323974600007,13.177612305000025],[75.40539550800008,13.15740966800007],[75.41479492200006,13.105834961000028],[75.43420410200008,13.119201660000044],[75.50518798800005,13.07702636700003],[75.52600097700008,13.049621582000043],[75.52062988300008,13.026184082000043],[75.53338623000008,13.002990723000039],[75.51818847700008,12.983398437000062],[75.52600097700008,12.965393066000047],[75.55603027300003,12.943237305000025],[75.56103515600006,12.877990723000039],[75.56500244100005,12.867431641000053],[75.60382080100004,12.874389648000033],[75.62219238300008,12.854187012000068],[75.61621093700006,12.832641602000024],[75.61541748000008,12.796020508000026],[75.65924072300004,12.741638184000067],[75.64483642600004,12.692810059000067],[75.66760253900003,12.696411133000026],[75.64599609400005,12.655395508000026],[75.64318847700008,12.625],[75.65399169900007,12.61962890600006],[75.66943359400005,12.570983887000068],[75.67163085900006,12.550231934000067],[75.64501953100006,12.538208008000026],[75.61523437500006,12.509033203000058],[75.59680175800008,12.527038574000073],[75.56420898400006,12.508789062000062],[75.55218505900007,12.492187500000057],[75.53540039100005,12.493591309000067],[75.49420166000004,12.482604980000076],[75.49078369100005,12.458984375000057],[75.46179199200003,12.475830078000058],[75.47338867200006,12.498229980000076],[75.44238281200006,12.52142334000007],[75.41741943400007,12.514404297000056],[75.41723632800006,12.498413086000028],[75.42419433600008,12.465637207000043],[75.40521240200007,12.453796387000068],[75.37402343700006,12.458007812000062],[75.36682128900003,12.410583496000072],[75.38000488300008,12.391601562000062],[75.42260742200006,12.372009277000075],[75.41119384800004,12.34600830100004],[75.43359375000006,12.292236328000058],[75.48583984400005,12.28881835900006],[75.51239013700007,12.259033203000058],[75.54180908200004,12.199218750000057],[75.57800293000008,12.155639648000033],[75.62182617200006,12.153991699000073],[75.64398193400007,12.136596680000025],[75.65020752000004,12.106994629000042],[75.66821289100005,12.095214844000054],[75.68859863300008,12.109191895000038],[75.70422363300008,12.106994629000042],[75.71520996100008,12.088439941000047],[75.71563720700004,12.06921386700003],[75.75323486300005,12.083984375000057],[75.80358886700003,12.078186035000044],[75.79882812500006,12.050231934000067],[75.81103515600006,12.021606445000032],[75.82220459000007,12.013793945000032],[75.83099365200007,11.982788086000028],[75.84783935500008,11.980834961000028],[75.85943603500004,11.957641602000024],[75.89782714800003,11.943420410000044],[75.95739746100008,11.94061279300007],[76.00421142600004,11.930236816000047],[76.03338623000008,11.938598633000026],[76.07098388700007,11.965820312000062],[76.09564209000007,11.967590332000043],[76.11340332000003,11.977600098000039],[76.11578369100005,11.865417480000076],[76.12103271500007,11.848999023000033],[76.14703369100005,11.865783691000047],[76.18762207000003,11.870788574000073],[76.20843505900007,11.860412598000039],[76.21081543000008,11.826232910000044],[76.22460937500006,11.807006836000028],[76.25,11.802185059000067],[76.28118896500007,11.811218262000068],[76.28979492200006,11.793395996000072],[76.30859375000006,11.783630371000072],[76.32061767600004,11.74920654300007],[76.34063720700004,11.737792969000054],[76.36383056600005,11.747192383000026],[76.37799072300004,11.743408203000058],[76.41198730500008,11.756835937000062],[76.42840576200007,11.725402832000043],[76.40441894500003,11.708984375000057],[76.41778564500004,11.670593262000068],[76.43243408200004,11.66522216800007],[76.45898437500006,11.663208008000026],[76.48999023400006,11.690185547000056],[76.51263427700007,11.703796387000068],[76.53979492200006,11.688232422000056],[76.55139160200008,11.67303466800007],[76.55419921900005,11.647033691000047],[76.57739257800006,11.61358642600004],[76.59179687500006,11.617614746000072],[76.61541748000008,11.606994629000042],[76.63000488300008,11.612426758000026],[76.67242431600005,11.614624023000033],[76.76580810500008,11.612792969000054],[76.82379150400004,11.606811523000033],[76.84082031200006,11.59564209000007],[76.85919189500004,11.612792969000054],[76.83483886700003,11.647827148000033],[76.85101318400007,11.685424805000025],[76.87261962900004,11.72064209000007],[76.88940429700006,11.732421875000057],[76.89758300800008,11.775207520000038],[76.90899658200004,11.794006348000039],[76.94183349600007,11.787231445000032],[76.95703125000006,11.790039062000062],[76.97100830100004,11.775634766000053],[76.99462890600006,11.807983398000033],[77.01403808600008,11.813415527000075],[77.03979492200006,11.792602539000029],[77.06402587900004,11.789184570000032],[77.05743408200004,11.768615723000039],[77.08380127000004,11.73858642600004],[77.10601806600005,11.73162841800007],[77.11279296900005,11.741821289000029],[77.11181640600006,11.772216797000056],[77.13922119100005,11.77142334000007],[77.14819335900006,11.780639648000033],[77.19018554700006,11.791198730000076],[77.23962402300003,11.793395996000072],[77.25158691400003,11.811584473000039],[77.28900146500007,11.799194336000028],[77.29479980500008,11.80780029300007],[77.33624267600004,11.77001953100006],[77.37023925800008,11.785400391000053],[77.39044189500004,11.787231445000032],[77.42919921900005,11.765808105000076],[77.45098877000004,11.794799805000025],[77.46740722700008,11.84881591800007],[77.46502685500008,11.892822266000053],[77.47839355500008,11.889221191000047],[77.49078369100005,11.905395508000026],[77.49780273400006,11.942382812000062],[77.53918457000003,11.931213379000042],[77.56219482400007,11.940795898000033],[77.60540771500007,11.936584473000039],[77.62384033200004,11.94561767600004],[77.67022705100004,11.947814941000047],[77.69738769500003,12.014587402000075],[77.72918701200007,12.06140136700003],[77.75683593700006,12.07843017600004],[77.77740478500004,12.116027832000043],[77.75439453100006,12.132812500000057],[77.73321533200004,12.178405762000068],[77.69982910200008,12.183837891000053],[77.65863037100007,12.198242187000062],[77.64080810500008,12.195190430000025],[77.61401367200006,12.204406738000046],[77.56719970700004,12.195190430000025],[77.54742431600005,12.20343017600004],[77.51959228500004,12.193237305000025],[77.49383544900007,12.195983887000068],[77.47381591800007,12.209594727000024],[77.48382568400007,12.228210449000073],[77.47222900400004,12.242187500000057],[77.48858642600004,12.27923584000007],[77.52819824200003,12.277404785000044],[77.56701660200008,12.304809570000032],[77.57958984400005,12.334411621000072],[77.60198974600007,12.357238770000038],[77.61560058600008,12.361206055000025],[77.62182617200006,12.381835937000062],[77.62841796900005,12.457214355000076],[77.63598632800006,12.485595703000058],[77.60980224600007,12.474792480000076],[77.58502197300004,12.47741699200003],[77.61419677700007,12.51202392600004],[77.58843994100005,12.51361084000007],[77.58758544900007,12.544433594000054],[77.58038330100004,12.571838379000042],[77.59240722700008,12.590637207000043],[77.59222412100007,12.614013672000056],[77.60723877000004,12.626831055000025],[77.59722900400004,12.648986816000047],[77.60003662100007,12.666015625000057],[77.66101074200003,12.682617187000062],[77.67761230500008,12.67822265600006],[77.67980957000003,12.659240723000039],[77.70239257800006,12.659423828000058],[77.74041748000008,12.671203613000046],[77.74060058600008,12.698608398000033],[77.76202392600004,12.69580078100006],[77.79559326200007,12.756408691000047],[77.78002929700006,12.76678466800007],[77.80462646500007,12.80358886700003],[77.80902099600007,12.846435547000056],[77.83721923800005,12.869201660000044],[77.89160156200006,12.868408203000058],[77.93060302700007,12.889587402000075],[77.94281005900007,12.87139892600004],[77.92401123000008,12.854431152000075],[77.91839599600007,12.838012695000032],[77.94140625000006,12.821838379000042],[77.95379638700007,12.848999023000033],[77.96520996100008,12.83178710900006],[78.01660156200006,12.812622070000032],[78.03179931600005,12.851196289000029],[78.07781982400007,12.838439941000047],[78.09143066400003,12.816223145000038],[78.12622070300006,12.796997070000032],[78.13562011700003,12.780639648000033],[78.16918945300006,12.768798828000058],[78.17883300800008,12.77459716800007],[78.23223877000004,12.759399414000029]]]},"properties":{"OBJECTID":241,"object_id":18,"name":"S. I. KARNATAKA","state_code":"KARNATAKA","region_cod":"SOUTH PENINSULA","subdivisio":"S. I. KARNATAKA","uorder":34},"id": 28},
{"type":"Feature","geometry":{"type":"Polygon","coordinates":[[[78.92158814400005,16.122854106000034],[78.92153285500007,16.103235617000053],[78.88921031100006,16.08509541500007],[78.87689150900007,16.134203263000074],[78.86918686700005,16.146387897000068],[78.84718783600005,16.14908587000002],[78.83345828800003,16.135128403000067],[78.84236985900003,16.090113106000047],[78.83654879500006,16.07093343100007],[78.81918188500003,16.049262878000036],[78.78267226200006,16.02111192900003],[78.73472274800008,16.010646232000056],[78.72323827000008,16.021069160000025],[78.68178166400008,16.034541025000067],[78.65041987400008,16.079089279000073],[78.62029522200004,16.08834471800003],[78.60225816100007,16.084571770000025],[78.58775475700008,16.064231722000045],[78.55953136800008,16.045135518000052],[78.46017557000005,16.073497497000062],[78.40713933900008,16.076021920000073],[78.36596123300006,16.047620429000062],[78.33020034300006,16.04117009600003],[78.32302345200003,16.020896454000024],[78.30116874600003,16.012443561000055],[78.27686726900004,16.025965928000062],[78.25555212200004,16.016555141000026],[78.25916231100007,15.993312916000036],[78.25117134900006,15.973436579000065],[78.25322929900005,15.940936878000059],[78.22740209900007,15.923629169000037],[78.18845422700008,15.913481023000031],[78.19004591500004,15.89387765500004],[78.17683368000007,15.877864377000037],[78.17554270200003,15.859582910000029],[78.14053105400006,15.855281293000075],[78.13496390200004,15.840397336000024],[78.09898338700003,15.837311329000045],[78.07173853700004,15.851695605000032],[78.07188841700008,15.863166291000027],[78.04715280800008,15.876211557000033],[78.04559058500007,15.905538641000078],[78.02577460500004,15.903753877000042],[78.00898308600006,15.86608248400006],[77.97441667400005,15.884404378000056],[77.93339118600005,15.885410831000058],[77.89059103100004,15.906474984000056],[77.88026209200007,15.906680989000051],[77.85787369200006,15.884591412000077],[77.83818016400005,15.885940901000026],[77.80533797700008,15.875578673000064],[77.76845183200004,15.886962896000057],[77.74836390800004,15.886301980000042],[77.71431440800006,15.895804074000068],[77.69380035900008,15.884458890000076],[77.65592369400008,15.887779479000073],[77.61320223700005,15.918427787000041],[77.54691893600005,15.920574896000062],[77.51499948200006,15.927449395000053],[77.46942138700007,15.932983398000033],[77.43280029300007,15.947814941000047],[77.38262939500004,15.938781738000046],[77.36242675800008,15.94842529300007],[77.32598877000004,15.949035645000038],[77.30218505900007,15.957031250000057],[77.28582763700007,15.952819824000073],[77.24902343700006,15.963623047000056],[77.24023437500006,15.957214355000076],[77.18640136700003,15.955810547000056],[77.15618896500007,15.949035645000038],[77.13842773400006,15.937194824000073],[77.10382080100004,15.927795410000044],[77.07141113300008,15.906799316000047],[77.05523681600005,15.878417969000054],[77.03662109400005,15.859985352000024],[77.02642822300004,15.836608887000068],[77.03698730500008,15.82861328100006],[77.06439209000007,15.82861328100006],[77.06481933600008,15.802185059000067],[77.05023193400007,15.729187012000068],[77.08099365200007,15.726440430000025],[77.08843994100005,15.713989258000026],[77.07983398400006,15.69421386700003],[77.11041259800004,15.680419922000056],[77.13000488300008,15.664794922000056],[77.12261962900004,15.630187988000046],[77.08239746100008,15.65600585900006],[77.06903076200007,15.644226074000073],[77.03179931600005,15.633605957000043],[77.03399658200004,15.604187012000068],[77.02740478500004,15.576599121000072],[77.03240966800007,15.543029785000044],[77.03002929700006,15.499389648000033],[76.97558593700006,15.509399414000029],[76.97821044900007,15.488830566000047],[76.99841308600008,15.476989746000072],[77.01184082000003,15.447814941000047],[77.03320312500006,15.434631348000039],[77.03039550800008,15.403442383000026],[77.04840087900004,15.389038086000028],[77.04583740200007,15.354614258000026],[77.07562255900007,15.324829102000024],[77.10260009800004,15.332641602000024],[77.11822509800004,15.324584961000028],[77.11938476600005,15.294433594000054],[77.15258789100005,15.291015625000057],[77.15399169900007,15.273010254000042],[77.12622070300006,15.226013184000067],[77.14880371100008,15.222839355000076],[77.16741943400007,15.187194824000073],[77.15740966800007,15.121826172000056],[77.13122558600008,15.099792480000076],[77.12841796900005,15.067993164000029],[77.11401367200006,15.033020020000038],[77.08581543000008,15.02960205100004],[77.08361816400003,15.005004883000026],[77.04522705100004,15.008789062000062],[77.05059814500004,15.031982422000056],[77.00518798800005,15.032836914000029],[76.96704101600005,15.017028809000067],[76.95080566400003,15.029418945000032],[76.91943359400005,15.034423828000058],[76.87902832000003,15.034423828000058],[76.87042236300005,15.052001953000058],[76.83721923800005,15.078186035000044],[76.80139160200008,15.094787598000039],[76.78723144500003,15.08679199200003],[76.77441406200006,15.059997559000067],[76.79119873000008,15.019409180000025],[76.76818847700008,14.97381591800007],[76.84301757800006,14.965393066000047],[76.86859130900007,14.968811035000044],[76.87078857400007,14.936584473000039],[76.86499023400006,14.894592285000044],[76.85339355500008,14.88562011700003],[76.85479736300005,14.841613770000038],[76.84661865200007,14.833007812000062],[76.85260009800004,14.807617187000062],[76.83782959000007,14.789794922000056],[76.78381347700008,14.784790039000029],[76.79058837900004,14.759033203000058],[76.80401611300005,14.740783691000047],[76.77563476600005,14.674804687000062],[76.77362060500008,14.638000488000046],[76.76641845700004,14.601013184000067],[76.78381347700008,14.588989258000026],[76.79241943400007,14.554016113000046],[76.80718994100005,14.530395508000026],[76.83081054700006,14.529418945000032],[76.85699462900004,14.508239746000072],[76.86901855500008,14.473022461000028],[76.90179443400007,14.48822021500007],[76.97601318400007,14.484191895000038],[76.96099853500004,14.449584961000028],[76.94702148400006,14.451416016000053],[76.94879150400004,14.411193848000039],[76.93841552700007,14.405212402000075],[76.91699218700006,14.419616699000073],[76.89984130900007,14.39678955100004],[76.88598632800006,14.394592285000044],[76.88580322300004,14.346435547000056],[76.90441894500003,14.321594238000046],[76.94702148400006,14.310607910000044],[76.95782470700004,14.293212891000053],[76.92602539100005,14.272583008000026],[76.94079589800003,14.243835449000073],[76.98663330100004,14.246215820000032],[77.00683593700006,14.234619141000053],[77.03723144500003,14.245605469000054],[77.05883789100005,14.242797852000024],[77.06298828100006,14.228393555000025],[77.08239746100008,14.213012695000032],[77.11602783200004,14.221984863000046],[77.11938476600005,14.243408203000058],[77.11138916000004,14.267395020000038],[77.11663818400007,14.291015625000057],[77.13104248000008,14.304199219000054],[77.14099121100008,14.339233398000033],[77.16802978500004,14.34100341800007],[77.19860839800003,14.320007324000073],[77.24841308600008,14.316589355000076],[77.25878906200006,14.329406738000046],[77.28503418000008,14.33642578100006],[77.28961181600005,14.325988770000038],[77.29040527300003,14.280212402000075],[77.30639648400006,14.28240966800007],[77.36499023400006,14.27459716800007],[77.36059570300006,14.232788086000028],[77.38543701200007,14.219787598000039],[77.38879394500003,14.199035645000038],[77.41943359400005,14.208007812000062],[77.41082763700007,14.230834961000028],[77.40661621100008,14.265625],[77.38983154300007,14.26843261700003],[77.37799072300004,14.305236816000047],[77.39398193400007,14.33483886700003],[77.41339111300005,14.335388184000067],[77.44738769500003,14.316406250000057],[77.44921875000006,14.281433105000076],[77.48303222700008,14.290588379000042],[77.50500488300008,14.262634277000075],[77.49560546900005,14.223205566000047],[77.50579834000007,14.192810059000067],[77.51818847700008,14.184997559000067],[77.50463867200006,14.15600585900006],[77.48199462900004,14.163635254000042],[77.41741943400007,14.175231934000067],[77.39483642600004,14.173217773000033],[77.38018798800005,14.134826660000044],[77.35778808600008,14.129028320000032],[77.36279296900005,14.114196777000075],[77.39178466800007,14.125610352000024],[77.39880371100008,14.108398437000062],[77.38238525400004,14.096801758000026],[77.36163330100004,14.06140136700003],[77.34161377000004,14.059020996000072],[77.33343505900007,14.02960205100004],[77.38720703100006,14.014587402000075],[77.38079834000007,13.98858642600004],[77.39678955100004,13.982604980000076],[77.42700195300006,13.984985352000024],[77.43902587900004,13.973388672000056],[77.43182373000008,13.944030762000068],[77.41320800800008,13.944396973000039],[77.41699218700006,13.92303466800007],[77.43621826200007,13.91381835900006],[77.40661621100008,13.88842773400006],[77.39898681600005,13.905029297000056],[77.35559082000003,13.903015137000068],[77.35260009800004,13.923400879000042],[77.37243652300003,13.951599121000072],[77.35058593700006,13.957031250000057],[77.36218261700003,13.989624023000033],[77.34082031200006,13.99462890600006],[77.32379150400004,14.02178955100004],[77.29943847700008,14.02038574200003],[77.27099609400005,14.033203125000057],[77.24639892600004,14.010803223000039],[77.20623779300007,14.007202148000033],[77.17224121100008,14.010986328000058],[77.14221191400003,14.00280761700003],[77.13299560500008,14.042785645000038],[77.07641601600005,14.042419434000067],[77.06701660200008,14.051025391000053],[77.03259277300003,14.055419922000056],[77.02178955100004,14.157226562000062],[77.02703857400007,14.173400879000042],[77.00659179700006,14.18280029300007],[76.96179199200003,14.180603027000075],[76.94342041000004,14.172241211000028],[76.89562988300008,14.166809082000043],[76.890625,14.134399414000029],[76.94543457000003,14.11962890600006],[76.95458984400005,14.098022461000028],[76.97460937500006,14.082397461000028],[76.97283935500008,14.057006836000028],[76.93481445300006,14.052795410000044],[76.93621826200007,14.031799316000047],[76.95098877000004,14.014038086000028],[76.96643066400003,14.010437012000068],[77.00140380900007,13.987792969000054],[76.99481201200007,13.96142578100006],[77.01519775400004,13.953796387000068],[77.04278564500004,13.932189941000047],[77.04840087900004,13.905395508000026],[77.02423095700004,13.901428223000039],[77.01959228500004,13.87139892600004],[77.00762939500004,13.851013184000067],[76.99340820300006,13.847839355000076],[76.97918701200007,13.825805664000029],[76.99078369100005,13.811828613000046],[76.98638916000004,13.78900146500007],[76.99798584000007,13.74658203100006],[77.01763916000004,13.737426758000026],[77.02563476600005,13.77819824200003],[77.04443359400005,13.776611328000058],[77.06579589800003,13.742797852000024],[77.08581543000008,13.741210937000062],[77.08660888700007,13.761230469000054],[77.10302734400005,13.767028809000067],[77.13800048800005,13.757202148000033],[77.15222168000008,13.765014648000033],[77.17419433600008,13.760986328000058],[77.17999267600004,13.780395508000026],[77.16400146500007,13.797607422000056],[77.16662597700008,13.832031250000057],[77.15722656200006,13.843200684000067],[77.13323974600007,13.84460449200003],[77.14880371100008,13.867431641000053],[77.16979980500008,13.863403320000032],[77.16302490200007,13.905395508000026],[77.17102050800008,13.919433594000054],[77.19201660200008,13.910827637000068],[77.18261718700006,13.868591309000067],[77.20159912100007,13.861999512000068],[77.22119140600006,13.868591309000067],[77.23181152300003,13.902221680000025],[77.24938964800003,13.900024414000029],[77.24798584000007,13.866638184000067],[77.25781250000006,13.845397949000073],[77.31762695300006,13.86218261700003],[77.33801269500003,13.831604004000042],[77.36358642600004,13.853210449000073],[77.38061523400006,13.83959960900006],[77.43218994100005,13.83483886700003],[77.41821289100005,13.809387207000043],[77.45764160200008,13.78759765600006],[77.46881103500004,13.752014160000044],[77.46459960900006,13.721801758000026],[77.45123291000004,13.70983886700003],[77.45642089800003,13.681213379000042],[77.49322509800004,13.688598633000026],[77.48620605500008,13.713623047000056],[77.51440429700006,13.712219238000046],[77.52923584000007,13.691589355000076],[77.53741455100004,13.73022460900006],[77.52319335900006,13.743591309000067],[77.54241943400007,13.754821777000075],[77.56024169900007,13.721984863000046],[77.57281494100005,13.736999512000068],[77.58758544900007,13.732421875000057],[77.60040283200004,13.74920654300007],[77.61480712900004,13.750793457000043],[77.62561035200008,13.734191895000038],[77.64263916000004,13.740783691000047],[77.62219238300008,13.767395020000038],[77.65240478500004,13.783020020000038],[77.68121337900004,13.785583496000072],[77.68121337900004,13.761230469000054],[77.72338867200006,13.768005371000072],[77.72039794900007,13.798828125000057],[77.73339843700006,13.807006836000028],[77.79003906200006,13.82202148400006],[77.78338623000008,13.843017578000058],[77.81323242200006,13.847839355000076],[77.83819580100004,13.868591309000067],[77.83178710900006,13.896606445000032],[77.82122802700007,13.898620605000076],[77.81542968700006,13.929199219000054],[77.83898925800008,13.934997559000067],[77.89678955100004,13.940002441000047],[77.89660644500003,13.924438477000024],[77.92718505900007,13.90423584000007],[77.94738769500003,13.934204102000024],[77.96124267600004,13.93939209000007],[77.96862793000008,13.958984375000057],[77.98883056600005,13.954406738000046],[77.98138427700007,13.926391602000024],[77.98583984400005,13.89624023400006],[77.95343017600004,13.888793945000032],[77.95019531200006,13.86999511700003],[77.95739746100008,13.83001709000007],[77.97698974600007,13.828186035000044],[77.99322509800004,13.867614746000072],[78.04724121100008,13.860839844000054],[78.04998779300007,13.89501953100006],[78.08020019500003,13.880004883000026],[78.08398437500006,13.861022949000073],[78.11602783200004,13.86181640600006],[78.12658691400003,13.830993652000075],[78.11602783200004,13.810791016000053],[78.12780761700003,13.787231445000032],[78.11499023400006,13.76220703100006],[78.10119628900003,13.757385254000042],[78.10522460900006,13.735595703000058],[78.12200927700007,13.714416504000042],[78.11444091800007,13.691589355000076],[78.08142089800003,13.695434570000032],[78.06762695300006,13.675231934000067],[78.09100341800007,13.658020020000038],[78.17022705100004,13.65283203100006],[78.17639160200008,13.62939453100006],[78.20538330100004,13.627197266000053],[78.20483398400006,13.606994629000042],[78.19158935500008,13.588989258000026],[78.20422363300008,13.567626953000058],[78.21759033200004,13.590026855000076],[78.24499511700003,13.596435547000056],[78.26062011700003,13.583801270000038],[78.32720947300004,13.593627930000025],[78.35180664100005,13.585632324000073],[78.38641357400007,13.59100341800007],[78.40802002000004,13.575622559000067],[78.38360595700004,13.523986816000047],[78.37579345700004,13.460815430000025],[78.38299560500008,13.395812988000046],[78.37023925800008,13.372009277000075],[78.40960693400007,13.34460449200003],[78.38842773400006,13.330627441000047],[78.40240478500004,13.31420898400006],[78.44158935500008,13.327209473000039],[78.44543457000003,13.307006836000028],[78.46801757800006,13.314025879000042],[78.48059082000003,13.29998779300007],[78.51458740200007,13.289184570000032],[78.52801513700007,13.267211914000029],[78.54058837900004,13.286621094000054],[78.56298828100006,13.28741455100004],[78.57080078100006,13.307983398000033],[78.58862304700006,13.279418945000032],[78.58660888700007,13.260986328000058],[78.57159423800005,13.24639892600004],[78.56903076200007,13.200195312000062],[78.57861328100006,13.170593262000068],[78.55139160200008,13.163024902000075],[78.51983642600004,13.118591309000067],[78.53399658200004,13.108398437000062],[78.51159668000008,13.091430664000029],[78.51544189500004,13.060607910000044],[78.49938964800003,13.059997559000067],[78.47442627000004,13.041809082000043],[78.46343994100005,13.041992187000062],[78.46478271500007,13.00421142600004],[78.47601318400007,12.990234375000057],[78.46881103500004,12.97381591800007],[78.43762207000003,12.980041504000042],[78.43798828100006,12.960998535000044],[78.41241455100004,12.944030762000068],[78.46801757800006,12.90423584000007],[78.46539306600005,12.876586914000029],[78.42999267600004,12.900817871000072],[78.39099121100008,12.905395508000026],[78.36138916000004,12.935791016000053],[78.34100341800007,12.902038574000073],[78.32379150400004,12.89624023400006],[78.31359863300008,12.857238770000038],[78.25341796900005,12.859436035000044],[78.25360107400007,12.827819824000073],[78.24682617200006,12.786804199000073],[78.23223877000004,12.759399414000029],[78.24218750000006,12.72882080100004],[78.23260498000008,12.711608887000068],[78.20861816400003,12.707214355000076],[78.21343994100005,12.687194824000073],[78.23901367200006,12.684631348000039],[78.24578857400007,12.70501709000007],[78.27722168000008,12.700988770000038],[78.30242919900007,12.664611816000047],[78.38061523400006,12.623840332000043],[78.47302246100008,12.63079834000007],[78.46923828100006,12.674621582000043],[78.49481201200007,12.672790527000075],[78.50402832000003,12.697387695000032],[78.52398681600005,12.717834473000039],[78.53619384800004,12.689819336000028],[78.55603027300003,12.697814941000047],[78.55560302700007,12.718017578000058],[78.56500244100005,12.736389160000044],[78.55902099600007,12.756225586000028],[78.59381103500004,12.781433105000076],[78.59442138700007,12.796997070000032],[78.60900878900003,12.82061767600004],[78.60278320300006,12.849609375000057],[78.63482666000004,12.92999267600004],[78.65399169900007,12.927795410000044],[78.63940429700006,12.963623047000056],[78.62219238300008,12.98999023400006],[78.65679931600005,13.014038086000028],[78.65759277300003,13.030029297000056],[78.70660400400004,13.014038086000028],[78.71582031200006,13.067382812000062],[78.75579834000007,13.054809570000032],[78.79138183600008,13.063598633000026],[78.81262207000003,13.08642578100006],[78.84301757800006,13.077392578000058],[78.88281250000006,13.096984863000046],[78.89703369100005,13.093994141000053],[78.89300537100007,13.031799316000047],[78.90740966800007,13.044006348000039],[78.92523193400007,13.079589844000054],[78.95678710900006,13.074584961000028],[78.98382568400007,13.085205078000058],[79.00518798800005,13.083435059000067],[79.03240966800007,13.07080078100006],[79.03979492200006,13.059997559000067],[79.06579589800003,13.050231934000067],[79.08221435500008,13.02459716800007],[79.10980224600007,13.03759765600006],[79.13861084000007,13.033630371000072],[79.16442871100008,13.018981934000067],[79.18621826200007,13.028625488000046],[79.18041992200006,13.056640625000057],[79.18640136700003,13.079223633000026],[79.23583984400005,13.10400390600006],[79.23364257800006,13.13702392600004],[79.21600341800007,13.155822754000042],[79.24218750000006,13.161193848000039],[79.25543212900004,13.14483642600004],[79.27880859400005,13.155029297000056],[79.28503418000008,13.12298584000007],[79.31121826200007,13.110839844000054],[79.33038330100004,13.12939453100006],[79.36639404300007,13.13562011700003],[79.35742187500006,13.163391113000046],[79.39361572300004,13.191223145000038],[79.43298339800003,13.18798828100006],[79.45520019500003,13.215820312000062],[79.45458984400005,13.236999512000068],[79.41979980500008,13.241821289000029],[79.41900634800004,13.270629883000026],[79.43499755900007,13.273803711000028],[79.41522216800007,13.299011230000076],[79.39501953100006,13.29858398400006],[79.38940429700006,13.316833496000072],[79.39959716800007,13.329040527000075],[79.49658203100006,13.343994141000053],[79.53881835900006,13.337402344000054],[79.54559326200007,13.31561279300007],[79.53619384800004,13.300231934000067],[79.53503418000008,13.277221680000025],[79.55963134800004,13.271606445000032],[79.57543945300006,13.257812500000057],[79.59521484400005,13.265014648000033],[79.60723877000004,13.286987305000025],[79.62902832000003,13.268798828000058],[79.64379882800006,13.28900146500007],[79.68280029300007,13.289611816000047],[79.69683837900004,13.268005371000072],[79.67980957000003,13.26062011700003],[79.68560791000004,13.243225098000039],[79.73400878900003,13.235595703000058],[79.76123046900005,13.20623779300007],[79.78918457000003,13.228027344000054],[79.79620361300005,13.240783691000047],[79.76263427700007,13.256225586000028],[79.73638916000004,13.27459716800007],[79.75378418000008,13.290405273000033],[79.76483154300007,13.315795898000033],[79.78619384800004,13.296386719000054],[79.79858398400006,13.29541015600006],[79.81042480500008,13.316040039000029],[79.86419677700007,13.315795898000033],[79.86962890600006,13.32983398400006],[79.90521240200007,13.339233398000033],[79.91821289100005,13.356811523000033],[79.93463134800004,13.350585937000062],[79.95141601600005,13.378601074000073],[79.94104003900003,13.423828125000057],[79.97479248000008,13.428405762000068],[79.97381591800007,13.467834473000039],[79.98559570300006,13.478210449000073],[80.00921630900007,13.476989746000072],[80.01739502000004,13.496826172000056],[80.04803466800007,13.492431641000053],[80.04980468700006,13.510986328000058],[80.00201416000004,13.524414062000062],[80.01483154300007,13.546020508000026],[80.03795303600003,13.53749747300003],[80.04666311300008,13.573289688000045],[80.02205605800003,13.57589248100004],[80.02335850200006,13.592904851000071],[80.00443327300007,13.618213414000024],[80.00031518600008,13.642608175000078],[79.97891845400005,13.641749997000034],[79.96059412000005,13.663903215000062],[79.97267233900004,13.683394497000052],[79.95746684800008,13.708348736000062],[79.88823553200007,13.701112159000047],[79.87026510600003,13.705966727000032],[79.85965450000003,13.73698425200007],[79.86092538300005,13.755884023000021],[79.84910005600005,13.77358524400006],[79.81541044000005,13.776357417000042],[79.80252395400004,13.796070588000077],[79.76864311800006,13.797229768000022],[79.73107537200008,13.819213433000073],[79.73870455400004,13.858058193000033],[79.72734606500006,13.862395487000072],[79.72927365300006,13.904023296000048],[79.69400024400005,13.913129809000054],[79.67875782100003,13.923423752000076],[79.67046059500007,13.886154416000068],[79.67401910300003,13.872642171000052],[79.66822771800008,13.835852671000055],[79.60951846900008,13.85164418000005],[79.62428469100007,13.871157391000054],[79.62049510400004,13.886034644000063],[79.59440983500008,13.887957621000055],[79.59286699400008,13.923569516000043],[79.55714281200005,13.915857897000024],[79.49883018200006,13.91149878300007],[79.47565218900007,13.900492561000021],[79.43997259300005,13.901775548000046],[79.45499743200008,13.922984563000057],[79.45683318600004,13.953583423000055],[79.43700093600006,14.02507124500005],[79.44277928900004,14.061824644000069],[79.45440706900007,14.101812566000035],[79.44500490000007,14.116490243000044],[79.42914749900007,14.194616383000039],[79.42275025900005,14.207589346000077],[79.43573579300005,14.244300905000046],[79.41976686900006,14.265889843000025],[79.42147615100004,14.281324964000078],[79.38948723800007,14.342144905000055],[79.36637029000008,14.352346091000072],[79.36751782400006,14.370557607000023],[79.34874527900007,14.406430045000036],[79.32728576300008,14.436745492000057],[79.31757125300004,14.474312243000043],[79.29311652100006,14.486522882000031],[79.27815997800008,14.534097484000029],[79.24838324400008,14.572933625000076],[79.24192378500004,14.594688536000035],[79.21991968400005,14.590346872000055],[79.20003458700006,14.615727493000065],[79.18907903800005,14.61845842100007],[79.18139223600008,14.645989146000034],[79.18667507700007,14.659201989000053],[79.17369129600007,14.684514841000066],[79.18551414800004,14.713275089000035],[79.16868804100005,14.746680664000053],[79.16026460500007,14.782694911000021],[79.15050609800005,14.79539866400006],[79.14065245100005,14.848434318000045],[79.13194249900005,14.871958349000067],[79.10392077100005,14.900904075000028],[79.08099337700008,14.985184835000041],[79.08952708300006,15.051397861000055],[79.07625681700006,15.102976585000022],[79.07207777000008,15.14823659800004],[79.08303441800007,15.173601088000055],[79.01708906000005,15.179547970000044],[79.01172641400007,15.169540597000037],[78.98173094000003,15.165126787000077],[78.95765958400006,15.176393822000023],[78.94786210200004,15.228747316000067],[78.92725592100004,15.228797622000059],[78.91958547800004,15.18750949300005],[78.87179696300007,15.198157108000032],[78.77776439300004,15.20043362000007],[78.75909475100008,15.185782448000055],[78.74185600600003,15.18374478000004],[78.73658379800008,15.201206802000058],[78.73864078000008,15.251806294000062],[78.73673290300007,15.326399557000059],[78.74739259600005,15.367990643000041],[78.77162546300008,15.420516145000022],[78.76950047400004,15.465701830000057],[78.77595801300004,15.528595906000078],[78.76934982500006,15.627148697000052],[78.77150012300007,15.664328745000034],[78.79063667700007,15.759698701000048],[78.81004000900003,15.86718789300005],[78.83760862100007,15.908036184000025],[78.90875370100008,15.966989854000076],[78.92914361800007,16.093042267000044],[78.92158814400005,16.122854106000034]]]},"properties":{"OBJECTID":243,"object_id":12,"name":"RAYALASEEMA","state_code":"ANDHRA PRADESH","region_cod":"SOUTH PENINSULA","subdivisio":"RAYALASEEMA","uorder":30},"id": 27},
{"type":"Feature","geometry":{"type":"MultiPolygon","coordinates":[[[[74.26725181600005,15.821893097000043],[74.269652,15.798883],[74.286479,15.786863],[74.314601,15.798957],[74.293027,15.831169],[74.26725181600005,15.821893097000043]]],[[[77.55258296200003,18.29102070500005],[77.52541,18.306936],[77.510025,18.303408],[77.513493,18.283673],[77.493869,18.266327],[77.466236,18.26166],[77.448775,18.26912],[77.42950301600007,18.31149199600003],[77.411331,18.300731],[77.386573,18.308401],[77.372595,18.324243],[77.396102,18.346948],[77.396063,18.367587],[77.41529,18.392241],[77.401358,18.401132],[77.374024,18.400237],[77.365649,18.433656],[77.346407,18.432748],[77.328082,18.450889],[77.318474,18.442428],[77.242944,18.411745],[77.235015,18.387034],[77.247181,18.369656],[77.227076,18.363822],[77.230619,18.346905],[77.212965,18.315413],[77.210522,18.287215],[77.198642,18.275739],[77.175978,18.283992],[77.170914,18.26],[77.160298,18.254919],[77.141507,18.206979],[77.110966,18.202877],[77.099586,18.19208],[77.117495,18.17014],[77.113728,18.155888],[77.065109,18.149775],[77.052318,18.17158],[77.034326,18.181119],[77.024451,18.157634],[76.998068,18.163948],[76.991753,18.189115],[76.953074,18.187227],[76.943499,18.155538],[76.925098,18.145759],[76.932499,18.131664],[76.921634,18.117307],[76.955412,18.109667],[76.967489,18.097323],[76.946357,18.080842],[76.945948,18.048108],[76.915447,18.034479],[76.906774,18.008826],[76.921799,17.940683],[76.920233,17.915335],[76.902876,17.914943],[76.88551398400006,17.893649999000047],[76.853309,17.89988],[76.811333,17.886152],[76.809187,17.869839],[76.776163,17.876823],[76.769274,17.900264],[76.74235600100008,17.894511],[76.739023,17.858548],[76.768512,17.851204],[76.788113,17.832306],[76.783703,17.805743],[76.762986,17.786044],[76.735451,17.781111],[76.722045,17.787163],[76.719426,17.752173],[76.691769,17.682643],[76.67186,17.689627],[76.653889,17.721235],[76.634354,17.727323],[76.630061,17.754638],[76.612887,17.769193],[76.588188,17.706563],[76.571382,17.704508],[76.56407,17.763666],[76.531771,17.757367],[76.525118,17.714511],[76.488305,17.713868],[76.487748,17.657512],[76.459988,17.657224],[76.429939,17.642572],[76.420753,17.602808],[76.382764,17.601348],[76.35109,17.593198],[76.33262,17.595077],[76.34258,17.540536],[76.36481,17.535379],[76.367133,17.514768],[76.34763,17.511673],[76.346822,17.491622],[76.331743,17.469284],[76.334317,17.432989],[76.37257,17.435511],[76.364484,17.376752],[76.410183,17.370471],[76.413251,17.350149],[76.397668,17.346185],[76.384218,17.313605],[76.355067,17.313397],[76.346354,17.353531],[76.315395,17.347473],[76.318715,17.331458],[76.27740699400005,17.333657],[76.273056,17.359676],[76.230487,17.364291],[76.197237,17.362703],[76.171369,17.351448],[76.182105,17.308136],[76.166113,17.302418],[76.163652,17.344305],[76.120763,17.369494],[76.100767,17.363738],[76.088006,17.335019],[76.07316,17.334401],[76.063381,17.353586],[76.011208,17.351473],[76.000667,17.338019],[75.969719,17.335556],[75.926979,17.323962],[75.891182,17.360265],[75.895069,17.400289],[75.858432,17.38641],[75.85047,17.411037],[75.822437,17.420319],[75.805205,17.366937],[75.781272,17.374731],[75.766142,17.405008],[75.731668,17.419446],[75.718732,17.409027],[75.684477,17.416022],[75.675819,17.456063],[75.657594,17.459005],[75.633956,17.476317],[75.622587,17.458348],[75.609977,17.393226],[75.57511100800008,17.38239698500007],[75.581814,17.350319],[75.610997,17.344135],[75.613059,17.32423],[75.604704,17.304595],[75.6231,17.294445],[75.631222,17.273019],[75.655144,17.272904],[75.662887,17.213663],[75.629405,17.187742],[75.62923,17.161776],[75.646508,17.142616],[75.651319,17.114771],[75.673263,17.115074],[75.677689,17.064491],[75.651278,17.05633],[75.641968,17.036655],[75.670667,17.037234],[75.667046,16.978841],[75.676106,16.964614],[75.646949,16.953079],[75.632951,16.969747],[75.611091,16.970734],[75.607853,17.003638],[75.56818,17.008119],[75.564282,16.966686],[75.53026998400003,16.968470984000078],[75.510614,16.949321],[75.490028,16.943493],[75.48418700300005,16.97506701900005],[75.466501,16.987439],[75.442549,16.981305],[75.428822,16.965567],[75.393075,16.979165],[75.343225,16.955319],[75.28053,16.955631],[75.280295,16.922504],[75.290863,16.903097],[75.282956,16.87936],[75.265644,16.861868],[75.238582,16.86701],[75.228559,16.842243],[75.18363,16.842218],[75.17749,16.866777],[75.137393,16.873559],[75.135752,16.893777],[75.118391,16.912519],[75.097019,16.91322],[75.090239,16.950659],[75.065126,16.941291],[75.027484,16.943214],[74.990184,16.951328],[74.961527,16.93903],[74.938926,16.942644],[74.922662,16.92894],[74.945664,16.909687],[74.964366,16.907381],[74.961444,16.880312],[74.936811,16.878311],[74.927411,16.863123],[74.902399,16.861625],[74.911176,16.834214],[74.911884,16.788003],[74.920559,16.771945],[74.850696,16.771825],[74.845387,16.760884],[74.775636,16.750714],[74.732953,16.717392],[74.691876,16.71461],[74.690203,16.675793],[74.666017,16.664737],[74.658092,16.642179],[74.689551,16.615682],[74.661619,16.601979],[74.636994,16.606483],[74.636705,16.582975],[74.599804,16.56337],[74.569377,16.552928],[74.544331,16.594381],[74.545328,16.634534],[74.491591,16.628821],[74.476025,16.646556],[74.455611,16.646363],[74.466639,16.623787],[74.464276,16.603554],[74.436264,16.600125],[74.421635,16.585186],[74.397447,16.582332],[74.379524,16.527449],[74.318377,16.552771],[74.315577,16.503255],[74.300315,16.529677],[74.281556,16.530509],[74.279023,16.503976],[74.253313,16.499679],[74.261574,16.479156],[74.291703,16.503963],[74.297855,16.463595],[74.330523,16.446557],[74.337548,16.427862],[74.340012,16.390007],[74.319791,16.370689],[74.317979,16.326875],[74.340971,16.301972],[74.321633,16.283522],[74.334958,16.267844],[74.363942,16.284672],[74.386879,16.276342],[74.416768,16.279145],[74.418429,16.257044],[74.469444,16.239226],[74.4789,16.249555],[74.503929,16.224445],[74.497466,16.211346],[74.507814,16.190324],[74.490377,16.176453],[74.485929,16.141338],[74.492055,16.103337],[74.482378,16.08792],[74.459501,16.102827],[74.42952,16.111037],[74.410786,16.101153],[74.392567,16.08044],[74.373028,16.077242],[74.365731,16.057424],[74.381801,16.034512],[74.4158,16.054744],[74.45171102600005,16.05266198100003],[74.464003,16.038918],[74.429011,15.951333],[74.38772199500005,15.90419100300005],[74.394217,15.899064],[74.398335,15.850171],[74.363872,15.873778],[74.346434,15.849808],[74.383882,15.84813],[74.367269,15.824909],[74.369868,15.787218],[74.346105,15.763656],[74.323858,15.771697],[74.308685,15.7475],[74.286519,15.740611],[74.26909999600008,15.753757004000022],[74.240458,15.742451],[74.228751,15.755056],[74.228547,15.787427],[74.209636,15.779934],[74.202207,15.757643],[74.162326,15.750317],[74.151742,15.73483],[74.126582,15.723134],[74.13244,15.692557],[74.126534,15.679986],[74.103899,15.671201],[74.104457,15.656625],[74.13641357400007,15.647399902000075],[74.16522216800007,15.652587891000053],[74.16961669900007,15.671997070000032],[74.20343017600004,15.662231445000032],[74.22460937500006,15.668029785000044],[74.25280761700003,15.653442383000026],[74.24499511700003,15.625183105000076],[74.26519775400004,15.614624023000033],[74.25122070300006,15.566406250000057],[74.27880859400005,15.54522705100004],[74.27899169900007,15.52178955100004],[74.34320068400007,15.517028809000067],[74.37561035200008,15.479797363000046],[74.39538574200003,15.479797363000046],[74.42279052700007,15.462585449000073],[74.42718505900007,15.39819335900006],[74.47143554700006,15.408386230000076],[74.48162841800007,15.39501953100006],[74.51782226600005,15.401428223000039],[74.53619384800004,15.417785645000038],[74.56921386700003,15.401428223000039],[74.61480712900004,15.357421875000057],[74.63323974600007,15.366027832000043],[74.65020752000004,15.389038086000028],[74.69042968700006,15.397033691000047],[74.70898437500006,15.406982422000056],[74.75518798800005,15.410034180000025],[74.78320312500006,15.39343261700003],[74.79803466800007,15.376220703000058],[74.82000732400007,15.369384766000053],[74.83239746100008,15.33624267600004],[74.85461425800008,15.33978271500007],[74.89739990200007,15.300598145000038],[74.91119384800004,15.25],[74.87640380900007,15.215820312000062],[74.87823486300005,15.192626953000058],[74.83599853500004,15.147583008000026],[74.83642578100006,15.130187988000046],[74.86199951200007,15.101196289000029],[74.88763427700007,15.099609375000057],[74.87939453100006,15.072814941000047],[74.89178466800007,15.04382324200003],[74.94122314500004,15.050598145000038],[74.94061279300007,15.064636230000076],[74.96441650400004,15.068420410000044],[75.02362060500008,15.069396973000039],[75.05499267600004,15.08178710900006],[75.07183837900004,15.069396973000039],[75.07800293000008,15.036193848000039],[75.07000732400007,15.01483154300007],[75.07702636700003,14.972839355000076],[75.09539794900007,14.950195312000062],[75.10223388700007,14.925842285000044],[75.06823730500008,14.917602539000029],[75.07482910200008,14.854797363000046],[75.06878662100007,14.835998535000044],[75.09118652300003,14.81921386700003],[75.06939697300004,14.797424316000047],[75.07043457000003,14.782592773000033],[75.04101562500006,14.766418457000043],[75.04803466800007,14.743408203000058],[75.03302002000004,14.707031250000057],[75.03680419900007,14.674438477000024],[75.05181884800004,14.648437500000057],[75.07379150400004,14.653991699000073],[75.10021972700008,14.651794434000067],[75.12518310500008,14.630004883000026],[75.14343261700003,14.632812500000057],[75.15899658200004,14.617187500000057],[75.18280029300007,14.623596191000047],[75.21124267600004,14.618835449000073],[75.20599365200007,14.596435547000056],[75.18499755900007,14.58483886700003],[75.24304199200003,14.555419922000056],[75.24462890600006,14.57702636700003],[75.26641845700004,14.578796387000068],[75.28619384800004,14.559631348000039],[75.29681396500007,14.536987305000025],[75.26922607400007,14.526794434000067],[75.27520752000004,14.509826660000044],[75.32080078100006,14.51220703100006],[75.33038330100004,14.493408203000058],[75.34698486300005,14.483642578000058],[75.34820556600005,14.456420898000033],[75.38299560500008,14.432434082000043],[75.37799072300004,14.406799316000047],[75.35638427700007,14.403991699000073],[75.34942627000004,14.386840820000032],[75.36938476600005,14.372192383000026],[75.39862060500008,14.36499023400006],[75.41162109400005,14.351196289000029],[75.43023681600005,14.348022461000028],[75.45520019500003,14.327392578000058],[75.48040771500007,14.330993652000075],[75.50183105500008,14.342224121000072],[75.50360107400007,14.306640625000057],[75.53503418000008,14.288391113000046],[75.53662109400005,14.276428223000039],[75.58343505900007,14.277221680000025],[75.60461425800008,14.292236328000058],[75.61322021500007,14.31439209000007],[75.63439941400003,14.314025879000042],[75.62463378900003,14.337585449000073],[75.64379882800006,14.430236816000047],[75.63140869100005,14.443786621000072],[75.63781738300008,14.46459960900006],[75.66461181600005,14.452392578000058],[75.69158935500008,14.491027832000043],[75.70898437500006,14.473999023000033],[75.72619628900003,14.478393555000025],[75.75842285200008,14.51342773400006],[75.77258300800008,14.517395020000038],[75.80059814500004,14.510803223000039],[75.80059814500004,14.54022216800007],[75.82122802700007,14.567993164000029],[75.80541992200006,14.59741210900006],[75.81182861300005,14.653015137000068],[75.79638671900005,14.682006836000028],[75.76458740200007,14.674194336000028],[75.74023437500006,14.684387207000043],[75.74200439500004,14.699401855000076],[75.76519775400004,14.722229004000042],[75.75781250000006,14.737792969000054],[75.72100830100004,14.71923828100006],[75.70440673800005,14.732421875000057],[75.72259521500007,14.75244140600006],[75.72381591800007,14.76843261700003],[75.69281005900007,14.78118896500007],[75.66479492200006,14.806030273000033],[75.69000244100005,14.854431152000075],[75.71343994100005,14.851623535000044],[75.73364257800006,14.862609863000046],[75.72839355500008,14.89642334000007],[75.69720459000007,14.890991211000028],[75.68420410200008,14.926391602000024],[75.68798828100006,14.942810059000067],[75.72119140600006,14.950195312000062],[75.74438476600005,14.945190430000025],[75.76159668000008,14.967407227000024],[75.78063964800003,14.976806641000053],[75.78918457000003,15.005187988000046],[75.81439209000007,15.026184082000043],[75.83001709000007,15.026428223000039],[75.85119628900003,15.043029785000044],[75.87603759800004,15.035034180000025],[75.88458252000004,15.051391602000024],[75.90441894500003,15.055603027000075],[75.90979003900003,15.075805664000029],[75.88659668000008,15.101806641000053],[75.90258789100005,15.129028320000032],[75.92523193400007,15.140197754000042],[75.94824218700006,15.136413574000073],[75.97943115200007,15.151794434000067],[76.02819824200003,15.14178466800007],[76.05780029300007,15.15600585900006],[76.10443115200007,15.167419434000067],[76.11279296900005,15.197631836000028],[76.12603759800004,15.202392578000058],[76.15380859400005,15.194396973000039],[76.16082763700007,15.213989258000026],[76.18243408200004,15.23162841800007],[76.22863769500003,15.23162841800007],[76.21881103500004,15.200622559000067],[76.23059082000003,15.18743896500007],[76.25,15.189819336000028],[76.29241943400007,15.221984863000046],[76.30163574200003,15.252014160000044],[76.33343505900007,15.261413574000073],[76.35180664100005,15.309387207000043],[76.36682128900003,15.328186035000044],[76.40423584000007,15.324584961000028],[76.43560791000004,15.338623047000056],[76.48120117200006,15.348205566000047],[76.49438476600005,15.343994141000053],[76.55059814500004,15.38702392600004],[76.55603027300003,15.395629883000026],[76.59338378900003,15.411987305000025],[76.61578369100005,15.442626953000058],[76.64501953100006,15.443786621000072],[76.67199707000003,15.451416016000053],[76.68640136700003,15.471984863000046],[76.72760009800004,15.491638184000067],[76.77960205100004,15.49139404300007],[76.81103515600006,15.511230469000054],[76.81158447300004,15.546203613000046],[76.83319091800007,15.559814453000058],[76.83538818400007,15.626831055000025],[76.89202880900007,15.684997559000067],[76.91802978500004,15.698608398000033],[76.92041015600006,15.718017578000058],[76.94519043000008,15.762390137000068],[76.96820068400007,15.77319335900006],[77.02642822300004,15.836608887000068],[77.03662109400005,15.859985352000024],[77.05523681600005,15.878417969000054],[77.07141113300008,15.906799316000047],[77.10382080100004,15.927795410000044],[77.13842773400006,15.937194824000073],[77.15618896500007,15.949035645000038],[77.18640136700003,15.955810547000056],[77.24023437500006,15.957214355000076],[77.24902343700006,15.963623047000056],[77.28582763700007,15.952819824000073],[77.30218505900007,15.957031250000057],[77.32598877000004,15.949035645000038],[77.36242675800008,15.94842529300007],[77.38262939500004,15.938781738000046],[77.43280029300007,15.947814941000047],[77.46942138700007,15.932983398000033],[77.51499948200006,15.927449395000053],[77.52099609400005,15.96600341800007],[77.51080322300004,15.979187012000068],[77.51519775400004,16.00738525400004],[77.49523925800008,16.03601074200003],[77.50799560500008,16.079040527000075],[77.49481201200007,16.085388184000067],[77.50219726600005,16.10522460900006],[77.49102783200004,16.118591309000067],[77.49359130900007,16.186218262000068],[77.50360107400007,16.22259521500007],[77.49359130900007,16.228393555000025],[77.49121093700006,16.25421142600004],[77.50622558600008,16.274841309000067],[77.53839111300005,16.26678466800007],[77.54638671900005,16.290832520000038],[77.57000732400007,16.302429199000073],[77.58319091800007,16.290405273000033],[77.59680175800008,16.315002441000047],[77.58959960900006,16.33319091800007],[77.55621337900004,16.347839355000076],[77.51721191400003,16.373596191000047],[77.49279785200008,16.383422852000024],[77.44281005900007,16.380004883000026],[77.41381835900006,16.366210937000062],[77.38043212900004,16.384216309000067],[77.35083007800006,16.382629395000038],[77.33782959000007,16.393005371000072],[77.28942871100008,16.40783691400003],[77.26898193400007,16.432006836000028],[77.26519775400004,16.471618652000075],[77.29541015600006,16.475830078000058],[77.29998779300007,16.495239258000026],[77.33361816400003,16.484985352000024],[77.37023925800008,16.487792969000054],[77.38262939500004,16.51483154300007],[77.41802978500004,16.516418457000043],[77.42022705100004,16.54803466800007],[77.40502929700006,16.550231934000067],[77.40478515600006,16.57080078100006],[77.42498779300007,16.56799316400003],[77.44061279300007,16.585998535000044],[77.46221923800005,16.58361816400003],[77.46899414100005,16.608825684000067],[77.45520019500003,16.614624023000033],[77.47741699200003,16.649230957000043],[77.46362304700006,16.65319824200003],[77.44543457000003,16.638183594000054],[77.41998291000004,16.66760253900003],[77.46520996100008,16.67541503900003],[77.47503662100007,16.715820312000062],[77.43762207000003,16.711608887000068],[77.42822265600006,16.72760009800004],[77.44439697300004,16.761596680000025],[77.44219970700004,16.785400391000053],[77.47418212900004,16.780029297000056],[77.45819091800007,16.829223633000026],[77.46441650400004,16.84338378900003],[77.45922851600005,16.908630371000072],[77.46722412100007,16.958007812000062],[77.48260498000008,16.96960449200003],[77.48022460900006,16.993591309000067],[77.50378418000008,17.013183594000054],[77.49780273400006,17.041809082000043],[77.48321533200004,17.075012207000043],[77.46398925800008,17.093200684000067],[77.46600341800007,17.106811523000033],[77.40783691400003,17.123596191000047],[77.37902832000003,17.139221191000047],[77.36358642600004,17.163024902000075],[77.37542724600007,17.19561767600004],[77.39581298800005,17.195007324000073],[77.40618896500007,17.235595703000058],[77.42163085900006,17.23681640600006],[77.42779541000004,17.256042480000076],[77.45202636700003,17.269592285000044],[77.43920898400006,17.291015625000057],[77.45721435500008,17.33001709000007],[77.45483398400006,17.37298584000007],[77.47760009800004,17.359985352000024],[77.50421142600004,17.356201172000056],[77.52539062500006,17.36322021500007],[77.52539062500006,17.38720703100006],[77.53863525400004,17.401794434000067],[77.51544189500004,17.413391113000046],[77.51440429700006,17.430236816000047],[77.53918457000003,17.442810059000067],[77.57720947300004,17.42980957000003],[77.57739257800006,17.45520019500003],[77.61560058600008,17.445007324000073],[77.61718750000006,17.472839355000076],[77.63958740200007,17.47259521500007],[77.65362548800005,17.481811523000033],[77.68963623000008,17.47418212900004],[77.69360351600005,17.495422363000046],[77.66320800800008,17.522033691000047],[77.62561035200008,17.523986816000047],[77.59680175800008,17.535583496000072],[77.59503173800005,17.563598633000026],[77.55181884800004,17.550842285000044],[77.52960205100004,17.574584961000028],[77.50823974600007,17.541381836000028],[77.49481201200007,17.567626953000058],[77.47918701200007,17.565795898000033],[77.44439697300004,17.590820312000062],[77.45721435500008,17.633239746000072],[77.44940185500008,17.650207520000038],[77.45361328100006,17.693786621000072],[77.49499511700003,17.70819091800007],[77.52398681600005,17.725219727000024],[77.54821777300003,17.72760009800004],[77.56982421900005,17.74798584000007],[77.56762695300006,17.765991211000028],[77.51361084000007,17.78118896500007],[77.51599121100008,17.802612305000025],[77.56878662100007,17.84460449200003],[77.57122802700007,17.86682128900003],[77.59698486300005,17.88043212900004],[77.58758544900007,17.90783691400003],[77.62023925800008,17.90319824200003],[77.62420654300007,17.944641113000046],[77.65081787100007,17.949218750000057],[77.65698242200006,17.967224121000072],[77.65319824200003,17.993835449000073],[77.58642578100006,18.01519775400004],[77.58178710900006,18.03082275400004],[77.55499267600004,18.035034180000025],[77.54962158200004,18.06439209000007],[77.59698486300005,18.085205078000058],[77.60278320300006,18.10504150400004],[77.59582519500003,18.129638672000056],[77.59820556600005,18.15423584000007],[77.58538818400007,18.158386230000076],[77.57403564500004,18.180419922000056],[77.58660888700007,18.218994141000053],[77.57421875000006,18.23858642600004],[77.58020019500003,18.25439453100006],[77.60620117200006,18.280639648000033],[77.56420898400006,18.283996582000043],[77.55258296200003,18.29102070500005]]]]},"properties":{"OBJECTID":247,"object_id":17,"name":"N. I. KARNATAKA","state_code":"KARNATAKA","region_cod":"SOUTH PENINSULA","subdivisio":"N. I. KARNATAKA","uorder":33},"id": 24},
{"type":"Feature","geometry":{"type":"Polygon","coordinates":[[[78.34298711000008,21.586605096000028],[78.32818603500004,21.574035645000038],[78.26782226600005,21.591186523000033],[78.266602,21.56604],[78.22479248000008,21.552001953000058],[78.183228,21.55603],[78.17559814500004,21.546020508000026],[78.184021,21.51062],[78.17761230500008,21.498596191000047],[78.08343505900007,21.44421386700003],[77.98901367200006,21.403808594000054],[77.94342041000004,21.39538574200003],[77.908386,21.377197],[77.858032,21.388],[77.82379167800008,21.40661603700005],[77.802185,21.408813],[77.797791,21.388428],[77.751221,21.382202],[77.738403,21.361633],[77.710388,21.358032],[77.70581067700004,21.376403679000077],[77.665405,21.37561],[77.644409,21.38623],[77.60681152300003,21.39019775400004],[77.604797,21.361633],[77.574585,21.370239],[77.564392,21.392639],[77.53759765600006,21.416625977000024],[77.515625,21.375427],[77.492798,21.373413],[77.48858642600004,21.405395508000026],[77.47283935500008,21.435424805000025],[77.47460937500006,21.454040527000075],[77.44299316400003,21.47082519500003],[77.44439697300004,21.48663330100004],[77.42340087900004,21.51721191400003],[77.42358398400006,21.531616211000028],[77.45581054700006,21.55322265600006],[77.50939941400003,21.550231934000067],[77.52160644500003,21.540832520000038],[77.57598877000004,21.525817871000072],[77.59643554700006,21.526000977000024],[77.61279296900005,21.53918457000003],[77.59643554700006,21.558837891000053],[77.58239746100008,21.552795410000044],[77.57379150400004,21.61639404300007],[77.56298828100006,21.66522216800007],[77.54498291000004,21.703186035000044],[77.50402832000003,21.74499511700003],[77.45739746100008,21.759582520000038],[77.40539550800008,21.751831055000025],[77.28179931600005,21.757995605000076],[77.27282714800003,21.72760009800004],[77.26123046900005,21.713439941000047],[77.22802734400005,21.716186523000033],[77.22882080100004,21.69879150400004],[77.21160894000008,21.689026023000054],[77.18939209000007,21.700988928000072],[77.192627,21.720215],[77.177185,21.72522],[77.16619873000008,21.710205078000058],[77.11859130900007,21.72100830100004],[77.062195,21.705811],[77.007629,21.678589],[76.97540283200004,21.651611328000058],[76.955017,21.641602],[76.913391,21.610413],[76.90039075200008,21.595398],[76.856018,21.612793],[76.830811,21.587585],[76.79559326200007,21.592834112000048],[76.78241,21.553223],[76.79022216800007,21.540039062000062],[76.76440466000008,21.520203],[76.796631,21.488831],[76.78698730500008,21.46441650400004],[76.74542236300005,21.43920898400006],[76.741394,21.410583],[76.68383789100005,21.37780761700003],[76.62262,21.331604],[76.66381835900006,21.27978515600006],[76.662598,21.23999],[76.641602,21.234985],[76.638184,21.20282],[76.62243652300003,21.185607910000044],[76.56658935500008,21.19879150400004],[76.53082275400004,21.18121337900004],[76.49420166000004,21.193237305000025],[76.48120117200006,21.18139648400006],[76.47918701200007,21.14660644500003],[76.46759033200004,21.142639160000044],[76.43841552700007,21.099609375000057],[76.38480572000003,21.075153096000065],[76.398187,21.035646],[76.381017,20.976409],[76.368914,20.977346],[76.346724,20.951987],[76.317715,20.950102],[76.28092,20.956417],[76.266081,20.97944],[76.236957,20.991016],[76.226795,21.004289],[76.196866,21.012005],[76.170264,21.027649],[76.158127,21.002736],[76.11803000300006,20.971483999000043],[76.109475,20.948052],[76.090844,20.943144],[76.07868101500003,20.90782599700003],[76.101397,20.900782],[76.113773,20.886095],[76.087191,20.861421],[76.072415,20.832416],[76.057548,20.824502],[76.045883,20.78328],[76.013208,20.78337],[75.995161,20.773414],[75.984501,20.7529],[76.01395,20.73722],[76.016567,20.720419],[75.998445,20.71245],[76.002476,20.677625],[75.996115,20.666491],[76.007455,20.647705],[76.03271,20.63652],[76.040464,20.605075],[76.038822,20.558042],[76.016612,20.550555],[76.019922,20.52902],[75.960904,20.525465],[75.949645,20.517526],[75.941728,20.491236],[75.955664,20.472229],[75.955982,20.449985],[75.944122,20.438855],[75.950043,20.392175],[75.967029,20.373339],[75.942371,20.368894],[75.94195,20.340717],[75.923566,20.311651],[75.934509,20.29931],[75.977541,20.307231],[76.032359,20.304706],[76.049195,20.337369],[76.091806,20.35082],[76.124606,20.340711],[76.130554,20.32134],[76.169262,20.29404],[76.194514,20.299076],[76.167339,20.237724],[76.134565,20.222231],[76.146292,20.198445],[76.121455,20.166161],[76.099526,20.129813],[76.095447,20.095085],[76.059489,20.09893],[76.070726,20.072838],[76.053434,20.061252],[76.019815,20.057817],[76.02444300600007,20.023872],[75.964561,19.998265],[75.974684,19.982035],[76.01476,19.968227],[76.011685,19.954234],[76.048542,19.946231],[76.059599,19.918338],[76.080246,19.911909],[76.079837,19.880271],[76.098662,19.856411],[76.130093,19.864169],[76.14942,19.855142],[76.184491,19.850537],[76.198436,19.864276],[76.230809,19.864937],[76.241585,19.873413],[76.294188,19.871233],[76.337848,19.882278],[76.355182,19.898441],[76.367536,19.927659],[76.386575,19.91469],[76.494508,19.919564],[76.491606,19.897019],[76.505755,19.879397],[76.534733,19.86498],[76.536004,19.848207],[76.606495,19.840843],[76.624958,19.843198],[76.634217,19.867444],[76.681004,19.846055],[76.693755,19.872805],[76.741022,19.872377],[76.748112,19.911852],[76.765313,19.904112],[76.773857,19.934576],[76.822478,19.928694],[76.838591,19.963053],[76.873637,19.953646],[76.926781,19.976517],[76.98938900100006,19.997066017000066],[76.996593,20.016457],[77.019206,20.000739],[77.037428,20.007727],[77.061847,19.993594],[77.070123,19.973581],[77.104011,19.931393],[77.1355,19.942409],[77.180235,19.980849],[77.20386,19.989677],[77.208521,19.938844],[77.238263,19.934771],[77.244491,19.903854],[77.293047,19.902701],[77.312104,19.893545],[77.345536,19.863551],[77.36223,19.860143],[77.34202,19.828707],[77.357983,19.816142],[77.386045,19.822979],[77.380966,19.783988],[77.382706,19.736897],[77.411091,19.744889],[77.439765,19.724317],[77.459304,19.681584],[77.49991,19.678454],[77.539955,19.666832],[77.554233,19.650498],[77.60695,19.642022],[77.639323,19.590982],[77.65147,19.548548],[77.708354,19.530144],[77.73076,19.531628],[77.751409,19.517042],[77.734748,19.491727],[77.740437,19.482484],[77.696661,19.456204],[77.697318,19.438426],[77.749913,19.429089],[77.79961,19.449213],[77.83498,19.440686],[77.845659,19.458552],[77.827962,19.477152],[77.845625,19.489257],[77.842912,19.506873],[77.859689,19.521601],[77.878671,19.513665],[77.909887,19.533077],[77.916715,19.515205],[77.941058,19.496072],[77.954099,19.510409],[77.972511,19.507735],[77.987616,19.477711],[77.984943,19.460293],[78.010789,19.452609997000025],[78.018558,19.48462],[78.034646,19.487088],[78.068514,19.457887],[78.098374,19.482493],[78.112741,19.480255],[78.12397,19.509929],[78.137191,19.518742],[78.130247,19.550365],[78.149002,19.54407],[78.186451,19.554673],[78.187266,19.577337],[78.197679,19.617041],[78.179881,19.650244],[78.137535,19.663275],[78.120177,19.650257],[78.103796,19.655188],[78.093505,19.635718],[78.072198,19.657825],[78.055948,19.662558],[78.05138200300007,19.687609003000034],[78.028348,19.690422],[77.998429,19.672031],[77.981824,19.680358],[77.951304,19.727479],[77.935427,19.737283],[77.916436,19.728344],[77.858666,19.749561],[77.865364,19.769049],[77.850046,19.798911],[77.871513,19.820722],[77.874816,19.842951],[77.897737,19.874709],[77.96469,19.904763],[78.055104,19.923767],[78.078154,19.894309],[78.102195,19.889544],[78.129076,19.893308],[78.145669,19.910413],[78.176067,19.90495],[78.19264,19.895102],[78.218308,19.90889],[78.258168,19.901063],[78.242044,19.8819],[78.249911,19.866234],[78.280556,19.88124],[78.282725,19.901862],[78.308317,19.913539],[78.338172,19.882242],[78.381969,19.879675],[78.388695,19.843837],[78.424255,19.81686],[78.476305,19.814736],[78.486345,19.795284],[78.509774,19.799238],[78.516579,19.818255],[78.553975,19.823198],[78.573608,19.815079],[78.60489,19.817598],[78.626844,19.807391],[78.700291,19.787788],[78.719978,19.766012],[78.739266,19.782386],[78.760322,19.771945],[78.787646,19.775756],[78.798281,19.759237],[78.842316,19.761118],[78.861277,19.688713],[78.8532,19.657819],[78.889011,19.654578],[78.903675,19.669257],[78.956828,19.655154],[78.963216,19.636661],[78.957118,19.598945],[78.973383,19.588814],[78.967651,19.573452],[78.948024,19.560884],[78.95346,19.548076],[78.98262,19.560051],[78.999401,19.539295],[79.047387,19.547537],[79.106771,19.521587],[79.163218,19.48702],[79.168853,19.471963],[79.191113,19.458338],[79.22381,19.466773],[79.205841,19.489681],[79.20886,19.505338],[79.241422,19.534449],[79.238522,19.556349],[79.252426,19.576711],[79.252498,19.615085],[79.274352,19.598053],[79.308248,19.595769],[79.319753,19.575898],[79.367144,19.575543],[79.406933,19.53475],[79.434756,19.536465],[79.470387,19.50878],[79.502193,19.506595],[79.52002,19.519389],[79.520043,19.542317],[79.541362,19.55387],[79.552223,19.525903],[79.585484,19.508336],[79.601903,19.508712],[79.616276,19.559968],[79.633609,19.574298],[79.715865,19.586069],[79.736703,19.604172],[79.754909,19.606745],[79.78007,19.598877],[79.817795,19.573238],[79.833641,19.538254],[79.865264,19.510388],[79.906968,19.499216],[79.945362,19.46991],[79.949091,19.448878],[79.976178,19.41019],[79.978664,19.39337],[79.960564,19.335131],[79.967415,19.310223],[79.937835,19.263312],[79.925701,19.214644],[79.94390699500008,19.183405997000023],[79.946104,19.166292],[79.918937,19.146002],[79.87562600300004,19.123480998000048],[79.859831,19.095028],[79.871287,19.041402],[79.903166,19.040007],[79.922105,19.048884],[79.939758,19.039784],[79.943102,18.991255],[79.959243,18.93539],[79.955217,18.901866],[79.963086,18.865783],[79.91542545100003,18.825245662000043],[79.9229,18.808828],[79.974707,18.770905],[80.020278,18.769288],[80.037583,18.75384],[80.056804,18.722723],[80.08928,18.706885],[80.113746,18.68202],[80.126629,18.681049],[80.157343,18.699754],[80.18021,18.682409],[80.20091,18.690033],[80.219972,18.707001],[80.249991,18.705479],[80.272358,18.723699],[80.245789,18.755432],[80.251404,18.768188],[80.276184,18.764587],[80.298584,18.791199],[80.324036,18.798035],[80.356018,18.825806],[80.35144,18.846436],[80.301819,18.90979],[80.270996,18.941833],[80.275391,18.993591],[80.306824,19.026428],[80.301208,19.051025],[80.331238,19.069214],[80.32959,19.094421],[80.341187,19.098816],[80.329041,19.134399],[80.349609,19.159241],[80.390991,19.180603],[80.396423,19.194397],[80.385986,19.212402],[80.395386,19.244019],[80.431641,19.252991],[80.447815,19.263184],[80.4776,19.326416],[80.48822,19.340393],[80.522034,19.346802],[80.540222,19.376831],[80.566589,19.399231],[80.5802,19.400024],[80.593384,19.375183],[80.591614,19.351013],[80.614197,19.308594],[80.625,19.30481],[80.654785,19.321228],[80.684387,19.32843],[80.695007,19.313782],[80.691406,19.286011],[80.70318600200005,19.281189002000076],[80.761597,19.290588],[80.775635,19.312439],[80.85456300400006,19.36310300400004],[80.828186,19.381226],[80.813416,19.406433],[80.815002,19.4328],[80.832031,19.442627],[80.877441,19.44519],[80.900024,19.481018],[80.89679,19.519226],[80.876038,19.518005],[80.85199,19.528198],[80.836792,19.56604],[80.818237,19.570435],[80.777222,19.561584],[80.771423,19.585815],[80.742432,19.605408],[80.716187,19.615784],[80.671631,19.608398],[80.664185,19.621582],[80.678223,19.651611],[80.67804,19.698608],[80.656799,19.706787],[80.641785,19.724609],[80.588806,19.740234],[80.572815,19.758606],[80.544983,19.775818],[80.547791,19.817627],[80.52179,19.830994],[80.482239,19.826782],[80.450989,19.789001],[80.432617,19.806213],[80.471008,19.826599],[80.487793,19.862793],[80.507385,19.869812011000022],[80.491821,19.901611],[80.470215,19.906799],[80.451416,19.89563],[80.409607,19.911804],[80.412842,19.937622],[80.43219,19.940002],[80.453796,19.956787],[80.474792,19.950012],[80.482422,19.933594],[80.505798,19.927185],[80.525208,19.9328],[80.540588,19.950989],[80.539795,19.973999],[80.551025,19.984009],[80.544189,20.009399],[80.558228,20.069031],[80.545593,20.094788],[80.553589,20.117188],[80.5,20.144836],[80.461792,20.150208],[80.457031,20.137206999000057],[80.431641,20.135193],[80.406006,20.144836],[80.390198,20.164429],[80.402832,20.189392],[80.423035,20.196411],[80.406433,20.217834],[80.399841,20.243408],[80.453613,20.257385],[80.471436,20.271423],[80.494019,20.275391],[80.519226,20.265198],[80.547791,20.296814],[80.547607,20.305237],[80.585999,20.316406],[80.611389,20.317383],[80.627991,20.331787],[80.612427,20.37439],[80.593201,20.392822],[80.615234,20.436584],[80.614014,20.460388],[80.621216,20.503235],[80.627197,20.577393],[80.603027,20.608215],[80.578186,20.606995],[80.527039,20.580017],[80.506042,20.582642],[80.482605,20.617615],[80.489197,20.630005],[80.521606,20.655823],[80.581787,20.671997],[80.583435,20.696594],[80.568604,20.706787],[80.564392,20.746826],[80.553406,20.762634],[80.550842,20.795593],[80.560425,20.811401],[80.5578,20.888428],[80.536194,20.933838],[80.52179,20.929199],[80.46521,20.928406],[80.445435,20.97644],[80.445435,20.993225],[80.425842,21.007813],[80.451416,21.030212],[80.446838,21.119995],[80.462585,21.156006],[80.51922600100005,21.191833],[80.531189,21.20459],[80.554382,21.200012],[80.578186,21.215637],[80.619019,21.229004],[80.644409,21.24939],[80.652832,21.277039],[80.681213,21.298035],[80.683411,21.312439],[80.66162107000008,21.33343501400003],[80.622437,21.319641],[80.566589,21.349182],[80.56542968700006,21.36444091800007],[80.51818847700008,21.394226074000073],[80.47259521500007,21.395202637000068],[80.45141601600005,21.386596680000025],[80.45019531200006,21.37139892600004],[80.414429,21.37561],[80.39801,21.402222],[80.41961669900007,21.447814941000047],[80.409607,21.467407],[80.385193,21.490234135000037],[80.377625,21.523193],[80.333008,21.546631],[80.321594,21.575989],[80.29919423100006,21.575622769000063],[80.27142334000007,21.615783691000047],[80.22082519500003,21.622009277000075],[80.194397,21.634827],[80.15618896500007,21.605834961000028],[80.12518310500008,21.611022949000073],[80.11859130900007,21.593994141000053],[80.1026,21.589233],[80.073792,21.55603],[80.034424,21.555603],[80.003235,21.533386],[79.973022,21.55719],[79.937439,21.555603],[79.919983,21.523804],[79.88378906200006,21.525390625000057],[79.83001709000007,21.54803466800007],[79.82342529300007,21.560607910000044],[79.79364013700007,21.585998535000044],[79.73638916000004,21.603210449000073],[79.70178222700008,21.592590332000043],[79.69219970700004,21.580810547000056],[79.66198730500008,21.575988770000038],[79.65423584000007,21.555419922000056],[79.62384033200004,21.557006837000074],[79.58282470700004,21.54058837900004],[79.56799316400003,21.54699707000003],[79.54162597800007,21.541992187000062],[79.54162597700008,21.570007324000073],[79.513611,21.583191],[79.50518798900004,21.612],[79.50878906200006,21.634033203000058],[79.497803,21.673218],[79.462219,21.686829],[79.43658414500004,21.682007],[79.417236,21.690613],[79.39318819200008,21.67321805800003],[79.354797,21.678223],[79.28723144500003,21.694824219000054],[79.27941894500003,21.708801270000038],[79.24658203100006,21.72082519500003],[79.222229,21.6922],[79.232605,21.669617],[79.225403,21.64801],[79.158813,21.659607],[79.164185,21.644836],[79.131592,21.625183],[79.078003,21.604797],[79.013794,21.598816],[78.999817,21.618408],[78.976807,21.617004],[78.946228,21.592224],[78.91803,21.590393],[78.914429,21.550232],[78.928589,21.521606],[78.945618,21.515198],[78.937195,21.485413],[78.900635,21.499817],[78.892212,21.484619],[78.86084,21.493225],[78.841187,21.486389],[78.80603,21.489807],[78.781616,21.47821],[78.752197,21.492188],[78.729187,21.461609],[78.690613,21.481201],[78.66803,21.47644],[78.644592,21.484802],[78.630005,21.474792],[78.611023,21.487793],[78.586792,21.486206],[78.561401,21.512634],[78.542236,21.52301],[78.506226,21.526001],[78.48822,21.505005],[78.458435,21.495422],[78.435791,21.503784],[78.438599,21.518799],[78.426392,21.542419],[78.421204,21.572388],[78.428833,21.597839],[78.393799,21.61322],[78.38324,21.591187],[78.356995,21.572388],[78.34298711000008,21.586605096000028]]]},"properties":{"OBJECTID":249,"object_id":6,"name":"VIDARBHA","state_code":"MAHARASHTRA","region_cod":"CENTRAL INDIA","subdivisio":"VIDARBHA","uorder":26},"id": 35},
{"type":"Feature","geometry":{"type":"Polygon","coordinates":[[[75.41723632800006,12.498413086000028],[75.38281250000006,12.500793457000043],[75.37322998000008,12.476196289000029],[75.34619140600006,12.46179199200003],[75.33099365200007,12.49780273400006],[75.30499267600004,12.502197266000053],[75.30401611300005,12.52142334000007],[75.28100585900006,12.523010254000042],[75.27062988300008,12.548400879000042],[75.27301025400004,12.569030762000068],[75.29058837900004,12.582641602000024],[75.32641601600005,12.581420898000033],[75.29919433600008,12.606018066000047],[75.27642822300004,12.618591309000067],[75.23840332000003,12.567199707000043],[75.22119140600006,12.567016602000024],[75.19879150400004,12.61444091800007],[75.18298339800003,12.630432129000042],[75.15478515600006,12.622619629000042],[75.14459228500004,12.640625],[75.16180419900007,12.67181396500007],[75.11260986300005,12.67962646500007],[75.10583496100008,12.69720459000007],[75.08520507800006,12.69580078100006],[75.08721923800005,12.674011230000076],[75.04321289100005,12.670837402000075],[75.04339599600007,12.692199707000043],[75.05401611300005,12.71124267600004],[75.01202392600004,12.726806641000053],[74.98400878900003,12.74304199200003],[75.00561523400006,12.759826660000044],[75.00402832000003,12.790588379000042],[74.96740722700008,12.775390625000057],[74.95898437500006,12.783630371000072],[74.92840576200007,12.777587891000053],[74.88323974600007,12.752990723000039],[74.87042236300005,12.759399414000029],[74.86761474600007,12.748840332000043],[74.90161132800006,12.672424316000047],[74.97442627000004,12.5],[74.99938964800003,12.448791504000042],[75.03222656200006,12.390441895000038],[75.04003906200006,12.390441895000038],[75.08563232400007,12.29022216800007],[75.20202636700003,12.017822266000053],[75.20379638700007,12.00421142600004],[75.23620605500008,12.023437500000057],[75.24938964800003,12.016235352000024],[75.28820800800008,11.958435059000067],[75.30639648400006,11.967041016000053],[75.30938720700004,11.941406250000057],[75.32238769500003,11.897827148000033],[75.33178710900006,11.894409180000025],[75.36859130900007,11.851989746000072],[75.38439941400003,11.86022949200003],[75.41040039100005,11.834594727000024],[75.42822265600006,11.807006836000028],[75.45379638700007,11.784790039000029],[75.46380615200007,11.764404297000056],[75.50842285200008,11.731018066000047],[75.53503418000008,11.69720459000007],[75.55883789100005,11.650390625000057],[75.58563232400007,11.573608398000033],[75.60443115200007,11.532592773000033],[75.62139892600004,11.476440430000025],[75.63159179700006,11.46319580100004],[75.65380859400005,11.46179199200003],[75.67681884800004,11.450439453000058],[75.70019531200006,11.423400879000042],[75.72863769500003,11.368408203000058],[75.73962402300003,11.357238770000038],[75.73962402300003,11.328002930000025],[75.74841308600008,11.316833496000072],[75.77459716800007,11.250427246000072],[75.79779052700007,11.179199219000054],[75.83380127000004,11.11303710900006],[75.85223388700007,11.05358886700003],[75.86700439500004,10.993225098000039],[75.86779785200008,10.973022461000028],[75.88958740200007,10.876220703000058],[75.90423584000007,10.79663085900006],[75.92480468700006,10.765441895000038],[75.93524169900007,10.72900390600006],[75.96539306600005,10.668395996000072],[75.99023437500006,10.609191895000038],[76.01062011700003,10.57202148400006],[76.03302002000004,10.506835937000062],[76.06243896500007,10.465209961000028],[76.09503173800005,10.392211914000029],[76.12078857400007,10.315185547000056],[76.14001464800003,10.232788086000028],[76.18682861300005,10.119018555000025],[76.19824218700006,10.065429687000062],[76.22039794900007,10.002197266000053],[76.23419189500004,9.987792969000054],[76.24243164100005,9.944030762000068],[76.25683593700006,9.907592773000033],[76.27801513700007,9.807189941000047],[76.30218505900007,9.583984375000057],[76.30859375000006,9.540039062000062],[76.32501220700004,9.459228516000053],[76.35839843700006,9.362609863000046],[76.38281250000006,9.316406250000057],[76.41162109400005,9.248413086000028],[76.46661377000004,9.127990723000039],[76.47760009800004,9.11639404300007],[76.48663330100004,9.084594727000024],[76.50738525400004,9.040832520000038],[76.52362060500008,8.995788574000073],[76.54962158200004,8.89819335900006],[76.56939697300004,8.88079834000007],[76.59179687500006,8.877197266000053],[76.61480712900004,8.856018066000047],[76.67224121100008,8.780822754000042],[76.71343994100005,8.730834961000028],[76.77301025400004,8.651611328000058],[76.85601806600005,8.550842285000044],[76.88458252000004,8.509582520000038],[76.94018554700006,8.44421386700003],[76.97100830100004,8.412841797000056],[76.97399902300003,8.390625],[77.00659179700006,8.360412598000039],[77.02001953100006,8.356994629000042],[77.09759521500007,8.292602539000029],[77.11981201200007,8.315002441000047],[77.14239502000004,8.327392578000058],[77.16961669900007,8.330993652000075],[77.17620849600007,8.348388672000056],[77.16082763700007,8.36639404300007],[77.18359375000006,8.40319824200003],[77.19799804700006,8.418029785000044],[77.20703125000006,8.442382812000062],[77.22802734400005,8.445190430000025],[77.21398925800008,8.468811035000044],[77.21459960900006,8.510437012000068],[77.23980712900004,8.494384766000053],[77.26318359400005,8.505004883000026],[77.27703857400007,8.538024902000075],[77.26800537100007,8.582397461000028],[77.25799560500008,8.589416504000042],[77.25262451200007,8.618835449000073],[77.21520996100008,8.647583008000026],[77.20202636700003,8.667419434000067],[77.20782470700004,8.682983398000033],[77.19598388700007,8.70623779300007],[77.17822265600006,8.723388672000056],[77.20123291000004,8.761230469000054],[77.23040771500007,8.78240966800007],[77.26501464800003,8.840393066000047],[77.25781250000006,8.876586914000029],[77.23858642600004,8.884216309000067],[77.22222900400004,8.902587891000053],[77.22479248000008,8.922790527000075],[77.19799804700006,8.934997559000067],[77.19799804700006,8.950195312000062],[77.17462158200004,8.989807129000042],[77.16259765600006,8.993591309000067],[77.14801025400004,9.01983642600004],[77.16802978500004,9.043395996000072],[77.19824218700006,9.044982910000044],[77.21002197300004,9.073791504000042],[77.21319580100004,9.098388672000056],[77.24798584000007,9.122436523000033],[77.26879882800006,9.151794434000067],[77.26519775400004,9.19702148400006],[77.28198242200006,9.215026855000076],[77.27642822300004,9.233398437000062],[77.28442382800006,9.27142334000007],[77.28320312500006,9.297241211000028],[77.30059814500004,9.309387207000043],[77.30102539100005,9.335388184000067],[77.31658935500008,9.333435059000067],[77.33843994100005,9.36358642600004],[77.34478759800004,9.39959716800007],[77.33758544900007,9.410827637000068],[77.35083007800006,9.440185547000056],[77.36700439500004,9.458618164000029],[77.39361572300004,9.458007812000062],[77.40020752000004,9.49499511700003],[77.41339111300005,9.507995605000076],[77.38623046900005,9.517822266000053],[77.36663818400007,9.533630371000072],[77.36682128900003,9.549621582000043],[77.33843994100005,9.574584961000028],[77.32543945300006,9.59619140600006],[77.30480957000003,9.59741210900006],[77.27038574200003,9.571411133000026],[77.25463867200006,9.58123779300007],[77.23522949200003,9.58038330100004],[77.20458984400005,9.61303710900006],[77.18719482400007,9.605041504000042],[77.16900634800004,9.614196777000075],[77.18218994100005,9.657836914000029],[77.20782470700004,9.693237305000025],[77.20562744100005,9.72241210900006],[77.22082519500003,9.740600586000028],[77.23022460900006,9.765441895000038],[77.22381591800007,9.786987305000025],[77.24798584000007,9.796997070000032],[77.22802734400005,9.820434570000032],[77.23840332000003,9.850585937000062],[77.21820068400007,9.867614746000072],[77.21942138700007,9.903442383000026],[77.23101806600005,9.911193848000039],[77.23742675800008,9.934387207000043],[77.27398681600005,9.96282959000007],[77.25579834000007,10.010986328000058],[77.26501464800003,10.02783203100006],[77.25201416000004,10.044189453000058],[77.20520019500003,10.087036133000026],[77.20220947300004,10.105834961000028],[77.24542236300005,10.130187988000046],[77.26678466800007,10.120788574000073],[77.27600097700008,10.129821777000075],[77.27319335900006,10.164428711000028],[77.28558349600007,10.207397461000028],[77.29638671900005,10.217041016000053],[77.28198242200006,10.23522949200003],[77.26580810500008,10.233642578000058],[77.26458740200007,10.262390137000068],[77.22900390600006,10.314025879000042],[77.23638916000004,10.351440430000025],[77.17718505900007,10.357238770000038],[77.12121582000003,10.316589355000076],[77.09301757800006,10.311584473000039],[77.05700683600008,10.285827637000068],[77.05163574200003,10.260437012000068],[77.00640869100005,10.237609863000046],[76.98419189500004,10.220031738000046],[76.94018554700006,10.23681640600006],[76.91143798800005,10.233642578000058],[76.89880371100008,10.259399414000029],[76.87402343700006,10.274841309000067],[76.87078857400007,10.296386719000054],[76.84918212900004,10.285217285000044],[76.83099365200007,10.311218262000068],[76.84698486300005,10.35540771500007],[76.84521484400005,10.37298584000007],[76.82440185500008,10.393188477000024],[76.83483886700003,10.401428223000039],[76.81701660200008,10.42163085900006],[76.82904052700007,10.44842529300007],[76.83142089800003,10.495788574000073],[76.84320068400007,10.534240723000039],[76.83880615200007,10.596618652000075],[76.82659912100007,10.594787598000039],[76.81243896500007,10.618591309000067],[76.82000732400007,10.632385254000042],[76.86962890600006,10.631835937000062],[76.88323974600007,10.637634277000075],[76.87878418000008,10.666381836000028],[76.86718750000006,10.683410645000038],[76.90502929700006,10.761413574000073],[76.90838623000008,10.781982422000056],[76.89984130900007,10.807617187000062],[76.87121582000003,10.807617187000062],[76.84960937500006,10.84881591800007],[76.83178710900006,10.869201660000044],[76.79278564500004,10.880432129000042],[76.78259277300003,10.88983154300007],[76.73999023400006,10.893615723000039],[76.69622802700007,10.908996582000043],[76.66003418000008,10.929199219000054],[76.66778564500004,10.966796875000057],[76.68701171900005,10.987792969000054],[76.69018554700006,11.007385254000042],[76.71679687500006,11.039184570000032],[76.76763916000004,11.02783203100006],[76.77020263700007,11.041992187000062],[76.74761962900004,11.055419922000056],[76.75561523400006,11.076782227000024],[76.74438476600005,11.101196289000029],[76.74920654300007,11.133422852000024],[76.72644043000008,11.135437012000068],[76.70520019500003,11.148010254000042],[76.69598388700007,11.165405273000033],[76.71539306600005,11.18640136700003],[76.73120117200006,11.192199707000043],[76.73663330100004,11.214233398000033],[76.70764160200008,11.23718261700003],[76.68499755900007,11.232238770000038],[76.67742919900007,11.218994141000053],[76.63000488300008,11.192993164000029],[76.60180664100005,11.196228027000075],[76.53479003900003,11.184387207000043],[76.5,11.210021973000039],[76.45001220700004,11.204223633000026],[76.45404052700007,11.23803710900006],[76.48803710900006,11.25701904300007],[76.52258300800008,11.269409180000025],[76.52783203100006,11.287231445000032],[76.54321289100005,11.29541015600006],[76.53839111300005,11.31280517600004],[76.55102539100005,11.329589844000054],[76.54882812500006,11.357604980000076],[76.51599121100008,11.358398437000062],[76.51879882800006,11.370239258000026],[76.46142578100006,11.387634277000075],[76.36962890600006,11.45501709000007],[76.34320068400007,11.466430664000029],[76.32702636700003,11.452819824000073],[76.28582763700007,11.481384277000075],[76.265625,11.480041504000042],[76.24822998000008,11.466613770000038],[76.25122070300006,11.525634766000053],[76.23498535200008,11.569824219000054],[76.28002929700006,11.599609375000057],[76.29699707000003,11.588989258000026],[76.30340576200007,11.570007324000073],[76.33679199200003,11.594421387000068],[76.35559082000003,11.588012695000032],[76.37902832000003,11.600585937000062],[76.38903808600008,11.628417969000054],[76.42803955100004,11.632202148000033],[76.44439697300004,11.642395020000038],[76.43243408200004,11.66522216800007],[76.41778564500004,11.670593262000068],[76.40441894500003,11.708984375000057],[76.42840576200007,11.725402832000043],[76.41198730500008,11.756835937000062],[76.37799072300004,11.743408203000058],[76.36383056600005,11.747192383000026],[76.34063720700004,11.737792969000054],[76.32061767600004,11.74920654300007],[76.30859375000006,11.783630371000072],[76.28979492200006,11.793395996000072],[76.28118896500007,11.811218262000068],[76.25,11.802185059000067],[76.22460937500006,11.807006836000028],[76.21081543000008,11.826232910000044],[76.20843505900007,11.860412598000039],[76.18762207000003,11.870788574000073],[76.14703369100005,11.865783691000047],[76.12103271500007,11.848999023000033],[76.11578369100005,11.865417480000076],[76.11340332000003,11.977600098000039],[76.09564209000007,11.967590332000043],[76.07098388700007,11.965820312000062],[76.03338623000008,11.938598633000026],[76.00421142600004,11.930236816000047],[75.95739746100008,11.94061279300007],[75.89782714800003,11.943420410000044],[75.85943603500004,11.957641602000024],[75.84783935500008,11.980834961000028],[75.83099365200007,11.982788086000028],[75.82220459000007,12.013793945000032],[75.81103515600006,12.021606445000032],[75.79882812500006,12.050231934000067],[75.80358886700003,12.078186035000044],[75.75323486300005,12.083984375000057],[75.71563720700004,12.06921386700003],[75.71520996100008,12.088439941000047],[75.70422363300008,12.106994629000042],[75.68859863300008,12.109191895000038],[75.66821289100005,12.095214844000054],[75.65020752000004,12.106994629000042],[75.64398193400007,12.136596680000025],[75.62182617200006,12.153991699000073],[75.57800293000008,12.155639648000033],[75.54180908200004,12.199218750000057],[75.51239013700007,12.259033203000058],[75.48583984400005,12.28881835900006],[75.43359375000006,12.292236328000058],[75.41119384800004,12.34600830100004],[75.42260742200006,12.372009277000075],[75.38000488300008,12.391601562000062],[75.36682128900003,12.410583496000072],[75.37402343700006,12.458007812000062],[75.40521240200007,12.453796387000068],[75.42419433600008,12.465637207000043],[75.41723632800006,12.498413086000028]]]},"properties":{"OBJECTID":278,"object_id":7,"name":"KERALA & MAHE","state_code":"KERALA","region_cod":"SOUTH PENINSULA","subdivisio":"KERALA & MAHE","uorder":35},"id": 17},
{"type":"Feature","geometry":{"type":"Polygon","coordinates":[[[83.52459716800007,17.948242187000062],[83.54583740200007,17.962402344000054],[83.57141113300008,18.010986328000058],[83.69641113300008,18.09759521500007],[83.77923584000007,18.141235352000024],[83.86279296900005,18.17358398400006],[83.88238525400004,18.190795898000033],[83.93762207000003,18.208007812000062],[84.00738525400004,18.24603271500007],[84.07482910200008,18.276794434000067],[84.13122558600008,18.315795898000033],[84.12878418000008,18.343017578000058],[84.14941406200006,18.37261962900004],[84.23303222700008,18.453796387000068],[84.28338623000008,18.497436523000033],[84.35760498000008,18.55499267600004],[84.36718750000006,18.58801269500003],[84.38818359400005,18.610595703000058],[84.44061279300007,18.65740966800007],[84.44598388700007,18.676025391000053],[84.47418212900004,18.716186523000033],[84.51300048800005,18.756408691000047],[84.55401611300005,18.79022216800007],[84.55999755900007,18.817016602000024],[84.57763671900005,18.83782959000007],[84.58703613300008,18.86358642600004],[84.60620117200006,18.889587402000075],[84.67279052700007,18.951232910000044],[84.72198486300005,19.01483154300007],[84.76361084000007,19.078186035000044],[84.71099853500004,19.115234375000057],[84.70043945300006,19.126403809000067],[84.71759033200004,19.15478515600006],[84.67102050800008,19.166015625000057],[84.66680908200004,19.131835937000062],[84.60900878900009,19.128784180000025],[84.60961914100005,19.100830078000058],[84.64782714800003,19.09619140600006],[84.66320800800008,19.074584961000028],[84.63104248000008,19.060424805000025],[84.61883544900007,19.065795898000033],[84.59698486300005,19.02124023400006],[84.58178710900006,19.030212402000075],[84.58203125000006,19.06298828100006],[84.51641845700004,19.04840087900004],[84.48260498000008,19.016235352000024],[84.47802734400005,18.991027832000043],[84.44342041000004,18.99182128900003],[84.44958496100008,18.976989746000072],[84.42419433600008,18.94738769500003],[84.43878173800005,18.922790527000075],[84.41961669900007,18.89819335900006],[84.38458252000004,18.886230469000054],[84.37744140600006,18.86480712900004],[84.36419677700007,18.859802246000072],[84.33880615200007,18.88861084000007],[84.32818603500004,18.876220703000058],[84.34722900400004,18.848022461000028],[84.34979248000008,18.82061767600004],[84.33099365200007,18.815795898000033],[84.32098388700007,18.786987305000025],[84.28900146500007,18.804016113000046],[84.26763916000004,18.78424072300004],[84.24078369100005,18.797241211000028],[84.16979980500008,18.788208008000026],[84.14044189500004,18.777038574000073],[84.13818359400005,18.76184082000003],[84.10339355500008,18.760192871000072],[84.07843017600004,18.76519775400004],[84.04962158200004,18.799438477000024],[84.04559326200007,18.81280517600004],[84.01678466800007,18.81604003900003],[84.00518798800005,18.809204102000024],[83.97363281200006,18.814819336000028],[83.95538330100004,18.80639648400006],[83.92858886700003,18.821411133000026],[83.89300537100007,18.824829102000024],[83.84582519500003,18.873596191000047],[83.84802246100008,18.91259765600006],[83.82183837900004,18.938232422000056],[83.82379150400004,18.95678710900006],[83.79681396500007,19.017028809000067],[83.74963378900009,18.994812012000068],[83.74981689500004,18.973388672000056],[83.76123046900005,18.95080566400003],[83.78662109400005,18.932617187000062],[83.78240966800007,18.910583496000072],[83.75604248000008,18.924011230000076],[83.73638916000004,18.968200684000067],[83.73522949200003,18.98663330100004],[83.71099853500004,19.004821777000075],[83.68743896500007,19.057434082000043],[83.66241455100004,19.083435059000067],[83.66479492200006,19.098022461000028],[83.65179443400007,19.122192383000026],[83.62402343700006,19.14624023400006],[83.60363769500003,19.134216309000067],[83.59979248000008,19.117797852000024],[83.61279296900005,19.095031738000046],[83.56903076200007,19.07080078100006],[83.54364013700007,19.040039062000062],[83.53979492200006,19.010986328000058],[83.50299072300004,19.019592285000044],[83.52142334000007,19.038024902000075],[83.51300048800005,19.065185547000056],[83.49798584000007,19.06402587900004],[83.46838378900009,19.078796387000068],[83.47302246100008,19.041625977000024],[83.48541259800004,19.03283691400003],[83.47979736300005,19.006408691000047],[83.45404052700007,19.011413574000073],[83.45739746100008,18.990234375000057],[83.47198486300005,18.968200684000067],[83.44958496100008,18.955993652000075],[83.44104003900009,18.974792480000076],[83.41760253900009,18.989196777000075],[83.40222168000008,19.008422852000024],[83.37158203100006,19.002624512000068],[83.36840820300006,19.015014648000033],[83.34478759800004,19.017395020000038],[83.34020996100008,18.99920654300007],[83.31219482400007,18.994812012000068],[83.32141113300008,18.971435547000056],[83.34063720700004,18.952819824000073],[83.32818603500004,18.93121337900004],[83.35040283200004,18.92541503900003],[83.39941406200006,18.877624512000068],[83.40399169900007,18.84283447300004],[83.37939453100006,18.830993652000075],[83.36444091800007,18.842590332000043],[83.34802246100008,18.82702636700003],[83.28424072300004,18.797607422000056],[83.28143310500008,18.773986816000047],[83.24322509800004,18.76843261700003],[83.22540283200004,18.75103759800004],[83.19323730500008,18.753234863000046],[83.17803955100004,18.770996094000054],[83.15539550800008,18.768798828000058],[83.13903808600008,18.785400391000053],[83.12182617200006,18.773986816000047],[83.09381103500004,18.721984863000046],[83.07458496100008,18.70483398400006],[83.05822753900009,18.66558837900004],[83.02459716800007,18.65423584000007],[83.01959228500004,18.635437012000068],[83.00079345700004,18.620605469000054],[83.03259277300003,18.579223633000026],[83.04742431600005,18.543212891000053],[83.06182861300005,18.541015625000057],[83.08959960900006,18.55303955100004],[83.07519531200006,18.514587402000075],[83.05523681600005,18.485595703000058],[83.02099609400005,18.45623779300007],[83.04101562500006,18.440795898000033],[83.04321289100005,18.426025391000053],[83.07720947300004,18.40319824200003],[83.05462646500007,18.379821777000075],[83.02203369100005,18.391601562000062],[82.99621582000003,18.384826660000044],[82.96722412100007,18.358825684000067],[82.93981933600008,18.360595703000058],[82.92242431600005,18.375183105000076],[82.90362548800005,18.373229980000076],[82.89263916000004,18.38861084000007],[82.89678955100004,18.423217773000033],[82.87219238300008,18.418395996000072],[82.81579589800003,18.45080566400003],[82.78240966800007,18.430603027000075],[82.79278564500004,18.385192871000072],[82.79058837900004,18.36303710900006],[82.77441406200006,18.340209961000028],[82.73400878900009,18.320007324000073],[82.71478271500007,18.32220459000007],[82.70178222700008,18.310424805000025],[82.65679931600005,18.296020508000026],[82.64300537100007,18.27142334000007],[82.65100097700008,18.250793457000043],[82.63818359400005,18.236389160000044],[82.59222412100007,18.280212402000075],[82.59521484400005,18.326599121000072],[82.60400390600006,18.345397949000073],[82.60778808600008,18.37902832000003],[82.59661865200007,18.38842773400006],[82.56158447300004,18.39959716800007],[82.54223632800006,18.398803711000028],[82.54821777300003,18.427001953000058],[82.55999755900007,18.438781738000046],[82.52099609400005,18.466186523000033],[82.53601074200003,18.476806641000053],[82.52783203100006,18.515441895000038],[82.50561523400006,18.51342773400006],[82.48303222700008,18.53918457000003],[82.46459960900006,18.533203125000057],[82.42779541000004,18.482421875000057],[82.40362548800005,18.463989258000026],[82.38281250000006,18.433593750000057],[82.36462402300003,18.421203613000046],[82.37982177700007,18.403625488000046],[82.38439941400009,18.365600586000028],[82.34002685500008,18.322814941000047],[82.35021972700008,18.316223145000038],[82.37463378900003,18.327636719000054],[82.39300537100007,18.32580566400003],[82.39239502000004,18.297790527000075],[82.375,18.28082275400004],[82.34478759800004,18.280395508000026],[82.33343505900007,18.25280761700003],[82.33660888700007,18.240600586000028],[82.32501220700004,18.210205078000058],[82.31243896500007,18.20520019500003],[82.31658935500008,18.182983398000033],[82.35418701200007,18.171020508000026],[82.37243652300003,18.14801025400004],[82.36779785200008,18.13702392600004],[82.34039306600005,18.150390625000057],[82.33441162100007,18.12658691400003],[82.33843994100005,18.09918212900004],[82.35180664100005,18.076782227000024],[82.34399414100005,18.05780029300007],[82.30639648400006,18.055603027000075],[82.29162597700008,18.068786621000072],[82.27221679700006,18.056640625000057],[82.27362060500008,18.01843261700003],[82.26641845700004,17.99462890600006],[82.24603271500007,17.992797852000024],[82.20520019500003,18.014587402000075],[82.19042968700006,18.015014648000033],[82.16900634800004,18.05181884800004],[82.13720703100006,18.044189453000058],[82.13482666000004,18.058837891000053],[82.10198974600007,18.059997559000067],[82.07659912100007,18.075012207000043],[82.06500244100005,18.055786133000026],[82.03839111300005,18.06561279300007],[82.00738525400004,18.05621337900004],[82.00860595700004,18.02923584000007],[81.99438476600005,18.027221680000025],[81.96398925800008,18],[81.92279052700007,17.995605469000054],[81.90783691400003,17.982421875000057],[81.84381103500004,17.96124267600004],[81.80938720700004,17.95520019500003],[81.78961181600005,17.92498779300007],[81.75,17.898620605000076],[81.75018310500008,17.891601562000062],[81.71319580100004,17.872009277000075],[81.70660400400004,17.895812988000046],[81.66418457000003,17.881042480000076],[81.64239502000004,17.839233398000033],[81.61682128900003,17.82238769500003],[81.59619140600006,17.834594727000024],[81.57281494100005,17.836608887000068],[81.56622314500004,17.826599121000072],[81.53118896500007,17.82379150400004],[81.49023437500006,17.813415527000075],[81.48138427700007,17.835388184000067],[81.42059326200007,17.81420898400006],[81.39782625000004,17.819030249000036],[81.394997,17.793694],[81.356401,17.812263],[81.266985,17.810155],[81.217231,17.833585],[81.201909,17.845406],[81.169934,17.854696],[81.124354,17.823057],[81.104047,17.815104],[81.08289674400004,17.793416969000077],[81.07505315000003,17.760047701000076],[81.08595594700006,17.734649236000052],[81.07317920100007,17.696544023000058],[81.04002990500004,17.727015960000074],[81.03537467200005,17.744540366000024],[81.01602146400006,17.743940017000057],[80.98588146300006,17.75419052600006],[80.97793124000003,17.77474228600005],[80.95857518700006,17.774073732000033],[80.94566352100009,17.760037991000047],[80.92782402600005,17.76125517400004],[80.89392510500005,17.743690333000075],[80.88076978100008,17.730919605000054],[80.88456656500006,17.676459085000033],[80.91513025100005,17.668797631000075],[80.90965214600004,17.639899503000038],[80.85953927800006,17.634997534000036],[80.84297765400004,17.624676118000025],[80.85577347200007,17.609451831000058],[80.89871770100007,17.591084326000043],[80.95419149100007,17.593662271000028],[80.97769575000007,17.547211955000023],[81.00000481500007,17.53001830900007],[81.01201808200005,17.49265555200003],[81.10171481700007,17.456474150000076],[81.12954801500007,17.48570852000006],[81.16034840000003,17.475884531000077],[81.16981463900004,17.46069712800005],[81.16056529600007,17.440802802000064],[81.20082909600006,17.421324261000052],[81.22712515500007,17.438008613000022],[81.23958828700006,17.409623133000025],[81.26169325500007,17.393079758000056],[81.29944045700006,17.383714952000048],[81.31494630000003,17.370613524000078],[81.30423285900008,17.345412913000075],[81.27155744400005,17.318038646000048],[81.18974140100005,17.324763897000025],[81.17624855000008,17.28404256700003],[81.18611533700005,17.248113146000037],[81.16192103300006,17.231387513000072],[81.07570297600006,17.215857382000024],[81.05616501600008,17.220272709000028],[81.03040506600007,17.190390625000077],[80.99845896400006,17.190003472000058],[80.95953967600008,17.204291357000045],[80.94463773400008,17.217032756000037],[80.91824893200004,17.218972696000037],[80.92386812800004,17.15729735000002],[80.90376300300005,17.154434308000077],[80.88045001400008,17.161001568000074],[80.87964451800008,17.134151001000077],[80.86811527400005,17.082365069000048],[80.87664367600007,17.073065075000045],[80.85579622700004,17.04622296100007],[80.84156411300006,17.04521057900007],[80.79814603600005,17.061508273000072],[80.76356326000007,17.06673031100007],[80.74559677400003,17.077516966000076],[80.69787455800008,17.082581995000055],[80.66528566700003,17.067650942000057],[80.65497398800005,17.087410747000035],[80.66986271200005,17.101576348000037],[80.58000351500004,17.145502884000052],[80.55033716100007,17.119310459000076],[80.54020065800006,17.098513970000056],[80.51878550900005,17.084237204000033],[80.50907852700004,17.059323766000034],[80.47124560700007,17.050041105000048],[80.46469577700003,17.030383966000045],[80.43816867900006,17.037459813000055],[80.43091596600004,17.055683501000033],[80.40739016300006,17.08751608700004],[80.38446307500004,17.067572127000062],[80.39739517400005,17.052854871000022],[80.39509531900006,17.03621847900007],[80.40598492300006,17.01575318500005],[80.38675928500004,17.008451217000072],[80.36354195000007,16.975914801000044],[80.44682495000006,16.955648360000055],[80.49287040400003,16.92812954300007],[80.49639926700007,16.954599469000073],[80.52568822600006,16.94792659700005],[80.53267624700004,16.961828215000025],[80.57878000100004,16.93731841400006],[80.60028743400005,16.917178163000074],[80.59190231600007,16.90696668000004],[80.59517880600004,16.884964641000067],[80.56804999200006,16.86967323600004],[80.56247759000007,16.833093991000055],[80.59357892900005,16.802354300000047],[80.56916138500003,16.76859661700007],[80.55115883000008,16.774957502000063],[80.51535293500007,16.77563363200005],[80.48498830700004,16.79184513000007],[80.46404297300006,16.794929328000023],[80.46590596000004,16.816518186000053],[80.43099740600007,16.837945088000026],[80.42624756600003,16.849834994000048],[80.38481816000007,16.863605576000054],[80.38589665000006,16.84981779900005],[80.40428412800003,16.83333966500004],[80.37562019100005,16.82235479900004],[80.37289391400003,16.852084870000056],[80.34027190200004,16.860353563000047],[80.34374481300006,16.87443697200007],[80.32099989100004,16.88027952400006],[80.32433102100003,16.901386536000075],[80.31195028300004,16.91740683200004],[80.31537396800007,16.948462420000055],[80.30266962400003,16.95415494200006],[80.28324351700007,17.007550386000048],[80.26432710100005,16.99758191600006],[80.23950116700007,17.003028475000065],[80.22525949100003,17.015808863000075],[80.20796347500004,17.011735388000034],[80.19782263700006,17.027323695000064],[80.15270817700008,17.007477576000042],[80.14202757100009,16.990557159000048],[80.09714933200007,16.989995787000055],[80.09275951300003,16.968271680000043],[80.05664639900004,16.970873503000064],[80.05109580700008,16.93669368600007],[80.037828,16.920406550000052],[80.01673355900004,16.911697650000065],[80.00399674200008,16.861436603000072],[80.01791788500003,16.85363147700002],[80.04654282700005,16.85297395400005],[80.04626749900007,16.836117113000057],[80.07024059200006,16.821879807000073],[80.06943313600004,16.796506872000066],[80.05492581900006,16.768037633000063],[80.05383022800004,16.743266842000025],[80.03172518900004,16.715848434000065],[79.99537319500007,16.699151318000077],[79.96466800500008,16.644725987000072],[79.93136785500008,16.631284100000073],[79.90741013500008,16.63535530000007],[79.88961544400007,16.659833543000047],[79.87740107800005,16.697563478000063],[79.84783737000004,16.70516490400007],[79.81181605600005,16.69510992100004],[79.78598639300003,16.730487011000037],[79.74636442300005,16.720633133000035],[79.72984737500008,16.697097018000022],[79.71197437700005,16.689996258000065],[79.68418586800004,16.694888697000067],[79.66296497800005,16.687601561000065],[79.63295134000003,16.660725738000053],[79.59951530100005,16.673513127000035],[79.57440466600008,16.649183166000057],[79.54428943600004,16.63385629900006],[79.50313016600006,16.636577094000074],[79.48114260700004,16.62265948000004],[79.45770234200006,16.623264507000044],[79.43985665100007,16.61370766400006],[79.43374732000007,16.592111243000033],[79.41750136700006,16.58003952400003],[79.33672248900007,16.582220619000054],[79.30892524700005,16.574757426000076],[79.28494385000005,16.56113781600004],[79.25694847600005,16.566290994000042],[79.24799366000008,16.53462754000003],[79.22831546500004,16.52531932100004],[79.21456255000004,16.484685857000045],[79.23317477400008,16.460587118000035],[79.21125954100006,16.44645236300005],[79.20768875200008,16.384853270000065],[79.21048073900005,16.356960598000057],[79.23426320700008,16.33499603200005],[79.23019598800005,16.281060452000077],[79.22208116800005,16.23583865100005],[79.20996818000003,16.22417422700005],[79.16982983800006,16.21150702700004],[79.14697335100004,16.21453867400004],[79.12223787400006,16.23271751300007],[79.09927272100003,16.223947980000048],[79.07144139900004,16.22744035200003],[79.05225130900004,16.239434381000024],[79.01309545300006,16.242384793000042],[78.98571174600005,16.211272585000074],[78.96980108200006,16.211640704000047],[78.93086453600006,16.19964486400005],[78.90399012000006,16.179375160000063],[78.92475421900008,16.134021964000056],[78.92158814400005,16.122854106000034],[78.92914361800007,16.093042267000044],[78.90875370100008,15.966989854000076],[78.83760862100007,15.908036184000025],[78.81004000900003,15.86718789300005],[78.79063667700007,15.759698701000048],[78.77150012300007,15.664328745000034],[78.76934982500006,15.627148697000052],[78.77595801300004,15.528595906000078],[78.76950047400004,15.465701830000057],[78.77162546300008,15.420516145000022],[78.74739259600005,15.367990643000041],[78.73673290300007,15.326399557000059],[78.73864078000008,15.251806294000062],[78.73658379800008,15.201206802000058],[78.74185600600003,15.18374478000004],[78.75909475100008,15.185782448000055],[78.77776439300004,15.20043362000007],[78.87179696300007,15.198157108000032],[78.91958547800004,15.18750949300005],[78.92725592100004,15.228797622000059],[78.94786210200004,15.228747316000067],[78.95765958400006,15.176393822000023],[78.98173094000003,15.165126787000077],[79.01172641400007,15.169540597000037],[79.01708906000005,15.179547970000044],[79.08303441800007,15.173601088000055],[79.07207777000008,15.14823659800004],[79.07625681700006,15.102976585000022],[79.08952708300006,15.051397861000055],[79.08099337700008,14.985184835000041],[79.10392077100005,14.900904075000028],[79.13194249900005,14.871958349000067],[79.14065245100005,14.848434318000045],[79.15050609800005,14.79539866400006],[79.16026460500007,14.782694911000021],[79.16868804100005,14.746680664000053],[79.18551414800004,14.713275089000035],[79.17369129600007,14.684514841000066],[79.18667507700007,14.659201989000053],[79.18139223600008,14.645989146000034],[79.18907903800005,14.61845842100007],[79.20003458700006,14.615727493000065],[79.21991968400005,14.590346872000055],[79.24192378500004,14.594688536000035],[79.24838324400008,14.572933625000076],[79.27815997800008,14.534097484000029],[79.29311652100006,14.486522882000031],[79.31757125300004,14.474312243000043],[79.32728576300008,14.436745492000057],[79.34874527900007,14.406430045000036],[79.36751782400006,14.370557607000023],[79.36637029000008,14.352346091000072],[79.38948723800007,14.342144905000055],[79.42147615100004,14.281324964000078],[79.41976686900006,14.265889843000025],[79.43573579300005,14.244300905000046],[79.42275025900005,14.207589346000077],[79.42914749900007,14.194616383000039],[79.44500490000007,14.116490243000044],[79.45440706900007,14.101812566000035],[79.44277928900004,14.061824644000069],[79.43700093600006,14.02507124500005],[79.45683318600004,13.953583423000055],[79.45499743200008,13.922984563000057],[79.43997259300005,13.901775548000046],[79.47565218900007,13.900492561000021],[79.49883018200006,13.91149878300007],[79.55714281200005,13.915857897000024],[79.59286699400008,13.923569516000043],[79.59440983500008,13.887957621000055],[79.62049510400004,13.886034644000063],[79.62428469100007,13.871157391000054],[79.60951846900008,13.85164418000005],[79.66822771800008,13.835852671000055],[79.67401910300003,13.872642171000052],[79.67046059500007,13.886154416000068],[79.67875782100003,13.923423752000076],[79.69400024400005,13.913129809000054],[79.72927365300006,13.904023296000048],[79.72734606500006,13.862395487000072],[79.73870455400004,13.858058193000033],[79.73107537200008,13.819213433000073],[79.76864311800006,13.797229768000022],[79.80252395400004,13.796070588000077],[79.81541044000005,13.776357417000042],[79.84910005600005,13.77358524400006],[79.86092538300005,13.755884023000021],[79.85965450000003,13.73698425200007],[79.87026510600003,13.705966727000032],[79.88823553200007,13.701112159000047],[79.95746684800008,13.708348736000062],[79.97267233900004,13.683394497000052],[79.96059412000005,13.663903215000062],[79.97891845400005,13.641749997000034],[80.00031518600008,13.642608175000078],[80.00443327300007,13.618213414000024],[80.02335850200006,13.592904851000071],[80.02205605800003,13.57589248100004],[80.04666311300008,13.573289688000045],[80.03795303600003,13.53749747300003],[80.07861328100006,13.525207520000038],[80.07958984400005,13.487609863000046],[80.11242675800008,13.490600586000028],[80.11401367200006,13.50439453100006],[80.14599609400005,13.5],[80.14678955100004,13.490234375000057],[80.22521972700008,13.484436035000044],[80.24359130900007,13.47119140600006],[80.265625,13.56140136700003],[80.27001953100006,13.563415527000075],[80.24499511700003,13.612792969000054],[80.23498535200008,13.658813477000024],[80.23919677700007,13.723999023000033],[80.25518798800005,13.77978515600006],[80.25183105500008,13.795837402000075],[80.22241210900006,13.873840332000043],[80.19958496100008,13.916015625000057],[80.18322753900003,13.960021973000039],[80.15118408200004,14.030639648000033],[80.13720703100006,14.085388184000067],[80.12780761700003,14.169799805000025],[80.13079834000007,14.218994141000053],[80.14898681600005,14.299621582000043],[80.16619873000008,14.33819580100004],[80.17321777300003,14.372192383000026],[80.17523193400007,14.42822265600006],[80.18359375000006,14.525817871000072],[80.19622802700007,14.576599121000072],[80.19464111300005,14.592041016000053],[80.17242431600005,14.611206055000025],[80.14343261700003,14.702819824000073],[80.11639404300007,14.734985352000024],[80.09698486300005,14.786987305000025],[80.08880615200007,14.835998535000044],[80.08599853500004,14.882202148000033],[80.06939697300004,14.929199219000054],[80.05528118700005,15.006189994000067],[80.04858398400006,15.082641602000024],[80.06701660200008,15.152221680000025],[80.08624267600004,15.192626953000058],[80.09143066400003,15.22381591800007],[80.08361816400003,15.229797363000046],[80.08679199200003,15.281616211000028],[80.10699462900004,15.321594238000046],[80.11401367200006,15.349792480000076],[80.14642334000007,15.39819335900006],[80.20141601600005,15.463623047000056],[80.21179199200003,15.49304199200003],[80.20458984400005,15.505187988000046],[80.22619628900003,15.533020020000038],[80.23541259800004,15.595825195000032],[80.25823974600007,15.642395020000038],[80.28558349600007,15.686828613000046],[80.32904052700007,15.733398437000062],[80.36340332000003,15.762390137000068],[80.43902587900004,15.807006836000028],[80.49841308600008,15.83483886700003],[80.58843994100005,15.86499023400006],[80.64178466800007,15.876220703000058],[80.68823242200006,15.88061523400006],[80.72839355500008,15.877990723000039],[80.78039550800008,15.863403320000032],[80.81420898400006,15.830200195000032],[80.81420898400006,15.810241699000073],[80.78900146500007,15.818420410000044],[80.80340576200007,15.788391113000046],[80.81878662100007,15.741027832000043],[80.81719970700004,15.712402344000054],[80.85162353500004,15.70483398400006],[80.91998291000004,15.717041016000053],[80.93823242200006,15.71319580100004],[81.01019287100007,15.751831055000025],[81.01623535200008,15.770629883000026],[81.00939941400003,15.789184570000032],[81.01940918000008,15.804199219000054],[81.00640869100005,15.83679199200003],[81.04162597700008,15.872619629000042],[81.07342529300007,15.910400391000053],[81.11242675800008,15.945434570000032],[81.15020752000004,15.974182129000042],[81.14483642600004,15.993408203000058],[81.15118408200004,16.023437500000057],[81.18902587900004,16.092041016000053],[81.19738769500003,16.114196777000075],[81.21520996100008,16.205810547000056],[81.23278808600008,16.235839844000054],[81.27001953100006,16.277221680000025],[81.31903076200007,16.30963134800004],[81.39361572300004,16.338989258000026],[81.46759033200004,16.351013184000067],[81.51922607400007,16.35241699200003],[81.69238281200006,16.326416016000053],[81.70880127000004,16.316833496000072],[81.73559570300006,16.31439209000007],[81.76281738300008,16.325195312000062],[81.82501220700004,16.358032227000024],[81.88543701200007,16.383422852000024],[81.95043945300006,16.395202637000068],[82,16.419189453000058],[82.08801269500003,16.467224121000072],[82.14239502000004,16.492797852000024],[82.23303222700008,16.539794922000056],[82.27862548800005,16.558410645000038],[82.30120849600007,16.59143066400003],[82.28601074200003,16.625],[82.31201171900005,16.637390137000068],[82.32299804700006,16.67022705100004],[82.33959960900006,16.688781738000046],[82.34619140600006,16.75],[82.36041259800004,16.81298828100006],[82.36340332000003,16.853393555000025],[82.32061767600004,16.850219727000024],[82.30401611300005,16.861389160000044],[82.26983642600004,16.869018555000025],[82.24322509800004,16.906982422000056],[82.27398681600005,16.94683837900004],[82.27038574200003,16.95361328100006],[82.29003906200006,17.015014648000033],[82.30419921900005,17.03723144500003],[82.33422851600005,17.070190430000025],[82.42083740200007,17.152038574000073],[82.47460937500006,17.198608398000033],[82.54156187600006,17.246339981000062],[82.68841552700007,17.33361816400003],[82.72479248000008,17.35241699200003],[82.81842041000004,17.393188477000024],[82.97662353500004,17.465209961000028],[82.99920654300007,17.48162841800007],[83.01959228500004,17.505004883000026],[83.09698486300005,17.538208008000026],[83.15063476600005,17.55621337900004],[83.21838378900009,17.59460449200003],[83.24041748000008,17.62902832000003],[83.28338623000008,17.658996582000043],[83.30639648400006,17.697998047000056],[83.34863281200006,17.725585937000062],[83.36102294900007,17.759826660000044],[83.38922119100005,17.778808594000054],[83.41821289100005,17.82183837900004],[83.41284179700006,17.84100341800007],[83.42340087900004,17.85699462900004],[83.44543457000003,17.87158203100006],[83.47003173800005,17.90924072300004],[83.52459716800007,17.948242187000062],[83.52239990200007,17.949829102000024],[83.52459716800007,17.948242187000062]]]},"properties":{"OBJECTID":307,"object_id":29,"name":"CO AP and YANAM","state_code":"ANDHRA PRADESH","region_cod":"SOUTH PENINSULA","subdivisio":"CO AP and YANAM\r\n","uorder":28},"id": 6},
{"type":"Feature","geometry":{"type":"Polygon","coordinates":[[[79.23434109200008,10.077446831000032],[79.22723388700007,10.097839355000076],[79.23461914100005,10.125610352000024],[79.22943115200007,10.150817871000072],[79.23962402300003,10.157836914000029],[79.24243164100005,10.182617187000062],[79.26123046900005,10.192199707000043],[79.28002929700006,10.213989258000026],[79.26818847700008,10.227600098000039],[79.29980468700006,10.261840820000032],[79.33062744100005,10.283020020000038],[79.36163330100004,10.289794922000056],[79.38940429700006,10.316040039000029],[79.47320556600005,10.314636230000076],[79.47778320300006,10.349609375000057],[79.50341796900005,10.34741210900006],[79.50640869100005,10.37298584000007],[79.53680419900007,10.357421875000057],[79.56079101600005,10.384033203000058],[79.63842773400006,10.377197266000053],[79.64019775400004,10.340820312000062],[79.67718505900007,10.316589355000076],[79.70642089800003,10.291381836000028],[79.71319580100004,10.278015137000068],[79.76702880900007,10.27038574200003],[79.80822753900003,10.272827148000033],[79.85980224600007,10.280395508000026],[79.88183593700006,10.30322265600006],[79.88281250000006,10.322387695000032],[79.87200927700007,10.36163330100004],[79.86303710900006,10.47741699200003],[79.85821533200004,10.57202148400006],[79.85723877000004,10.669433594000054],[79.85083007800006,10.718200684000067],[79.85021972700008,10.809020996000072],[79.85382080100004,10.829406738000046],[79.85382080100004,10.886840820000032],[79.85821533200004,11.114013672000056],[79.85400390600006,11.195190430000025],[79.84643554700006,11.247192383000026],[79.83758544900007,11.282592773000033],[79.83422851600005,11.328186035000044],[79.84020996100008,11.352600098000039],[79.82562255900007,11.361389160000044],[79.81262207000003,11.431640625000057],[79.77923584000007,11.49920654300007],[79.77398681600005,11.499816895000038],[79.75842285200008,11.554809570000032],[79.76202392600004,11.62298584000007],[79.77398681600005,11.683227539000029],[79.79498291000004,11.767822266000053],[79.80261230500008,11.812194824000073],[79.82562255900007,11.885192871000072],[79.84838867200006,11.977233887000068],[79.85760498000008,12.003601074000073],[79.88598632800006,12.063232422000056],[80.01660156200006,12.26361084000007],[80.03558349600007,12.300415039000029],[80.06823730500008,12.345031738000046],[80.10461425800008,12.387634277000075],[80.15179443400007,12.453186035000044],[80.15863037100007,12.467041016000053],[80.16943359400005,12.533813477000024],[80.18499755900007,12.570434570000032],[80.20239257800006,12.63079834000007],[80.22839355500008,12.705810547000056],[80.24621582000003,12.75],[80.26000976600005,12.755187988000046],[80.26739502000004,12.780639648000033],[80.25878906200006,12.809020996000072],[80.25781250000006,12.857788086000028],[80.26318359400005,12.932189941000047],[80.26983642600004,12.977783203000058],[80.28918457000003,13.066589355000076],[80.30340576200007,13.113830566000047],[80.29980468700006,13.135986328000058],[80.31439209000007,13.166625977000024],[80.34643554700006,13.276611328000058],[80.34802246100008,13.312194824000073],[80.33062744100005,13.405395508000026],[80.32659912100007,13.443237305000025],[80.30718994100005,13.467407227000024],[80.29241943400007,13.5],[80.27001953100006,13.563415527000075],[80.265625,13.56140136700003],[80.24359130900007,13.47119140600006],[80.22521972700008,13.484436035000044],[80.14678955100004,13.490234375000057],[80.14599609400005,13.5],[80.11401367200006,13.50439453100006],[80.11242675800008,13.490600586000028],[80.07958984400005,13.487609863000046],[80.07861328100006,13.525207520000038],[80.03795303600003,13.53749747300003],[80.01483154300007,13.546020508000026],[80.00201416000004,13.524414062000062],[80.04980468700006,13.510986328000058],[80.04803466800007,13.492431641000053],[80.01739502000004,13.496826172000056],[80.00921630900007,13.476989746000072],[79.98559570300006,13.478210449000073],[79.97381591800007,13.467834473000039],[79.97479248000008,13.428405762000068],[79.94104003900003,13.423828125000057],[79.95141601600005,13.378601074000073],[79.93463134800004,13.350585937000062],[79.91821289100005,13.356811523000033],[79.90521240200007,13.339233398000033],[79.86962890600006,13.32983398400006],[79.86419677700007,13.315795898000033],[79.81042480500008,13.316040039000029],[79.79858398400006,13.29541015600006],[79.78619384800004,13.296386719000054],[79.76483154300007,13.315795898000033],[79.75378418000008,13.290405273000033],[79.73638916000004,13.27459716800007],[79.76263427700007,13.256225586000028],[79.79620361300005,13.240783691000047],[79.78918457000003,13.228027344000054],[79.76123046900005,13.20623779300007],[79.73400878900003,13.235595703000058],[79.68560791000004,13.243225098000039],[79.67980957000003,13.26062011700003],[79.69683837900004,13.268005371000072],[79.68280029300007,13.289611816000047],[79.64379882800006,13.28900146500007],[79.62902832000003,13.268798828000058],[79.60723877000004,13.286987305000025],[79.59521484400005,13.265014648000033],[79.57543945300006,13.257812500000057],[79.55963134800004,13.271606445000032],[79.53503418000008,13.277221680000025],[79.53619384800004,13.300231934000067],[79.54559326200007,13.31561279300007],[79.53881835900006,13.337402344000054],[79.49658203100006,13.343994141000053],[79.39959716800007,13.329040527000075],[79.38940429700006,13.316833496000072],[79.39501953100006,13.29858398400006],[79.41522216800007,13.299011230000076],[79.43499755900007,13.273803711000028],[79.41900634800004,13.270629883000026],[79.41979980500008,13.241821289000029],[79.45458984400005,13.236999512000068],[79.45520019500003,13.215820312000062],[79.43298339800003,13.18798828100006],[79.39361572300004,13.191223145000038],[79.35742187500006,13.163391113000046],[79.36639404300007,13.13562011700003],[79.33038330100004,13.12939453100006],[79.31121826200007,13.110839844000054],[79.28503418000008,13.12298584000007],[79.27880859400005,13.155029297000056],[79.25543212900004,13.14483642600004],[79.24218750000006,13.161193848000039],[79.21600341800007,13.155822754000042],[79.23364257800006,13.13702392600004],[79.23583984400005,13.10400390600006],[79.18640136700003,13.079223633000026],[79.18041992200006,13.056640625000057],[79.18621826200007,13.028625488000046],[79.16442871100008,13.018981934000067],[79.13861084000007,13.033630371000072],[79.10980224600007,13.03759765600006],[79.08221435500008,13.02459716800007],[79.06579589800003,13.050231934000067],[79.03979492200006,13.059997559000067],[79.03240966800007,13.07080078100006],[79.00518798800005,13.083435059000067],[78.98382568400007,13.085205078000058],[78.95678710900006,13.074584961000028],[78.92523193400007,13.079589844000054],[78.90740966800007,13.044006348000039],[78.89300537100007,13.031799316000047],[78.89703369100005,13.093994141000053],[78.88281250000006,13.096984863000046],[78.84301757800006,13.077392578000058],[78.81262207000003,13.08642578100006],[78.79138183600008,13.063598633000026],[78.75579834000007,13.054809570000032],[78.71582031200006,13.067382812000062],[78.70660400400004,13.014038086000028],[78.65759277300003,13.030029297000056],[78.65679931600005,13.014038086000028],[78.62219238300008,12.98999023400006],[78.63940429700006,12.963623047000056],[78.65399169900007,12.927795410000044],[78.63482666000004,12.92999267600004],[78.60278320300006,12.849609375000057],[78.60900878900003,12.82061767600004],[78.59442138700007,12.796997070000032],[78.59381103500004,12.781433105000076],[78.55902099600007,12.756225586000028],[78.56500244100005,12.736389160000044],[78.55560302700007,12.718017578000058],[78.55603027300003,12.697814941000047],[78.53619384800004,12.689819336000028],[78.52398681600005,12.717834473000039],[78.50402832000003,12.697387695000032],[78.49481201200007,12.672790527000075],[78.46923828100006,12.674621582000043],[78.47302246100008,12.63079834000007],[78.38061523400006,12.623840332000043],[78.30242919900007,12.664611816000047],[78.27722168000008,12.700988770000038],[78.24578857400007,12.70501709000007],[78.23901367200006,12.684631348000039],[78.21343994100005,12.687194824000073],[78.20861816400003,12.707214355000076],[78.23260498000008,12.711608887000068],[78.24218750000006,12.72882080100004],[78.23223877000004,12.759399414000029],[78.17883300800008,12.77459716800007],[78.16918945300006,12.768798828000058],[78.13562011700003,12.780639648000033],[78.12622070300006,12.796997070000032],[78.09143066400003,12.816223145000038],[78.07781982400007,12.838439941000047],[78.03179931600005,12.851196289000029],[78.01660156200006,12.812622070000032],[77.96520996100008,12.83178710900006],[77.95379638700007,12.848999023000033],[77.94140625000006,12.821838379000042],[77.91839599600007,12.838012695000032],[77.92401123000008,12.854431152000075],[77.94281005900007,12.87139892600004],[77.93060302700007,12.889587402000075],[77.89160156200006,12.868408203000058],[77.83721923800005,12.869201660000044],[77.80902099600007,12.846435547000056],[77.80462646500007,12.80358886700003],[77.78002929700006,12.76678466800007],[77.79559326200007,12.756408691000047],[77.76202392600004,12.69580078100006],[77.74060058600008,12.698608398000033],[77.74041748000008,12.671203613000046],[77.70239257800006,12.659423828000058],[77.67980957000003,12.659240723000039],[77.67761230500008,12.67822265600006],[77.66101074200003,12.682617187000062],[77.60003662100007,12.666015625000057],[77.59722900400004,12.648986816000047],[77.60723877000004,12.626831055000025],[77.59222412100007,12.614013672000056],[77.59240722700008,12.590637207000043],[77.58038330100004,12.571838379000042],[77.58758544900007,12.544433594000054],[77.58843994100005,12.51361084000007],[77.61419677700007,12.51202392600004],[77.58502197300004,12.47741699200003],[77.60980224600007,12.474792480000076],[77.63598632800006,12.485595703000058],[77.62841796900005,12.457214355000076],[77.62182617200006,12.381835937000062],[77.61560058600008,12.361206055000025],[77.60198974600007,12.357238770000038],[77.57958984400005,12.334411621000072],[77.56701660200008,12.304809570000032],[77.52819824200003,12.277404785000044],[77.48858642600004,12.27923584000007],[77.47222900400004,12.242187500000057],[77.48382568400007,12.228210449000073],[77.47381591800007,12.209594727000024],[77.49383544900007,12.195983887000068],[77.51959228500004,12.193237305000025],[77.54742431600005,12.20343017600004],[77.56719970700004,12.195190430000025],[77.61401367200006,12.204406738000046],[77.64080810500008,12.195190430000025],[77.65863037100007,12.198242187000062],[77.69982910200008,12.183837891000053],[77.73321533200004,12.178405762000068],[77.75439453100006,12.132812500000057],[77.77740478500004,12.116027832000043],[77.75683593700006,12.07843017600004],[77.72918701200007,12.06140136700003],[77.69738769500003,12.014587402000075],[77.67022705100004,11.947814941000047],[77.62384033200004,11.94561767600004],[77.60540771500007,11.936584473000039],[77.56219482400007,11.940795898000033],[77.53918457000003,11.931213379000042],[77.49780273400006,11.942382812000062],[77.49078369100005,11.905395508000026],[77.47839355500008,11.889221191000047],[77.46502685500008,11.892822266000053],[77.46740722700008,11.84881591800007],[77.45098877000004,11.794799805000025],[77.42919921900005,11.765808105000076],[77.39044189500004,11.787231445000032],[77.37023925800008,11.785400391000053],[77.33624267600004,11.77001953100006],[77.29479980500008,11.80780029300007],[77.28900146500007,11.799194336000028],[77.25158691400003,11.811584473000039],[77.23962402300003,11.793395996000072],[77.19018554700006,11.791198730000076],[77.14819335900006,11.780639648000033],[77.13922119100005,11.77142334000007],[77.11181640600006,11.772216797000056],[77.11279296900005,11.741821289000029],[77.10601806600005,11.73162841800007],[77.08380127000004,11.73858642600004],[77.05743408200004,11.768615723000039],[77.06402587900004,11.789184570000032],[77.03979492200006,11.792602539000029],[77.01403808600008,11.813415527000075],[76.99462890600006,11.807983398000033],[76.97100830100004,11.775634766000053],[76.95703125000006,11.790039062000062],[76.94183349600007,11.787231445000032],[76.90899658200004,11.794006348000039],[76.89758300800008,11.775207520000038],[76.88940429700006,11.732421875000057],[76.87261962900004,11.72064209000007],[76.85101318400007,11.685424805000025],[76.83483886700003,11.647827148000033],[76.85919189500004,11.612792969000054],[76.84082031200006,11.59564209000007],[76.82379150400004,11.606811523000033],[76.76580810500008,11.612792969000054],[76.67242431600005,11.614624023000033],[76.63000488300008,11.612426758000026],[76.61541748000008,11.606994629000042],[76.59179687500006,11.617614746000072],[76.57739257800006,11.61358642600004],[76.55419921900005,11.647033691000047],[76.55139160200008,11.67303466800007],[76.53979492200006,11.688232422000056],[76.51263427700007,11.703796387000068],[76.48999023400006,11.690185547000056],[76.45898437500006,11.663208008000026],[76.43243408200004,11.66522216800007],[76.44439697300004,11.642395020000038],[76.42803955100004,11.632202148000033],[76.38903808600008,11.628417969000054],[76.37902832000003,11.600585937000062],[76.35559082000003,11.588012695000032],[76.33679199200003,11.594421387000068],[76.30340576200007,11.570007324000073],[76.29699707000003,11.588989258000026],[76.28002929700006,11.599609375000057],[76.23498535200008,11.569824219000054],[76.25122070300006,11.525634766000053],[76.24822998000008,11.466613770000038],[76.265625,11.480041504000042],[76.28582763700007,11.481384277000075],[76.32702636700003,11.452819824000073],[76.34320068400007,11.466430664000029],[76.36962890600006,11.45501709000007],[76.46142578100006,11.387634277000075],[76.51879882800006,11.370239258000026],[76.51599121100008,11.358398437000062],[76.54882812500006,11.357604980000076],[76.55102539100005,11.329589844000054],[76.53839111300005,11.31280517600004],[76.54321289100005,11.29541015600006],[76.52783203100006,11.287231445000032],[76.52258300800008,11.269409180000025],[76.48803710900006,11.25701904300007],[76.45404052700007,11.23803710900006],[76.45001220700004,11.204223633000026],[76.5,11.210021973000039],[76.53479003900003,11.184387207000043],[76.60180664100005,11.196228027000075],[76.63000488300008,11.192993164000029],[76.67742919900007,11.218994141000053],[76.68499755900007,11.232238770000038],[76.70764160200008,11.23718261700003],[76.73663330100004,11.214233398000033],[76.73120117200006,11.192199707000043],[76.71539306600005,11.18640136700003],[76.69598388700007,11.165405273000033],[76.70520019500003,11.148010254000042],[76.72644043000008,11.135437012000068],[76.74920654300007,11.133422852000024],[76.74438476600005,11.101196289000029],[76.75561523400006,11.076782227000024],[76.74761962900004,11.055419922000056],[76.77020263700007,11.041992187000062],[76.76763916000004,11.02783203100006],[76.71679687500006,11.039184570000032],[76.69018554700006,11.007385254000042],[76.68701171900005,10.987792969000054],[76.66778564500004,10.966796875000057],[76.66003418000008,10.929199219000054],[76.69622802700007,10.908996582000043],[76.73999023400006,10.893615723000039],[76.78259277300003,10.88983154300007],[76.79278564500004,10.880432129000042],[76.83178710900006,10.869201660000044],[76.84960937500006,10.84881591800007],[76.87121582000003,10.807617187000062],[76.89984130900007,10.807617187000062],[76.90838623000008,10.781982422000056],[76.90502929700006,10.761413574000073],[76.86718750000006,10.683410645000038],[76.87878418000008,10.666381836000028],[76.88323974600007,10.637634277000075],[76.86962890600006,10.631835937000062],[76.82000732400007,10.632385254000042],[76.81243896500007,10.618591309000067],[76.82659912100007,10.594787598000039],[76.83880615200007,10.596618652000075],[76.84320068400007,10.534240723000039],[76.83142089800003,10.495788574000073],[76.82904052700007,10.44842529300007],[76.81701660200008,10.42163085900006],[76.83483886700003,10.401428223000039],[76.82440185500008,10.393188477000024],[76.84521484400005,10.37298584000007],[76.84698486300005,10.35540771500007],[76.83099365200007,10.311218262000068],[76.84918212900004,10.285217285000044],[76.87078857400007,10.296386719000054],[76.87402343700006,10.274841309000067],[76.89880371100008,10.259399414000029],[76.91143798800005,10.233642578000058],[76.94018554700006,10.23681640600006],[76.98419189500004,10.220031738000046],[77.00640869100005,10.237609863000046],[77.05163574200003,10.260437012000068],[77.05700683600008,10.285827637000068],[77.09301757800006,10.311584473000039],[77.12121582000003,10.316589355000076],[77.17718505900007,10.357238770000038],[77.23638916000004,10.351440430000025],[77.22900390600006,10.314025879000042],[77.26458740200007,10.262390137000068],[77.26580810500008,10.233642578000058],[77.28198242200006,10.23522949200003],[77.29638671900005,10.217041016000053],[77.28558349600007,10.207397461000028],[77.27319335900006,10.164428711000028],[77.27600097700008,10.129821777000075],[77.26678466800007,10.120788574000073],[77.24542236300005,10.130187988000046],[77.20220947300004,10.105834961000028],[77.20520019500003,10.087036133000026],[77.25201416000004,10.044189453000058],[77.26501464800003,10.02783203100006],[77.25579834000007,10.010986328000058],[77.27398681600005,9.96282959000007],[77.23742675800008,9.934387207000043],[77.23101806600005,9.911193848000039],[77.21942138700007,9.903442383000026],[77.21820068400007,9.867614746000072],[77.23840332000003,9.850585937000062],[77.22802734400005,9.820434570000032],[77.24798584000007,9.796997070000032],[77.22381591800007,9.786987305000025],[77.23022460900006,9.765441895000038],[77.22082519500003,9.740600586000028],[77.20562744100005,9.72241210900006],[77.20782470700004,9.693237305000025],[77.18218994100005,9.657836914000029],[77.16900634800004,9.614196777000075],[77.18719482400007,9.605041504000042],[77.20458984400005,9.61303710900006],[77.23522949200003,9.58038330100004],[77.25463867200006,9.58123779300007],[77.27038574200003,9.571411133000026],[77.30480957000003,9.59741210900006],[77.32543945300006,9.59619140600006],[77.33843994100005,9.574584961000028],[77.36682128900003,9.549621582000043],[77.36663818400007,9.533630371000072],[77.38623046900005,9.517822266000053],[77.41339111300005,9.507995605000076],[77.40020752000004,9.49499511700003],[77.39361572300004,9.458007812000062],[77.36700439500004,9.458618164000029],[77.35083007800006,9.440185547000056],[77.33758544900007,9.410827637000068],[77.34478759800004,9.39959716800007],[77.33843994100005,9.36358642600004],[77.31658935500008,9.333435059000067],[77.30102539100005,9.335388184000067],[77.30059814500004,9.309387207000043],[77.28320312500006,9.297241211000028],[77.28442382800006,9.27142334000007],[77.27642822300004,9.233398437000062],[77.28198242200006,9.215026855000076],[77.26519775400004,9.19702148400006],[77.26879882800006,9.151794434000067],[77.24798584000007,9.122436523000033],[77.21319580100004,9.098388672000056],[77.21002197300004,9.073791504000042],[77.19824218700006,9.044982910000044],[77.16802978500004,9.043395996000072],[77.14801025400004,9.01983642600004],[77.16259765600006,8.993591309000067],[77.17462158200004,8.989807129000042],[77.19799804700006,8.950195312000062],[77.19799804700006,8.934997559000067],[77.22479248000008,8.922790527000075],[77.22222900400004,8.902587891000053],[77.23858642600004,8.884216309000067],[77.25781250000006,8.876586914000029],[77.26501464800003,8.840393066000047],[77.23040771500007,8.78240966800007],[77.20123291000004,8.761230469000054],[77.17822265600006,8.723388672000056],[77.19598388700007,8.70623779300007],[77.20782470700004,8.682983398000033],[77.20202636700003,8.667419434000067],[77.21520996100008,8.647583008000026],[77.25262451200007,8.618835449000073],[77.25799560500008,8.589416504000042],[77.26800537100007,8.582397461000028],[77.27703857400007,8.538024902000075],[77.26318359400005,8.505004883000026],[77.23980712900004,8.494384766000053],[77.21459960900006,8.510437012000068],[77.21398925800008,8.468811035000044],[77.22802734400005,8.445190430000025],[77.20703125000006,8.442382812000062],[77.19799804700006,8.418029785000044],[77.18359375000006,8.40319824200003],[77.16082763700007,8.36639404300007],[77.17620849600007,8.348388672000056],[77.16961669900007,8.330993652000075],[77.14239502000004,8.327392578000058],[77.11981201200007,8.315002441000047],[77.09759521500007,8.292602539000029],[77.15020752000004,8.25421142600004],[77.18463134800004,8.218200684000067],[77.22399902300003,8.194824219000054],[77.23480224600007,8.17962646500007],[77.27563476600005,8.162231445000032],[77.31658935500008,8.11962890600006],[77.33502197300004,8.125],[77.42443847700008,8.098388672000056],[77.5,8.083801270000038],[77.55242919900007,8.076599121000072],[77.56042480500008,8.118591309000067],[77.58001709000007,8.136230469000054],[77.61859130900007,8.150390625000057],[77.67523193400007,8.158386230000076],[77.74359130900007,8.174438477000024],[77.78381347700008,8.201782227000024],[77.78698730500008,8.223205566000047],[77.80303955100004,8.23803710900006],[77.88061523400006,8.26678466800007],[77.90600585900006,8.286437988000046],[77.95422363300008,8.31280517600004],[77.97283935500008,8.331604004000042],[78.01580810500008,8.353393555000025],[78.06604003900003,8.370239258000026],[78.05798339800003,8.37780761700003],[78.06359863300008,8.413391113000046],[78.09838867200006,8.45983886700003],[78.13159179700006,8.49499511700003],[78.12481689500004,8.53240966800007],[78.13903808600008,8.584411621000072],[78.12823486300005,8.61444091800007],[78.12982177700007,8.666381836000028],[78.13739013700007,8.692626953000058],[78.15582275400004,8.71179199200003],[78.16119384800004,8.73522949200003],[78.18383789100005,8.74920654300007],[78.21722412100007,8.741027832000043],[78.22644043000008,8.751831055000025],[78.16284179700006,8.776184082000043],[78.15924072300004,8.795593262000068],[78.16918945300006,8.824401855000076],[78.16699218700006,8.864196777000075],[78.19018554700006,8.927429199000073],[78.21618652300003,8.96459960900006],[78.27319335900006,9.00280761700003],[78.34759521500007,9.059204102000024],[78.37658691400003,9.08624267600004],[78.40979003900003,9.109985352000024],[78.46862793000008,9.126586914000029],[78.53399658200004,9.135986328000058],[78.58081054700006,9.12939453100006],[78.60260009800004,9.144409180000025],[78.65222168000008,9.158813477000024],[78.64520263700007,9.17803955100004],[78.66638183600008,9.192382812000062],[78.71099853500004,9.18939209000007],[78.72882080100004,9.207824707000043],[78.75518798800005,9.213623047000056],[78.80780029300007,9.234985352000024],[78.86218261700003,9.253417969000054],[78.91003418000008,9.25],[78.92718505900007,9.265625],[78.98120117200006,9.273010254000042],[79.06378173800005,9.259826660000044],[79.09002685500008,9.259582520000038],[79.14739990200007,9.275634766000053],[79.18963623000008,9.28100585900006],[79.23040771500007,9.258239746000072],[79.26019287100007,9.257385254000042],[79.29321289100005,9.248413086000028],[79.34020996100008,9.224792480000076],[79.37438964800003,9.217041016000053],[79.32519531200006,9.26220703100006],[79.31622314500004,9.281616211000028],[79.33642578100006,9.310607910000044],[79.31201171900005,9.326416016000053],[79.29199218700006,9.318420410000044],[79.27178955100004,9.294006348000039],[79.22021484400005,9.290039062000062],[79.21301269500003,9.282592773000033],[79.15899658200004,9.283203125000057],[79.06481933600008,9.297790527000075],[79.01501464800003,9.330810547000056],[78.97918701200007,9.36303710900006],[78.93481445300006,9.410400391000053],[78.90399169900007,9.462036133000026],[78.89959716800007,9.48803710900006],[78.91101074200003,9.497009277000075],[78.92559814500004,9.527221680000025],[78.92419433600008,9.560607910000044],[78.93041992200006,9.582824707000043],[78.95703125000006,9.62280273400006],[78.97521972700008,9.676391602000024],[78.99401855500008,9.70819091800007],[79.03320312500006,9.75579834000007],[79.05639648400006,9.770202637000068],[79.08679199200003,9.818420410000044],[79.12060546900005,9.851440430000025],[79.11999511700003,9.884826660000044],[79.14819335900006,9.910034180000025],[79.15478515600006,9.92822265600006],[79.19958496100008,9.971801758000026],[79.24560546900005,10.025817871000072],[79.26739502000004,10.037841797000056],[79.25463867200006,10.059631348000039],[79.23434109200008,10.077446831000032]]]},"properties":{"OBJECTID":308,"object_id":14,"name":"TN PUDU and KKL","state_code":"TAMIL NADU","region_cod":"SOUTH PENINSULA","subdivisio":"TN PUDU and KKL","uorder":31},"id": 32}
]}